arm,domain,condition,requested_D_s,baseline_rho,rho,lambda_per_s,arrivals,source_json,source_pointer,raw_records,reference_budget_s,D_over_Ta_median,D_over_Tb_median,D_observed_n,D_p50_s,D_p50_ci95_lo_s,D_p50_ci95_hi_s,D_p95_s,D_p95_ci95_lo_s,D_p95_ci95_hi_s,Ta_observed_n,Ta_p50_s,Ta_p50_ci95_lo_s,Ta_p50_ci95_hi_s,Ta_p95_s,Ta_p95_ci95_lo_s,Ta_p95_ci95_hi_s,Tb_observed_n,Tb_p50_s,Tb_p50_ci95_lo_s,Tb_p50_ci95_hi_s,Tb_p95_s,Tb_p95_ci95_lo_s,Tb_p95_ci95_hi_s,Ta_budget_0.5s_numerator,Ta_budget_0.5s_denominator,Ta_budget_0.5s_value,Ta_budget_0.5s_ci95_lo,Ta_budget_0.5s_ci95_hi,Tb_budget_0.5s_numerator,Tb_budget_0.5s_denominator,Tb_budget_0.5s_value,Tb_budget_0.5s_ci95_lo,Tb_budget_0.5s_ci95_hi,Ta_budget_1.0s_numerator,Ta_budget_1.0s_denominator,Ta_budget_1.0s_value,Ta_budget_1.0s_ci95_lo,Ta_budget_1.0s_ci95_hi,Tb_budget_1.0s_numerator,Tb_budget_1.0s_denominator,Tb_budget_1.0s_value,Tb_budget_1.0s_ci95_lo,Tb_budget_1.0s_ci95_hi,Ta_budget_2.0s_numerator,Ta_budget_2.0s_denominator,Ta_budget_2.0s_value,Ta_budget_2.0s_ci95_lo,Ta_budget_2.0s_ci95_hi,Tb_budget_2.0s_numerator,Tb_budget_2.0s_denominator,Tb_budget_2.0s_value,Tb_budget_2.0s_ci95_lo,Tb_budget_2.0s_ci95_hi,Ta_budget_5.0s_numerator,Ta_budget_5.0s_denominator,Ta_budget_5.0s_value,Ta_budget_5.0s_ci95_lo,Ta_budget_5.0s_ci95_hi,Tb_budget_5.0s_numerator,Tb_budget_5.0s_denominator,Tb_budget_5.0s_value,Tb_budget_5.0s_ci95_lo,Tb_budget_5.0s_ci95_hi,Ta_budget_10.0s_numerator,Ta_budget_10.0s_denominator,Ta_budget_10.0s_value,Ta_budget_10.0s_ci95_lo,Ta_budget_10.0s_ci95_hi,Tb_budget_10.0s_numerator,Tb_budget_10.0s_denominator,Tb_budget_10.0s_value,Tb_budget_10.0s_ci95_lo,Tb_budget_10.0s_ci95_hi,study,task,method,platform,collection_phase,raw_records_sha256
sparse,edge,controlled,0.0,,,,300,sparse-results.json,/domains/0/cells/0,/shared/homes/u171321/projects/jev/runs/e2-readiness-20261002/results-108281.hpc-head01/guest/sparse/edge/records.jsonl,2.0,0.012019701441685718,4.4053782740304925e-05,300,6.282550020841882e-05,6.221300009201514e-05,6.33789999255896e-05,6.857150015093794e-05,6.769790029466094e-05,6.995444987296652e-05,300,0.005136800499940364,0.005013660362459404,0.005256442000245443,0.00597793355000249,0.0057553032504529264,0.006084785299913167,300,1.379133768999509,1.2883181260003767,1.5917937927874268,2.7770811578499663,2.3794134769996163,2.9219986629998402,300,300,1.0,1.0,1.0,0,300,0.0,0.0,0.0,300,300,1.0,1.0,1.0,38,300,0.12666666666666668,0.06333333333333334,0.2,300,300,1.0,1.0,1.0,255,300,0.85,0.7833333333333333,0.9,300,300,1.0,1.0,1.0,300,300,1.0,1.0,1.0,300,300,1.0,1.0,1.0,300,300,1.0,1.0,1.0,,,,,,
sparse,edge,controlled,0.1,,,,300,sparse-results.json,/domains/0/cells/1,/shared/homes/u171321/projects/jev/runs/e2-readiness-20261002/results-108281.hpc-head01/guest/sparse/edge/records.jsonl,2.0,0.9491406648521097,0.062499765339873184,300,0.10009105499966608,0.10009035100000574,0.10009154099998341,0.10010406164965388,0.10009983754985115,0.10011579654994876,300,0.10544850350015622,0.10537987400016391,0.10554361899994547,0.10622456640021483,0.10600986889994601,0.10727933629964356,300,1.6015985824997188,1.3426201390002461,1.8541909680004665,2.7394138572002706,2.4812611390007078,2.8699385958999306,300,300,1.0,1.0,1.0,0,300,0.0,0.0,0.0,300,300,1.0,1.0,1.0,38,300,0.12666666666666668,0.06,0.20333333333333334,300,300,1.0,1.0,1.0,228,300,0.76,0.6633333333333333,0.8433333333333334,300,300,1.0,1.0,1.0,300,300,1.0,1.0,1.0,300,300,1.0,1.0,1.0,300,300,1.0,1.0,1.0,,,,,,
sparse,edge,controlled,0.5,,,,300,sparse-results.json,/domains/0/cells/2,/shared/homes/u171321/projects/jev/runs/e2-readiness-20261002/results-108281.hpc-head01/guest/sparse/edge/records.jsonl,2.0,0.989280608144081,0.22846042362896576,300,0.5000918924997677,0.5000905998252279,0.5000924469998154,0.5001291491497568,0.5001061331000074,0.5001546670000607,300,0.5055088934996093,0.5054183100000955,0.5056153925000899,0.5064361543497853,0.5061661436999657,0.5077193841005283,300,2.188921718500069,2.111172797999643,2.287030730499282,3.0006610880000157,2.9306576260005386,3.2618766600007802,0,300,0.0,0.0,0.0,0,300,0.0,0.0,0.0,300,300,1.0,1.0,1.0,0,300,0.0,0.0,0.0,300,300,1.0,1.0,1.0,89,300,0.2966666666666667,0.17333333333333334,0.43,300,300,1.0,1.0,1.0,300,300,1.0,1.0,1.0,300,300,1.0,1.0,1.0,300,300,1.0,1.0,1.0,,,,,,
sparse,edge,controlled,2.0,,,,300,sparse-results.json,/domains/0/cells/3,/shared/homes/u171321/projects/jev/runs/e2-readiness-20261002/results-108281.hpc-head01/guest/sparse/edge/records.jsonl,2.0,0.9972379298077123,0.5892602225668937,300,2.000096229500002,2.0000952009997945,2.0000973530004558,2.000117171549573,2.0001060120002876,2.000158023800316,300,2.005641116499987,2.005560578999848,2.0057107845749442,2.0067057531999124,2.0063518941502023,2.0075393799497987,300,3.394242002000283,3.259713159501189,3.5521006604997183,4.75791306734941,4.5400399610498425,4.906208109549982,0,300,0.0,0.0,0.0,0,300,0.0,0.0,0.0,0,300,0.0,0.0,0.0,0,300,0.0,0.0,0.0,0,300,0.0,0.0,0.0,0,300,0.0,0.0,0.0,300,300,1.0,1.0,1.0,297,300,0.99,0.9733333333333334,1.0,300,300,1.0,1.0,1.0,300,300,1.0,1.0,1.0,,,,,,
sparse,transport,controlled,0.0,,,,300,sparse-results.json,/domains/1/cells/0,/shared/homes/u171321/projects/jev/runs/e2-readiness-20261002/results-108281.hpc-head01/guest/sparse/transport/records.jsonl,10.0,0.0012716286578477575,9.971118912237452e-05,300,5.5540500397910364e-05,5.546500142372679e-05,5.5597012510588685e-05,6.85262976730883e-05,6.025650036463049e-05,7.352900138357654e-05,300,0.0443284635002783,0.043565332000071066,0.04477373099871329,0.05104291724974246,0.049671996599863634,0.05209460375226627,300,0.5606600010014517,0.5552303355007098,0.5652320259996486,0.5860408252969137,0.5804908383996008,0.588666588999331,300,300,1.0,1.0,1.0,0,300,0.0,0.0,0.0,300,300,1.0,1.0,1.0,300,300,1.0,1.0,1.0,300,300,1.0,1.0,1.0,300,300,1.0,1.0,1.0,300,300,1.0,1.0,1.0,300,300,1.0,1.0,1.0,300,300,1.0,1.0,1.0,300,300,1.0,1.0,1.0,,,,,,
sparse,transport,controlled,0.1,,,,300,sparse-results.json,/domains/1/cells/1,/shared/homes/u171321/projects/jev/runs/e2-readiness-20261002/results-108281.hpc-head01/guest/sparse/transport/records.jsonl,10.0,0.6927529012150706,0.15178378611559645,300,0.10009399850059708,0.10009325099963462,0.10009463299866184,0.10013014944906899,0.10012202094867462,0.10013779619985144,300,0.1444839530004174,0.1438954899986129,0.1449990129985963,0.15109365795115082,0.14999838694948267,0.15248701520022223,300,0.659452854999472,0.6543630745620476,0.6674148349993629,0.687462393750684,0.6826701230000254,0.6907472960010637,300,300,1.0,1.0,1.0,0,300,0.0,0.0,0.0,300,300,1.0,1.0,1.0,300,300,1.0,1.0,1.0,300,300,1.0,1.0,1.0,300,300,1.0,1.0,1.0,300,300,1.0,1.0,1.0,300,300,1.0,1.0,1.0,300,300,1.0,1.0,1.0,300,300,1.0,1.0,1.0,,,,,,
sparse,transport,controlled,0.5,,,,300,sparse-results.json,/domains/1/cells/2,/shared/homes/u171321/projects/jev/runs/e2-readiness-20261002/results-108281.hpc-head01/guest/sparse/transport/records.jsonl,10.0,0.9187637195753329,0.4716610464970864,300,0.5000938260000112,0.500093484001809,0.5000942970000324,0.5001379281002301,0.500128191949716,0.5001494133012784,300,0.5443143805005093,0.5438080645008085,0.544757053848889,0.5509822540001551,0.5502502880008251,0.5520323591495071,300,1.0602825810019567,1.0538529214991286,1.067701645498346,1.0863333293506003,1.0809411290010758,1.0904381690015725,0,300,0.0,0.0,0.0,0,300,0.0,0.0,0.0,300,300,1.0,1.0,1.0,0,300,0.0,0.0,0.0,300,300,1.0,1.0,1.0,300,300,1.0,1.0,1.0,300,300,1.0,1.0,1.0,300,300,1.0,1.0,1.0,300,300,1.0,1.0,1.0,300,300,1.0,1.0,1.0,,,,,,
sparse,transport,controlled,2.0,,,,300,sparse-results.json,/domains/1/cells/3,/shared/homes/u171321/projects/jev/runs/e2-readiness-20261002/results-108281.hpc-head01/guest/sparse/transport/records.jsonl,10.0,0.9780332665967805,0.7809597588536165,300,2.000093652499345,2.0000932599978114,2.0000943659997574,2.000159544151302,2.0001333276485638,2.000171292998857,300,2.045037891000902,2.04452529700211,2.0454948390006393,2.051162237001063,2.0502917578307667,2.0522647708507065,300,2.5610755159987093,2.556079821902381,2.566181747999508,2.586941497450243,2.58057401085116,2.5920958970018546,0,300,0.0,0.0,0.0,0,300,0.0,0.0,0.0,0,300,0.0,0.0,0.0,0,300,0.0,0.0,0.0,0,300,0.0,0.0,0.0,0,300,0.0,0.0,0.0,300,300,1.0,1.0,1.0,300,300,1.0,1.0,1.0,300,300,1.0,1.0,1.0,300,300,1.0,1.0,1.0,,,,,,
load,edge,controlled-0.0,0.0,0.5,0.0002060285819194173,4.991658996568388,1016,load-results.json,/cells/0/domains/edge,/shared/homes/u171321/projects/jev/runs/e2-readiness-20261002/load-108309.hpc-head01/r0-controlled-0.0.jsonl,2.0,0.006170951821240921,2.301977800543983e-05,1016,3.222445957362652e-05,3.146287053823471e-05,3.283972037024796e-05,6.145646329969168e-05,5.945116281509398e-05,6.251037120819092e-05,1016,0.005173705697416153,0.005150580814370187,0.00520345583481685,0.006019041273248149,0.005966179717187855,0.006155194873131217,1016,1.382381370434814,1.326745770043999,1.4511471090072519,2.733872653403523,2.592453948436014,2.7939529454088188,1016,1016,1.0,1.0,1.0,0,1016,0.0,0.0,0.0,1016,1016,1.0,1.0,1.0,137,1016,0.13484251968503938,0.11721577099648933,0.15368857638946443,1016,1016,1.0,1.0,1.0,866,1016,0.8523622047244095,0.8362825389432282,0.8696911911558999,1016,1016,1.0,1.0,1.0,1016,1016,1.0,1.0,1.0,1016,1016,1.0,1.0,1.0,1016,1016,1.0,1.0,1.0,,,,,,558983e519d59a50cc6f51923dd7dee302145277331f7779a0b37dfd87c889fb
load,transport,controlled-0.0,0.0,0.5,0.0002060285819194173,4.991658996568388,1016,load-results.json,/cells/0/domains/transport,/shared/homes/u171321/projects/jev/runs/e2-readiness-20261002/load-108309.hpc-head01/r0-controlled-0.0.jsonl,10.0,0.0007140816972068608,5.72815551864689e-05,1016,3.222445957362652e-05,3.146287053823471e-05,3.283972037024796e-05,6.145646329969168e-05,5.945116281509398e-05,6.251037120819092e-05,1016,0.04449133806519967,0.04437349298495974,0.04458426113706082,0.05134125011318247,0.0506860928479,0.05211454576783581,1016,0.5608976775329211,0.5595968207999249,0.5618769610837262,0.5876678270906268,0.5856222909518692,0.5885614877355693,1016,1016,1.0,1.0,1.0,0,1016,0.0,0.0,0.0,1016,1016,1.0,1.0,1.0,1016,1016,1.0,1.0,1.0,1016,1016,1.0,1.0,1.0,1016,1016,1.0,1.0,1.0,1016,1016,1.0,1.0,1.0,1016,1016,1.0,1.0,1.0,1016,1016,1.0,1.0,1.0,1016,1016,1.0,1.0,1.0,,,,,,558983e519d59a50cc6f51923dd7dee302145277331f7779a0b37dfd87c889fb
load,edge,controlled-0.1,0.1,0.5,0.5024798794131567,4.991658996568388,1016,load-results.json,/cells/1/domains/edge,/shared/homes/u171321/projects/jev/runs/e2-readiness-20261002/load-108309.hpc-head01/r0-controlled-0.1.jsonl,2.0,0.8791679404306643,0.0647329115299452,1016,0.10061829816550016,0.1005770517513156,0.10066011571325362,0.10127528954762965,0.10112681873142719,0.1014418723201379,1016,0.11469623619382219,0.10701487648356078,0.1279274749358592,0.30684750974137387,0.2835514371909085,0.3406206848797409,1016,1.5551760850048595,1.4943266851773842,1.5959512017479938,2.867302034648901,2.6941995930540723,2.958844123786639,1015,1016,0.9990157480314961,0.9970059880239521,1.0,0,1016,0.0,0.0,0.0,1016,1016,1.0,1.0,1.0,21,1016,0.02066929133858268,0.013901439089692103,0.028028028028028028,1016,1016,1.0,1.0,1.0,730,1016,0.718503937007874,0.6901111998763013,0.7497507725086904,1016,1016,1.0,1.0,1.0,1016,1016,1.0,1.0,1.0,1016,1016,1.0,1.0,1.0,1016,1016,1.0,1.0,1.0,,,,,,f7cadd5807981cc48efe7ee95fb7a1415a5e34855814ada9b103a132e632a6ec
load,transport,controlled-0.1,0.1,0.5,0.5024798794131567,4.991658996568388,1016,load-results.json,/cells/1/domains/transport,/shared/homes/u171321/projects/jev/runs/e2-readiness-20261002/load-108309.hpc-head01/r0-controlled-0.1.jsonl,10.0,0.6528318430495726,0.1472838733799961,1016,0.10061829816550016,0.1005770517513156,0.10066011571325362,0.10127528954762965,0.10112681873142719,0.1014418723201379,1016,0.15423231611930532,0.1510101481762831,0.16832030483419658,0.34753501478144244,0.32296600821673555,0.3767825574883226,1016,0.6833618610644407,0.6785551441025746,0.6897300490863927,0.8687679089143785,0.8468652385081441,0.889469180728156,1011,1016,0.9950787401574803,0.9891944990176817,1.0,0,1016,0.0,0.0,0.0,1016,1016,1.0,1.0,1.0,1012,1016,0.9960629921259843,0.9911330049261083,1.0,1016,1016,1.0,1.0,1.0,1016,1016,1.0,1.0,1.0,1016,1016,1.0,1.0,1.0,1016,1016,1.0,1.0,1.0,1016,1016,1.0,1.0,1.0,1016,1016,1.0,1.0,1.0,,,,,,f7cadd5807981cc48efe7ee95fb7a1415a5e34855814ada9b103a132e632a6ec
load,edge,controlled-0.5,0.5,0.5,2.4998673962615707,4.991658996568388,1016,load-results.json,/cells/2/domains/edge,/shared/homes/u171321/projects/jev/runs/e2-readiness-20261002/load-108309.hpc-head01/r0-controlled-0.5.jsonl,2.0,0.002150702631782028,0.0021291524575924505,1016,0.5006671715527773,0.5006277859210968,0.5006937365978956,0.5015953882830217,0.5013836151920259,0.5017022420652211,1016,233.20968478140526,168.21262538305018,295.40992333389477,372.21599758032426,323.7701858473679,383.651780288008,1016,235.2459528259228,169.59614254161457,297.0908636461118,374.05069327758713,325.55688394878365,385.29582984224703,0,1016,0.0,0.0,0.0,0,1016,0.0,0.0,0.0,0,1016,0.0,0.0,0.0,0,1016,0.0,0.0,0.0,0,1016,0.0,0.0,0.0,0,1016,0.0,0.0,0.0,0,1016,0.0,0.0,0.0,0,1016,0.0,0.0,0.0,0,1016,0.0,0.0,0.0,0,1016,0.0,0.0,0.0,,,,,,98ade84734d62ca122212ed4e2f0accddd57d24e6e3a3f583677006eccc4bd43
load,transport,controlled-0.5,0.5,0.5,2.4998673962615707,4.991658996568388,1016,load-results.json,/cells/2/domains/transport,/shared/homes/u171321/projects/jev/runs/e2-readiness-20261002/load-108309.hpc-head01/r0-controlled-0.5.jsonl,10.0,0.0021503574126272513,0.0021456621535575413,1016,0.5006671715527773,0.5006277859210968,0.5006937365978956,0.5015953882830217,0.5013836151920259,0.5017022420652211,1016,233.24604078490574,168.24805075605036,295.4474694028959,372.25549899632506,323.8087653357682,383.6850493020065,1016,233.7494981324062,168.77042607755084,295.9560363238961,372.76742922857375,324.34588734040665,384.18812006000735,0,1016,0.0,0.0,0.0,0,1016,0.0,0.0,0.0,0,1016,0.0,0.0,0.0,0,1016,0.0,0.0,0.0,0,1016,0.0,0.0,0.0,0,1016,0.0,0.0,0.0,0,1016,0.0,0.0,0.0,0,1016,0.0,0.0,0.0,0,1016,0.0,0.0,0.0,0,1016,0.0,0.0,0.0,,,,,,98ade84734d62ca122212ed4e2f0accddd57d24e6e3a3f583677006eccc4bd43
load,edge,controlled-2.0,2.0,0.5,9.987066602249707,4.991658996568388,1016,load-results.json,/cells/3/domains/edge,/shared/homes/u171321/projects/jev/runs/e2-readiness-20261002/load-108309.hpc-head01/r0-controlled-2.0.jsonl,2.0,0.00142354767436578,0.001421455329419088,1016,2.0007090754806995,2.000646455545211,2.0007457518950105,2.001652397098951,2.0014719698682897,2.0018012715969236,1016,1405.4880622878215,1026.4721772021796,1783.0805852241479,2229.53348363843,1944.635007719123,2292.8196421473385,1016,1407.5566819408216,1027.6135671105676,1785.0404731711478,2230.9649534131795,1946.2849038098777,2294.745207849339,0,1016,0.0,0.0,0.0,0,1016,0.0,0.0,0.0,0,1016,0.0,0.0,0.0,0,1016,0.0,0.0,0.0,0,1016,0.0,0.0,0.0,0,1016,0.0,0.0,0.0,0,1016,0.0,0.0,0.0,0,1016,0.0,0.0,0.0,0,1016,0.0,0.0,0.0,0,1016,0.0,0.0,0.0,,,,,,59a916c71cacc36b9565343764be2afcc312a26657d34b7ec3ebd35d0b9f895e
load,transport,controlled-2.0,2.0,0.5,9.987066602249707,4.991658996568388,1016,load-results.json,/cells/3/domains/transport,/shared/homes/u171321/projects/jev/runs/e2-readiness-20261002/load-108309.hpc-head01/r0-controlled-2.0.jsonl,10.0,0.0014235108508457036,0.0014230011299087848,1016,2.0007090754806995,2.000646455545211,2.0007457518950105,2.001652397098951,2.0014719698682897,2.0018012715969236,1016,1405.524418291322,1026.5076886082045,1783.1250423691472,2229.572985054431,1944.6724400184207,2292.861149400338,1016,1406.0278756388225,1027.0169292644928,1783.6448003191472,2230.0849152866795,1945.2014519945212,2293.3802115743383,0,1016,0.0,0.0,0.0,0,1016,0.0,0.0,0.0,0,1016,0.0,0.0,0.0,0,1016,0.0,0.0,0.0,0,1016,0.0,0.0,0.0,0,1016,0.0,0.0,0.0,0,1016,0.0,0.0,0.0,0,1016,0.0,0.0,0.0,0,1016,0.0,0.0,0.0,0,1016,0.0,0.0,0.0,,,,,,59a916c71cacc36b9565343764be2afcc312a26657d34b7ec3ebd35d0b9f895e
load,edge,empirical-00,,0.5,2.022969439208464,4.991658996568388,1016,load-results.json,/cells/4/domains/edge,/shared/homes/u171321/projects/jev/runs/e2-readiness-20261002/load-108309.hpc-head01/r0-empirical-00.jsonl,2.0,0.002538370985956123,0.002519379560511803,1016,0.40376945002935827,0.40334139112383127,0.40420774603262544,0.4232476241886616,0.4219048689119518,0.4240957540459931,1016,158.72333493107703,113.82680990325753,200.5326600056751,253.83043061325043,220.37217051712486,262.0070501989426,1016,160.78292576202716,115.16730434571984,201.9787748552626,255.67485457515897,222.0017531298531,263.64022303097227,0,1016,0.0,0.0,0.0,0,1016,0.0,0.0,0.0,0,1016,0.0,0.0,0.0,0,1016,0.0,0.0,0.0,0,1016,0.0,0.0,0.0,0,1016,0.0,0.0,0.0,0,1016,0.0,0.0,0.0,0,1016,0.0,0.0,0.0,0,1016,0.0,0.0,0.0,0,1016,0.0,0.0,0.0,6G,C1,AnyJev-L0,H100-NVL,c1_selfhosted/anyjev/c57_fresh/test,b85d857d5b5d1081952851c7b00f530fe80dd466d1025e1f8ab7ff45e1e7142b
load,transport,empirical-00,,0.5,2.022969439208464,4.991658996568388,1016,load-results.json,/cells/4/domains/transport,/shared/homes/u171321/projects/jev/runs/e2-readiness-20261002/load-108309.hpc-head01/r0-empirical-00.jsonl,10.0,0.0025377703757761653,0.002529657120968201,1016,0.40376945002935827,0.40334139112383127,0.40420774603262544,0.4232476241886616,0.4219048689119518,0.4240957540459931,1016,158.76280548407794,113.8622352762577,200.570895203673,253.86993202925123,220.413111242726,262.04708266094167,1016,159.26971636107828,114.38461059775818,201.08468414767412,254.38186226149992,220.9477482686458,262.5557281529418,0,1016,0.0,0.0,0.0,0,1016,0.0,0.0,0.0,0,1016,0.0,0.0,0.0,0,1016,0.0,0.0,0.0,0,1016,0.0,0.0,0.0,0,1016,0.0,0.0,0.0,0,1016,0.0,0.0,0.0,0,1016,0.0,0.0,0.0,0,1016,0.0,0.0,0.0,0,1016,0.0,0.0,0.0,6G,C1,AnyJev-L0,H100-NVL,c1_selfhosted/anyjev/c57_fresh/test,b85d857d5b5d1081952851c7b00f530fe80dd466d1025e1f8ab7ff45e1e7142b
load,edge,empirical-01,,0.5,2.7337229118331945,4.991658996568388,1016,load-results.json,/cells/5/domains/edge,/shared/homes/u171321/projects/jev/runs/e2-readiness-20261002/load-108309.hpc-head01/r0-empirical-01.jsonl,2.0,0.002002945772978603,0.0019865163075672393,1016,0.5175046315416694,0.5149492688942701,0.520867126993835,0.794313668855466,0.7580696227960289,0.817006992412498,1016,272.12326155593723,200.3550278065959,347.9927284122109,435.17189265496745,379.9496628816344,448.4312110024439,1016,274.2034466463829,201.54062075909587,349.5454903990317,436.8994993887941,381.7786931038865,450.0912690934447,0,1016,0.0,0.0,0.0,0,1016,0.0,0.0,0.0,0,1016,0.0,0.0,0.0,0,1016,0.0,0.0,0.0,0,1016,0.0,0.0,0.0,0,1016,0.0,0.0,0.0,0,1016,0.0,0.0,0.0,0,1016,0.0,0.0,0.0,0,1016,0.0,0.0,0.0,0,1016,0.0,0.0,0.0,6G,C1,DeepSeek-V4.1-Flash,hosted,c1_hosted,2f3d3f69fd1b2051cbff6aa875fb18a05fed132f527c0b31a2928922252f31d3
load,transport,empirical-01,,0.5,2.7337229118331945,4.991658996568388,1016,load-results.json,/cells/5/domains/transport,/shared/homes/u171321/projects/jev/runs/e2-readiness-20261002/load-108309.hpc-head01/r0-empirical-01.jsonl,10.0,0.002002622289367051,0.001998019060832265,1016,0.5175046315416694,0.5149492688942701,0.520867126993835,0.794313668855466,0.7580696227960289,0.817006992412498,1016,272.1596175594377,200.39045317959608,348.03718555721025,435.21139407096825,379.98610034892823,448.4644800164424,1016,272.66307490693816,200.91282850109656,348.55694350721024,435.72332430321694,380.52078331880347,448.9675507744432,0,1016,0.0,0.0,0.0,0,1016,0.0,0.0,0.0,0,1016,0.0,0.0,0.0,0,1016,0.0,0.0,0.0,0,1016,0.0,0.0,0.0,0,1016,0.0,0.0,0.0,0,1016,0.0,0.0,0.0,0,1016,0.0,0.0,0.0,0,1016,0.0,0.0,0.0,0,1016,0.0,0.0,0.0,6G,C1,DeepSeek-V4.1-Flash,hosted,c1_hosted,2f3d3f69fd1b2051cbff6aa875fb18a05fed132f527c0b31a2928922252f31d3
load,edge,empirical-02,,0.5,6.521471932381448,4.991658996568388,1016,load-results.json,/cells/6/domains/edge,/shared/homes/u171321/projects/jev/runs/e2-readiness-20261002/load-108309.hpc-head01/r0-empirical-02.jsonl,2.0,0.0014461949793332443,0.0014431320401660057,1016,1.1398257354740053,1.120066955452785,1.1472911569289863,2.1637782163452357,1.9897543089464307,2.333423183299601,1016,852.5271458943851,614.4384923399376,1086.4075182881802,1355.9096566351382,1185.0103060110753,1397.0704778440397,1016,854.5957655473851,615.5798822483255,1088.3674062351802,1357.341126409888,1186.6653952068023,1398.8098695879332,0,1016,0.0,0.0,0.0,0,1016,0.0,0.0,0.0,0,1016,0.0,0.0,0.0,0,1016,0.0,0.0,0.0,0,1016,0.0,0.0,0.0,0,1016,0.0,0.0,0.0,0,1016,0.0,0.0,0.0,0,1016,0.0,0.0,0.0,0,1016,0.0,0.0,0.0,0,1016,0.0,0.0,0.0,6G,C1,GLM-5.3-Flash,hosted,c1_hosted,4762cf9262709ede596ad34b1018b3411871ea221b8125c43453c8c36a6c9302
load,transport,empirical-02,,0.5,6.521471932381448,4.991658996568388,1016,load-results.json,/cells/6/domains/transport,/shared/homes/u171321/projects/jev/runs/e2-readiness-20261002/load-108309.hpc-head01/r0-empirical-02.jsonl,10.0,0.001446119451334877,0.0014450452865476335,1016,1.1398257354740053,1.120066955452785,1.1472911569289863,2.1637782163452357,1.9897543089464307,2.333423183299601,1016,852.5635018978855,614.4740037459624,1086.4519754331795,1355.949158051139,1185.0477899200307,1397.111985097039,1016,853.066959245386,614.9832444022506,1086.9717333831795,1356.4610882833877,1185.5766685430638,1397.6310472710393,0,1016,0.0,0.0,0.0,0,1016,0.0,0.0,0.0,0,1016,0.0,0.0,0.0,0,1016,0.0,0.0,0.0,0,1016,0.0,0.0,0.0,0,1016,0.0,0.0,0.0,0,1016,0.0,0.0,0.0,0,1016,0.0,0.0,0.0,0,1016,0.0,0.0,0.0,0,1016,0.0,0.0,0.0,6G,C1,GLM-5.3-Flash,hosted,c1_hosted,4762cf9262709ede596ad34b1018b3411871ea221b8125c43453c8c36a6c9302
load,edge,empirical-03,,0.5,1.4598316515809775,4.991658996568388,1016,load-results.json,/cells/7/domains/edge,/shared/homes/u171321/projects/jev/runs/e2-readiness-20261002/load-108309.hpc-head01/r0-empirical-03.jsonl,2.0,0.00426158003084112,0.004160349750109937,1016,0.2757355805952102,0.2730295374058187,0.2798746111802757,0.3645723666995764,0.3577086741104722,0.37910246606334114,1016,68.37104543827996,47.11385435250122,91.39108467690266,115.003789242126,100.02995613896508,118.35494647326323,1016,70.05210261030152,48.61588828922485,92.92849073665093,116.69632618024423,101.59830114788704,119.70728666293394,0,1016,0.0,0.0,0.0,0,1016,0.0,0.0,0.0,0,1016,0.0,0.0,0.0,0,1016,0.0,0.0,0.0,0,1016,0.0,0.0,0.0,0,1016,0.0,0.0,0.0,0,1016,0.0,0.0,0.0,0,1016,0.0,0.0,0.0,0,1016,0.0,0.0,0.0,0,1016,0.0,0.0,0.0,6G,C1,Jev-1.13.0,hosted,c1_hosted,f077f1256eb683baafb29893aa601e50bfb5a63d9100f890511fcef693f3621a
load,transport,empirical-03,,0.5,1.4598316515809775,4.991658996568388,1016,load-results.json,/cells/7/domains/transport,/shared/homes/u171321/projects/jev/runs/e2-readiness-20261002/load-108309.hpc-head01/r0-empirical-03.jsonl,10.0,0.00425930913731742,0.004228059464696742,1016,0.2757355805952102,0.2730295374058187,0.2798746111802757,0.3645723666995764,0.3577086741104722,0.37910246606334114,1016,68.40911804677944,47.1492797255014,91.42828381189975,115.0432906581268,100.07146194411526,118.39294624126342,1016,68.92168557477999,47.67165504700188,91.93463631401028,115.5552208903755,100.58615745041452,118.89871741426396,0,1016,0.0,0.0,0.0,0,1016,0.0,0.0,0.0,0,1016,0.0,0.0,0.0,0,1016,0.0,0.0,0.0,0,1016,0.0,0.0,0.0,0,1016,0.0,0.0,0.0,0,1016,0.0,0.0,0.0,0,1016,0.0,0.0,0.0,0,1016,0.0,0.0,0.0,0,1016,0.0,0.0,0.0,6G,C1,Jev-1.13.0,hosted,c1_hosted,f077f1256eb683baafb29893aa601e50bfb5a63d9100f890511fcef693f3621a
load,edge,empirical-04,,0.5,2.1480229363548133,4.991658996568388,1016,load-results.json,/cells/8/domains/edge,/shared/homes/u171321/projects/jev/runs/e2-readiness-20261002/load-108309.hpc-head01/r0-empirical-04.jsonl,2.0,0.0024077070426337817,0.0023881153507821704,1016,0.42992855003103614,0.4294896984938532,0.43035987950861454,0.44042535487096757,0.43943544421344993,0.44074893184006214,1016,178.18954067295522,127.95188081322704,225.38894127605636,284.8334682006407,247.37431877376198,293.8422042131165,1016,180.25816032595526,129.30429819116728,226.92366899095396,286.6852523605022,249.096550542349,295.46566624511775,0,1016,0.0,0.0,0.0,0,1016,0.0,0.0,0.0,0,1016,0.0,0.0,0.0,0,1016,0.0,0.0,0.0,0,1016,0.0,0.0,0.0,0,1016,0.0,0.0,0.0,0,1016,0.0,0.0,0.0,0,1016,0.0,0.0,0.0,0,1016,0.0,0.0,0.0,0,1016,0.0,0.0,0.0,6G,C1,Qwen3.5-4B-JSON,H100-NVL,c1_selfhosted/qwen_json/c57_fresh/test,9fa5a1a1344c193d90e0c19f9d82028026d9052f6a322adef20f000d0f2c68a1
load,transport,empirical-04,,0.5,2.1480229363548133,4.991658996568388,1016,load-results.json,/cells/8/domains/transport,/shared/homes/u171321/projects/jev/runs/e2-readiness-20261002/load-108309.hpc-head01/r0-empirical-04.jsonl,10.0,0.0024071770181842067,0.002400478796447939,1016,0.42992855003103614,0.4294896984938532,0.43035987950861454,0.44042535487096757,0.43943544421344993,0.44074893184006214,1016,178.2258966764557,127.98730618622722,225.4264080140565,284.8729696166415,247.41525949936315,293.88223667511556,1016,178.72935402395615,128.5096815077277,225.97777892605518,285.3848998488902,247.94989652528295,294.3908821671157,0,1016,0.0,0.0,0.0,0,1016,0.0,0.0,0.0,0,1016,0.0,0.0,0.0,0,1016,0.0,0.0,0.0,0,1016,0.0,0.0,0.0,0,1016,0.0,0.0,0.0,0,1016,0.0,0.0,0.0,0,1016,0.0,0.0,0.0,0,1016,0.0,0.0,0.0,0,1016,0.0,0.0,0.0,6G,C1,Qwen3.5-4B-JSON,H100-NVL,c1_selfhosted/qwen_json/c57_fresh/test,9fa5a1a1344c193d90e0c19f9d82028026d9052f6a322adef20f000d0f2c68a1
load,edge,empirical-05,,0.5,11.395388614030587,4.991658996568388,1016,load-results.json,/cells/9/domains/edge,/shared/homes/u171321/projects/jev/runs/e2-readiness-20261002/load-108309.hpc-head01/r0-empirical-05.jsonl,2.0,0.0014075671094582432,0.0014065157189409273,1016,2.2232482437975705,2.19198989123106,2.261558204656467,2.9665960582206026,2.9238570369780064,3.0752790016820652,1016,1608.2982495388958,1176.7281268070985,2047.6594743868932,2566.8219002054557,2234.008100819853,2637.3650887192325,1016,1610.3668691918958,1177.8695167154863,2049.619362333893,2568.253369980205,2235.6619110250526,2639.290654421233,0,1016,0.0,0.0,0.0,0,1016,0.0,0.0,0.0,0,1016,0.0,0.0,0.0,0,1016,0.0,0.0,0.0,0,1016,0.0,0.0,0.0,0,1016,0.0,0.0,0.0,0,1016,0.0,0.0,0.0,0,1016,0.0,0.0,0.0,0,1016,0.0,0.0,0.0,0,1016,0.0,0.0,0.0,6G,C1,Qwen3.8-Flash,hosted,c1_hosted_qwen_block3,bf6b0d8c4617f83a595c4e2d03fcf538ff4d37ca5b0bea84a7eee337dcf36c73
load,transport,empirical-05,,0.5,11.395388614030587,4.991658996568388,1016,load-results.json,/cells/9/domains/transport,/shared/homes/u171321/projects/jev/runs/e2-readiness-20261002/load-108309.hpc-head01/r0-empirical-05.jsonl,10.0,0.001407539872586952,0.0014071360816820303,1016,2.2232482437975705,2.19198989123106,2.261558204656467,2.9665960582206026,2.9238570369780064,3.0752790016820652,1016,1608.3346055423963,1176.7636382131232,2047.7039315318925,2566.8614016214565,2234.045533119151,2637.406595972232,1016,1608.8380628898967,1177.2728788694114,2048.2236894818925,2567.373331853705,2234.5745450952513,2637.9256581462323,0,1016,0.0,0.0,0.0,0,1016,0.0,0.0,0.0,0,1016,0.0,0.0,0.0,0,1016,0.0,0.0,0.0,0,1016,0.0,0.0,0.0,0,1016,0.0,0.0,0.0,0,1016,0.0,0.0,0.0,0,1016,0.0,0.0,0.0,0,1016,0.0,0.0,0.0,0,1016,0.0,0.0,0.0,6G,C1,Qwen3.8-Flash,hosted,c1_hosted_qwen_block3,bf6b0d8c4617f83a595c4e2d03fcf538ff4d37ca5b0bea84a7eee337dcf36c73
load,edge,empirical-06,,0.5,2.239168665273162,4.991658996568388,1016,load-results.json,/cells/10/domains/edge,/shared/homes/u171321/projects/jev/runs/e2-readiness-20261002/load-108309.hpc-head01/r0-empirical-06.jsonl,2.0,0.0022998884868420328,0.002281368274640416,1016,0.4322724398225546,0.4319803328253329,0.43257457995787263,0.5251678677741438,0.5224816161289345,0.5303543115325737,1016,192.1519669069919,137.44059788831765,242.95519674306888,307.2227418313287,266.24140736085184,316.8717971702972,1016,194.22058655999194,138.76829195864008,244.5509934349575,309.09243878544396,268.0045302140867,318.531855261298,0,1016,0.0,0.0,0.0,0,1016,0.0,0.0,0.0,0,1016,0.0,0.0,0.0,0,1016,0.0,0.0,0.0,0,1016,0.0,0.0,0.0,0,1016,0.0,0.0,0.0,0,1016,0.0,0.0,0.0,0,1016,0.0,0.0,0.0,0,1016,0.0,0.0,0.0,0,1016,0.0,0.0,0.0,6G,C1,SemIf-Qwen3.5-4B,H100-NVL,c1_selfhosted/semif/c57_fresh/test,61913d95e8e321f093de4dfb2c6c05df269561644fdb0c142cf4a787eaa021ea
load,transport,empirical-06,,0.5,2.239168665273162,4.991658996568388,1016,load-results.json,/cells/10/domains/transport,/shared/homes/u171321/projects/jev/runs/e2-readiness-20261002/load-108309.hpc-head01/r0-empirical-06.jsonl,10.0,0.002299401975018516,0.002292961998555957,1016,0.4322724398225546,0.4319803328253329,0.43257457995787263,0.5251678677741438,0.5224816161289345,0.5303543115325737,1016,192.1883229104924,137.482547823842,242.99266348106903,307.2622432473295,266.282356906353,316.9050661842957,1016,192.69178025799283,137.99959599055495,243.5440343930677,307.77417347957817,266.8169846614528,317.40813694229655,0,1016,0.0,0.0,0.0,0,1016,0.0,0.0,0.0,0,1016,0.0,0.0,0.0,0,1016,0.0,0.0,0.0,0,1016,0.0,0.0,0.0,0,1016,0.0,0.0,0.0,0,1016,0.0,0.0,0.0,0,1016,0.0,0.0,0.0,0,1016,0.0,0.0,0.0,0,1016,0.0,0.0,0.0,6G,C1,SemIf-Qwen3.5-4B,H100-NVL,c1_selfhosted/semif/c57_fresh/test,61913d95e8e321f093de4dfb2c6c05df269561644fdb0c142cf4a787eaa021ea
load,edge,empirical-07,,0.5,2.7122509066229283,4.991658996568388,1016,load-results.json,/cells/11/domains/edge,/shared/homes/u171321/projects/jev/runs/e2-readiness-20261002/load-108309.hpc-head01/r0-empirical-07.jsonl,2.0,0.0017451473452031352,0.001733486223593555,1016,0.37757865455932915,0.3749344671552535,0.380579502787441,1.0603913301602006,0.7480850720778106,1.3850224860943854,1016,236.90056184354012,170.27732243260834,310.1307627675733,400.6673259320687,346.1895791645139,412.0266854217948,1016,238.91213112384912,171.56625827800372,311.47543837590274,402.056064300103,347.92158009705605,413.6359870308479,0,1016,0.0,0.0,0.0,0,1016,0.0,0.0,0.0,0,1016,0.0,0.0,0.0,0,1016,0.0,0.0,0.0,0,1016,0.0,0.0,0.0,0,1016,0.0,0.0,0.0,0,1016,0.0,0.0,0.0,0,1016,0.0,0.0,0.0,0,1016,0.0,0.0,0.0,0,1016,0.0,0.0,0.0,Edge,RQ1a,DeepSeek-V4.1-Flash,hosted,data/source/sok/cross-study/edge/hf/runs/EXP-2026-001/RQ1a/base,d772d84c75a29e09fd572dc2c7421df731ec3ce60987f6c71bd70486de0b45c6
load,transport,empirical-07,,0.5,2.7122509066229283,4.991658996568388,1016,load-results.json,/cells/11/domains/transport,/shared/homes/u171321/projects/jev/runs/e2-readiness-20261002/load-108309.hpc-head01/r0-empirical-07.jsonl,10.0,0.001744858930467622,0.0017408998851359005,1016,0.37757865455932915,0.3749344671552535,0.380579502787441,1.0603913301602006,0.7480850720778106,1.3850224860943854,1016,236.94003239654103,170.31274780560852,310.1689979655712,400.7068273480695,346.23012684364465,412.0667178837939,1016,237.44694327354136,170.835123127109,310.6827869095723,401.2187575803182,346.7651730819874,412.57536337579404,0,1016,0.0,0.0,0.0,0,1016,0.0,0.0,0.0,0,1016,0.0,0.0,0.0,0,1016,0.0,0.0,0.0,0,1016,0.0,0.0,0.0,0,1016,0.0,0.0,0.0,0,1016,0.0,0.0,0.0,0,1016,0.0,0.0,0.0,0,1016,0.0,0.0,0.0,0,1016,0.0,0.0,0.0,Edge,RQ1a,DeepSeek-V4.1-Flash,hosted,data/source/sok/cross-study/edge/hf/runs/EXP-2026-001/RQ1a/base,d772d84c75a29e09fd572dc2c7421df731ec3ce60987f6c71bd70486de0b45c6
load,edge,empirical-08,,0.5,4.947180288379598,4.991658996568388,1016,load-results.json,/cells/12/domains/edge,/shared/homes/u171321/projects/jev/runs/e2-readiness-20261002/load-108309.hpc-head01/r0-empirical-08.jsonl,2.0,0.0013001976062820219,0.001296450971413867,1016,0.6421760274097323,0.6316933422349393,0.6562098120339215,2.7511477742809802,2.6182318781502545,2.816630222941741,1016,616.6198997580457,428.0836379148599,759.6592890549691,968.5035859016953,820.7467014970558,994.9123555382648,1016,618.6885194110457,429.2250278232477,761.6537204487536,969.935055676445,822.3068047390126,996.5724136292656,0,1016,0.0,0.0,0.0,0,1016,0.0,0.0,0.0,0,1016,0.0,0.0,0.0,0,1016,0.0,0.0,0.0,0,1016,0.0,0.0,0.0,0,1016,0.0,0.0,0.0,0,1016,0.0,0.0,0.0,0,1016,0.0,0.0,0.0,0,1016,0.0,0.0,0.0,0,1016,0.0,0.0,0.0,Edge,RQ1a,GLM-5.3-Flash,hosted,data/source/sok/cross-study/edge/hf/runs/EXP-2026-001/RQ1a/base,936f0b9df93eeb77688eb58d808fd76249d9bb5fa6d737832f3c0ff1bff91a46
load,transport,empirical-08,,0.5,4.947180288379598,4.991658996568388,1016,load-results.json,/cells/12/domains/transport,/shared/homes/u171321/projects/jev/runs/e2-readiness-20261002/load-108309.hpc-head01/r0-empirical-08.jsonl,10.0,0.0013001003768035803,0.0012987914356689329,1016,0.6421760274097323,0.6316933422349393,0.6562098120339215,2.7511477742809802,2.6182318781502545,2.816630222941741,1016,616.6562557615462,428.11914932088456,759.7016160399689,968.5430873176961,820.7830656052545,994.9456245522633,1016,617.1597131090466,428.6283899771728,760.2302857159702,969.0550175499448,821.3170269239037,995.4486953102642,0,1016,0.0,0.0,0.0,0,1016,0.0,0.0,0.0,0,1016,0.0,0.0,0.0,0,1016,0.0,0.0,0.0,0,1016,0.0,0.0,0.0,0,1016,0.0,0.0,0.0,0,1016,0.0,0.0,0.0,0,1016,0.0,0.0,0.0,0,1016,0.0,0.0,0.0,0,1016,0.0,0.0,0.0,Edge,RQ1a,GLM-5.3-Flash,hosted,data/source/sok/cross-study/edge/hf/runs/EXP-2026-001/RQ1a/base,936f0b9df93eeb77688eb58d808fd76249d9bb5fa6d737832f3c0ff1bff91a46
load,edge,empirical-09,,0.5,1.4439128980081288,4.991658996568388,1016,load-results.json,/cells/13/domains/edge,/shared/homes/u171321/projects/jev/runs/e2-readiness-20261002/load-108309.hpc-head01/r0-empirical-09.jsonl,2.0,0.004222947181259689,0.00413201844062655,1016,0.27653852640651166,0.2744044321589172,0.27992119104601443,0.38889060250949115,0.37500720035866836,0.4030465528712375,1016,68.05388181029389,47.44787804305088,87.06219374408272,110.8833743153391,96.8693132081446,114.50626398221584,1016,69.74977516137102,48.94704775256719,88.71780447767924,112.40282022258123,98.31510600072593,115.89684248578124,0,1016,0.0,0.0,0.0,0,1016,0.0,0.0,0.0,0,1016,0.0,0.0,0.0,0,1016,0.0,0.0,0.0,0,1016,0.0,0.0,0.0,0,1016,0.0,0.0,0.0,0,1016,0.0,0.0,0.0,0,1016,0.0,0.0,0.0,0,1016,0.0,0.0,0.0,0,1016,0.0,0.0,0.0,Edge,RQ1a,Jev-1.13.0,hosted,data/source/sok/cross-study/edge/hf/runs/EXP-2026-001/RQ1a/base,a959b768a141db67567da688731d8a729e959786447f08b37e1437628f15db47
load,transport,empirical-09,,0.5,1.4439128980081288,4.991658996568388,1016,load-results.json,/cells/13/domains/transport,/shared/homes/u171321/projects/jev/runs/e2-readiness-20261002/load-108309.hpc-head01/r0-empirical-09.jsonl,10.0,0.0042203086102613405,0.004192069930706601,1016,0.27653852640651166,0.2744044321589172,0.27992119104601443,0.38889060250949115,0.37500720035866836,0.4030465528712375,1016,68.09603197129309,47.48330341605106,87.10644129997165,110.9228757313399,96.9111058672166,114.54252751821332,1016,68.60905259479296,48.005678737551534,87.61982654108374,111.43480596358859,97.42458218610417,115.05909601721578,0,1016,0.0,0.0,0.0,0,1016,0.0,0.0,0.0,0,1016,0.0,0.0,0.0,0,1016,0.0,0.0,0.0,0,1016,0.0,0.0,0.0,0,1016,0.0,0.0,0.0,0,1016,0.0,0.0,0.0,0,1016,0.0,0.0,0.0,0,1016,0.0,0.0,0.0,0,1016,0.0,0.0,0.0,Edge,RQ1a,Jev-1.13.0,hosted,data/source/sok/cross-study/edge/hf/runs/EXP-2026-001/RQ1a/base,a959b768a141db67567da688731d8a729e959786447f08b37e1437628f15db47
load,edge,empirical-10,,0.5,0.37914300489709735,4.991658996568388,1016,load-results.json,/cells/14/domains/edge,/shared/homes/u171321/projects/jev/runs/e2-readiness-20261002/load-108309.hpc-head01/r0-empirical-10.jsonl,2.0,0.9105845505348289,0.03996437737294557,1016,0.055639615282416344,0.05559684103354812,0.055691967252641916,0.22180162032600492,0.19290293897502123,0.22365526296198368,1016,0.06212743305047752,0.061641442092877696,0.06757224170813171,0.2880004791933004,0.25566454758714824,0.31944123943114616,1016,1.5215807040704021,1.4774437567266432,1.5585768384353287,2.790361806120927,2.647630138746172,2.9140704147093675,1014,1016,0.9980314960629921,0.9938775510204082,1.0,0,1016,0.0,0.0,0.0,1016,1016,1.0,1.0,1.0,53,1016,0.05216535433070866,0.03887879385562356,0.06737247353224254,1016,1016,1.0,1.0,1.0,780,1016,0.7677165354330708,0.7404874532164477,0.7956777996070727,1016,1016,1.0,1.0,1.0,1016,1016,1.0,1.0,1.0,1016,1016,1.0,1.0,1.0,1016,1016,1.0,1.0,1.0,Edge,RQ1a,Laya@cuda,H100-NVL,data/source/sok/cross-study/edge/hf/runs/EXP-2026-001/_selfhosted/laya/RQ1a/base,d38cf5876945b99f821f48233653313c5d8adf5b3e2c48fe702e63bfb8e7c6ee
load,transport,empirical-10,,0.5,0.37914300489709735,4.991658996568388,1016,load-results.json,/cells/14/domains/transport,/shared/homes/u171321/projects/jev/runs/e2-readiness-20261002/load-108309.hpc-head01/r0-empirical-10.jsonl,10.0,0.5443421168617739,0.0894710826259677,1016,0.055639615282416344,0.05559684103354812,0.055691967252641916,0.22180162032600492,0.19290293897502123,0.22365526296198368,1016,0.10531392157554365,0.10422348909560242,0.10857099717413803,0.3292730504958854,0.2953531317335933,0.3568032016555662,1016,0.6336000350001996,0.6310946236635573,0.6383294503712023,0.8426561163159931,0.8123042879178684,0.8732232562724676,1012,1016,0.9960629921259843,0.9877551020408163,1.0,0,1016,0.0,0.0,0.0,1016,1016,1.0,1.0,1.0,1011,1016,0.9950787401574803,0.9862576685205414,1.0,1016,1016,1.0,1.0,1.0,1016,1016,1.0,1.0,1.0,1016,1016,1.0,1.0,1.0,1016,1016,1.0,1.0,1.0,1016,1016,1.0,1.0,1.0,1016,1016,1.0,1.0,1.0,Edge,RQ1a,Laya@cuda,H100-NVL,data/source/sok/cross-study/edge/hf/runs/EXP-2026-001/_selfhosted/laya/RQ1a/base,d38cf5876945b99f821f48233653313c5d8adf5b3e2c48fe702e63bfb8e7c6ee
load,edge,empirical-11,,0.5,0.0001993220903662882,4.991658996568388,1016,load-results.json,/cells/15/domains/edge,/shared/homes/u171321/projects/jev/runs/e2-readiness-20261002/load-108309.hpc-head01/r0-empirical-11.jsonl,2.0,0.006711735741178691,2.5411369510797846e-05,1016,3.530946560204029e-05,3.478908911347389e-05,3.5679200664162636e-05,6.16398174315691e-05,6.080232560634613e-05,6.301607936620712e-05,1016,0.0051871256752065165,0.005162521969850786,0.005216413315793034,0.006029379093206444,0.00597982914869533,0.006164458054258824,1016,1.3823950904461526,1.3267599028640689,1.4511562662364668,2.733885907520744,2.592464958410419,2.7939625240614987,1016,1016,1.0,1.0,1.0,0,1016,0.0,0.0,0.0,1016,1016,1.0,1.0,1.0,137,1016,0.13484251968503938,0.11721577099648933,0.15368857638946443,1016,1016,1.0,1.0,1.0,866,1016,0.8523622047244095,0.8362825389432282,0.8696911911558999,1016,1016,1.0,1.0,1.0,1016,1016,1.0,1.0,1.0,1016,1016,1.0,1.0,1.0,1016,1016,1.0,1.0,1.0,Edge,RQ1a,Oracle,M4-Max,data/source/sok/cross-study/edge/hf/runs/EXP-2026-001/_reference/RQ1a/base,73d932238fdf380ed3a55b46aadeb8482cb1e1fd23128f7a29fffa175e1a6bda
load,transport,empirical-11,,0.5,0.0001993220903662882,4.991658996568388,1016,load-results.json,/cells/15/domains/transport,/shared/homes/u171321/projects/jev/runs/e2-readiness-20261002/load-108309.hpc-head01/r0-empirical-11.jsonl,10.0,0.0007881370036926441,6.252949598741737e-05,1016,3.530946560204029e-05,3.478908911347389e-05,3.5679200664162636e-05,6.16398174315691e-05,6.080232560634613e-05,6.301607936620712e-05,1016,0.044503114173494396,0.04438313915852632,0.044597914326004684,0.05135495336071472,0.05070016727404436,0.05212825483613415,1016,0.5609112599413493,0.5596099347530981,0.5618902626983981,0.587681383072777,0.5856355951509613,0.5885736603311671,1016,1016,1.0,1.0,1.0,0,1016,0.0,0.0,0.0,1016,1016,1.0,1.0,1.0,1016,1016,1.0,1.0,1.0,1016,1016,1.0,1.0,1.0,1016,1016,1.0,1.0,1.0,1016,1016,1.0,1.0,1.0,1016,1016,1.0,1.0,1.0,1016,1016,1.0,1.0,1.0,1016,1016,1.0,1.0,1.0,Edge,RQ1a,Oracle,M4-Max,data/source/sok/cross-study/edge/hf/runs/EXP-2026-001/_reference/RQ1a/base,73d932238fdf380ed3a55b46aadeb8482cb1e1fd23128f7a29fffa175e1a6bda
load,edge,empirical-12,,0.5,3.980994945336837,4.991658996568388,1016,load-results.json,/cells/16/domains/edge,/shared/homes/u171321/projects/jev/runs/e2-readiness-20261002/load-108309.hpc-head01/r0-empirical-12.jsonl,2.0,0.0017367674719704048,0.0017296690858329936,1016,0.7749991700984538,0.7743749762885273,0.7757809949107468,0.8681773352436721,0.8660454880946782,0.8837298271246254,1016,458.45384821705625,333.5519773098416,589.9065241528915,737.1007812841581,643.7180776289283,758.6840503823878,1016,460.5224678700563,334.6933672182294,591.3428843650322,738.6427824257402,645.3320444426777,760.3441084733886,0,1016,0.0,0.0,0.0,0,1016,0.0,0.0,0.0,0,1016,0.0,0.0,0.0,0,1016,0.0,0.0,0.0,0,1016,0.0,0.0,0.0,0,1016,0.0,0.0,0.0,0,1016,0.0,0.0,0.0,0,1016,0.0,0.0,0.0,0,1016,0.0,0.0,0.0,0,1016,0.0,0.0,0.0,Edge,RQ1a,Qwen3.5-4B-JSON@cuda,H100-NVL,data/source/sok/cross-study/edge/hf/runs/EXP-2026-001/_selfhosted/qwen_json/RQ1a/base,ff691796f9664cb60546d70e1ad674ed3197fc899866e30f937c5464bf7ae10f
load,transport,empirical-12,,0.5,3.980994945336837,4.991658996568388,1016,load-results.json,/cells/16/domains/transport,/shared/homes/u171321/projects/jev/runs/e2-readiness-20261002/load-108309.hpc-head01/r0-empirical-12.jsonl,10.0,0.0017366188069647915,0.0017345833694659063,1016,0.7749991700984538,0.7743749762885273,0.7757809949107468,0.8681773352436721,0.8660454880946782,0.8837298271246254,1016,458.49020422055673,333.5874887158663,589.9488511378913,737.1402827001589,643.7544422453669,758.7173193963863,1016,458.9936615680572,334.0967293721545,590.4775208138926,737.6522129324076,644.2883031806462,759.2203901543871,0,1016,0.0,0.0,0.0,0,1016,0.0,0.0,0.0,0,1016,0.0,0.0,0.0,0,1016,0.0,0.0,0.0,0,1016,0.0,0.0,0.0,0,1016,0.0,0.0,0.0,0,1016,0.0,0.0,0.0,0,1016,0.0,0.0,0.0,0,1016,0.0,0.0,0.0,0,1016,0.0,0.0,0.0,Edge,RQ1a,Qwen3.5-4B-JSON@cuda,H100-NVL,data/source/sok/cross-study/edge/hf/runs/EXP-2026-001/_selfhosted/qwen_json/RQ1a/base,ff691796f9664cb60546d70e1ad674ed3197fc899866e30f937c5464bf7ae10f
load,edge,empirical-13,,0.5,10.479794909360264,4.991658996568388,1016,load-results.json,/cells/17/domains/edge,/shared/homes/u171321/projects/jev/runs/e2-readiness-20261002/load-108309.hpc-head01/r0-empirical-13.jsonl,2.0,0.001362292784621002,0.0013608120875175447,1016,1.7816561495419592,1.763224515132606,1.8317532041110098,3.8246735968859866,3.6234495846531343,4.682855878956616,1016,1497.0845658515125,1077.1777970525736,1876.6545188241303,2348.325865524823,2054.8691149013907,2419.900172428983,1016,1499.1531855045125,1078.3191869609614,1878.6144067711302,2349.7573352995723,2056.5229251065903,2421.825738130983,0,1016,0.0,0.0,0.0,0,1016,0.0,0.0,0.0,0,1016,0.0,0.0,0.0,0,1016,0.0,0.0,0.0,0,1016,0.0,0.0,0.0,0,1016,0.0,0.0,0.0,0,1016,0.0,0.0,0.0,0,1016,0.0,0.0,0.0,0,1016,0.0,0.0,0.0,0,1016,0.0,0.0,0.0,Edge,RQ1a,Qwen3.8-Flash,hosted,data/source/sok/cross-study/edge/hf/runs/EXP-2026-001/RQ1a/base,76b5644b1d60add292c8f3003f251a6cfb09ae108380c15c78a305e396b06099
load,transport,empirical-13,,0.5,10.479794909360264,4.991658996568388,1016,load-results.json,/cells/17/domains/transport,/shared/homes/u171321/projects/jev/runs/e2-readiness-20261002/load-108309.hpc-head01/r0-empirical-13.jsonl,10.0,0.0013622473537415333,0.0013616626149698498,1016,1.7816561495419592,1.763224515132606,1.8317532041110098,3.8246735968859866,3.6234495846531343,4.682855878956616,1016,1497.120921855013,1077.2133084585982,1876.6989759691296,2348.3653669408236,2054.9065472006887,2419.9416796819824,1016,1497.6243792025134,1077.7225491148865,1877.2187339191296,2348.8772971730723,2055.435559176789,2420.4607418559826,0,1016,0.0,0.0,0.0,0,1016,0.0,0.0,0.0,0,1016,0.0,0.0,0.0,0,1016,0.0,0.0,0.0,0,1016,0.0,0.0,0.0,0,1016,0.0,0.0,0.0,0,1016,0.0,0.0,0.0,0,1016,0.0,0.0,0.0,0,1016,0.0,0.0,0.0,0,1016,0.0,0.0,0.0,Edge,RQ1a,Qwen3.8-Flash,hosted,data/source/sok/cross-study/edge/hf/runs/EXP-2026-001/RQ1a/base,76b5644b1d60add292c8f3003f251a6cfb09ae108380c15c78a305e396b06099
load,edge,empirical-14,,0.5,0.0005382196414902015,4.991658996568388,1016,load-results.json,/cells/18/domains/edge,/shared/homes/u171321/projects/jev/runs/e2-readiness-20261002/load-108309.hpc-head01/r0-empirical-14.jsonl,2.0,0.018461829766930195,6.968717826864193e-05,1016,9.737932123243809e-05,9.617977775633335e-05,9.841565042734146e-05,0.0001277495175600052,0.00012166518718004227,0.00013560988008975983,1016,0.005255408157267993,0.005225799722211377,0.005272471959870018,0.00609842816948003,0.0060514171645991155,0.006347728770833783,1016,1.3824757834936463,1.3268253217556776,1.451209030782593,2.733946901116724,2.59252241722279,2.794027529079758,1016,1016,1.0,1.0,1.0,0,1016,0.0,0.0,0.0,1016,1016,1.0,1.0,1.0,137,1016,0.13484251968503938,0.11721577099648933,0.15368857638946443,1016,1016,1.0,1.0,1.0,866,1016,0.8523622047244095,0.8362825389432282,0.8696911911558999,1016,1016,1.0,1.0,1.0,1016,1016,1.0,1.0,1.0,1016,1016,1.0,1.0,1.0,1016,1016,1.0,1.0,1.0,Edge,RQ1a,Rule,M4-Max,data/source/sok/cross-study/edge/hf/runs/EXP-2026-001/_reference/RQ1a/base,8a85fde50206f9d73f340ab283f5cfaef4eb80aae5f88954cd1eab14f72049f6
load,transport,empirical-14,,0.5,0.0005382196414902015,4.991658996568388,1016,load-results.json,/cells/18/domains/transport,/shared/homes/u171321/projects/jev/runs/e2-readiness-20261002/load-108309.hpc-head01/r0-empirical-14.jsonl,10.0,0.0021860841549970426,0.00017400835781727713,1016,9.737932123243809e-05,9.617977775633335e-05,9.841565042734146e-05,0.0001277495175600052,0.00012166518718004227,0.00013560988008975983,1016,0.04456733673123381,0.04446703810390318,0.044670200790278614,0.05141900320813875,0.050874937603477964,0.05219853821181459,1016,0.5609831573456177,0.5596781448184629,0.5619583286415946,0.5877521057300328,0.5856977013514552,0.58864325485265,1016,1016,1.0,1.0,1.0,0,1016,0.0,0.0,0.0,1016,1016,1.0,1.0,1.0,1016,1016,1.0,1.0,1.0,1016,1016,1.0,1.0,1.0,1016,1016,1.0,1.0,1.0,1016,1016,1.0,1.0,1.0,1016,1016,1.0,1.0,1.0,1016,1016,1.0,1.0,1.0,1016,1016,1.0,1.0,1.0,Edge,RQ1a,Rule,M4-Max,data/source/sok/cross-study/edge/hf/runs/EXP-2026-001/_reference/RQ1a/base,8a85fde50206f9d73f340ab283f5cfaef4eb80aae5f88954cd1eab14f72049f6
load,edge,empirical-15,,0.5,0.7469307320688718,4.991658996568388,1016,load-results.json,/cells/19/domains/edge,/shared/homes/u171321/projects/jev/runs/e2-readiness-20261002/load-108309.hpc-head01/r0-empirical-15.jsonl,2.0,0.4538163291981412,0.07398655592387911,1016,0.12401933339424431,0.12398506049066782,0.1240833168849349,0.2958257618593052,0.27998196007683873,0.30363600284326814,1016,0.3307682929474254,0.2893761148113754,0.4108110295969709,1.0991325517861696,0.8446555125121258,1.267873521374616,1016,1.864375443490644,1.7514980139239924,2.005676366217358,3.162966475773601,3.021381354139976,3.3223724947602022,716,1016,0.7047244094488189,0.5977326204374984,0.8027079303675049,0,1016,0.0,0.0,0.0,934,1016,0.9192913385826772,0.8438091109784192,0.9772727272727273,5,1016,0.004921259842519685,0.0010614589084445402,0.008919722497522299,1016,1016,1.0,1.0,1.0,575,1016,0.5659448818897638,0.49680933471526745,0.632086014683223,1016,1016,1.0,1.0,1.0,1016,1016,1.0,1.0,1.0,1016,1016,1.0,1.0,1.0,1016,1016,1.0,1.0,1.0,Edge,RQ1a,SemIf-Qwen3.5-4B@cuda,H100-NVL,data/source/sok/cross-study/edge/hf/runs/EXP-2026-001/_selfhosted/semif/RQ1a/base,7bfca91c548e2936ff1783c36716fd5072df7f409078a08f60f9a5c228b46b4c
load,transport,empirical-15,,0.5,0.7469307320688718,4.991658996568388,1016,load-results.json,/cells/19/domains/transport,/shared/homes/u171321/projects/jev/runs/e2-readiness-20261002/load-108309.hpc-head01/r0-empirical-15.jsonl,10.0,0.41002116447899556,0.1555329369698002,1016,0.12401933339424431,0.12398506049066782,0.1240833168849349,0.2958257618593052,0.27998196007683873,0.30363600284326814,1016,0.3701880324724698,0.3294061469423468,0.44657335026520234,1.1357109913769818,0.8831986756897094,1.3132083936870913,1016,0.8896175171321374,0.8472350069023378,0.9640317448302085,1.662479380970126,1.4142790250389226,1.8161678193985944,678,1016,0.6673228346456693,0.5633930468998712,0.7631314705404088,0,1016,0.0,0.0,0.0,921,1016,0.906496062992126,0.8215887354115993,0.9711182249419588,655,1016,0.6446850393700787,0.5415087460970764,0.7408181855738246,1016,1016,1.0,1.0,1.0,1007,1016,0.9911417322834646,0.9771640614380862,1.0,1016,1016,1.0,1.0,1.0,1016,1016,1.0,1.0,1.0,1016,1016,1.0,1.0,1.0,1016,1016,1.0,1.0,1.0,Edge,RQ1a,SemIf-Qwen3.5-4B@cuda,H100-NVL,data/source/sok/cross-study/edge/hf/runs/EXP-2026-001/_selfhosted/semif/RQ1a/base,7bfca91c548e2936ff1783c36716fd5072df7f409078a08f60f9a5c228b46b4c
load,edge,empirical-16,,0.5,0.0006812670891728299,4.991658996568388,1016,load-results.json,/cells/20/domains/edge,/shared/homes/u171321/projects/jev/runs/e2-readiness-20261002/load-108309.hpc-head01/r0-empirical-16.jsonl,2.0,0.024411010094785995,9.104899613071281e-05,1016,0.00013063172809779644,0.0001293690875172615,0.00013225292786955833,0.00015624985098838806,0.00015504597686231137,0.000159568153321743,1016,0.005289759518859682,0.0052629543706643744,0.00531830585168791,0.006134074382202925,0.00608662299646312,0.006349346318411329,1016,1.3825281003064447,1.3268381400139333,1.4512494310902184,2.7339926877284597,2.5925580879070913,2.7940697430385626,1016,1016,1.0,1.0,1.0,0,1016,0.0,0.0,0.0,1016,1016,1.0,1.0,1.0,137,1016,0.13484251968503938,0.11721577099648933,0.15368857638946443,1016,1016,1.0,1.0,1.0,866,1016,0.8523622047244095,0.8362825389432282,0.8696911911558999,1016,1016,1.0,1.0,1.0,1016,1016,1.0,1.0,1.0,1016,1016,1.0,1.0,1.0,1016,1016,1.0,1.0,1.0,SoK,policy,cheapest,as-recorded,baseline,0149cce092e758ce7678a8cafe620648fb2598bdb22461a63af501f472315143
load,transport,empirical-16,,0.5,0.0006812670891728299,4.991658996568388,1016,load-results.json,/cells/20/domains/transport,/shared/homes/u171321/projects/jev/runs/e2-readiness-20261002/load-108309.hpc-head01/r0-empirical-16.jsonl,10.0,0.0028995882376530143,0.0002339732132349224,1016,0.00013063172809779644,0.0001293690875172615,0.00013225292786955833,0.00015624985098838806,0.00015504597686231137,0.000159568153321743,1016,0.044614155881390616,0.0445061070859083,0.044708646717481315,0.05147301852048258,0.05078528806188842,0.052241161865822505,1016,0.561013917766104,0.5597318470415302,0.562006913542973,0.587764584870456,0.5857415620160463,0.5886816412683401,1016,1016,1.0,1.0,1.0,0,1016,0.0,0.0,0.0,1016,1016,1.0,1.0,1.0,1016,1016,1.0,1.0,1.0,1016,1016,1.0,1.0,1.0,1016,1016,1.0,1.0,1.0,1016,1016,1.0,1.0,1.0,1016,1016,1.0,1.0,1.0,1016,1016,1.0,1.0,1.0,1016,1016,1.0,1.0,1.0,SoK,policy,cheapest,as-recorded,baseline,0149cce092e758ce7678a8cafe620648fb2598bdb22461a63af501f472315143
load,edge,empirical-17,,0.5,4.221485302858611,4.991658996568388,1016,load-results.json,/cells/21/domains/edge,/shared/homes/u171321/projects/jev/runs/e2-readiness-20261002/load-108309.hpc-head01/r0-empirical-17.jsonl,2.0,0.0009581858986957143,0.000956319986664133,1016,0.46736546349711716,0.4580366062000394,0.4696359133522492,1.624013916705735,1.3932190374471247,1.6677863080985844,1016,539.2858708690862,383.68195308803115,680.2554222878407,788.0226653688605,710.6636253399012,805.4653309029268,1016,541.3544905220863,384.8675460405311,681.9272062299951,789.7024038502059,712.4521881027963,807.1571174481958,0,1016,0.0,0.0,0.0,0,1016,0.0,0.0,0.0,0,1016,0.0,0.0,0.0,0,1016,0.0,0.0,0.0,0,1016,0.0,0.0,0.0,0,1016,0.0,0.0,0.0,0,1016,0.0,0.0,0.0,0,1016,0.0,0.0,0.0,0,1016,0.0,0.0,0.0,0,1016,0.0,0.0,0.0,SoK,policy,deepseek,as-recorded,continuation,78a4429e1c1c854e14e3eb54d2392982217cca7634547f603678369438d9d108
load,transport,empirical-17,,0.5,4.221485302858611,4.991658996568388,1016,load-results.json,/cells/21/domains/transport,/shared/homes/u171321/projects/jev/runs/e2-readiness-20261002/load-108309.hpc-head01/r0-empirical-17.jsonl,10.0,0.0009581329628636168,0.0009573491250642467,1016,0.46736546349711716,0.4580366062000394,0.4696359133522492,1.624013916705735,1.3932190374471247,1.6677863080985844,1016,539.3222268725867,383.71737846103133,680.2929683568418,788.0621667848613,710.7045748854023,805.5053633649259,1016,539.8256842200872,384.2397537825318,680.801535277842,788.57409701711,711.2392026405021,806.014008856926,0,1016,0.0,0.0,0.0,0,1016,0.0,0.0,0.0,0,1016,0.0,0.0,0.0,0,1016,0.0,0.0,0.0,0,1016,0.0,0.0,0.0,0,1016,0.0,0.0,0.0,0,1016,0.0,0.0,0.0,0,1016,0.0,0.0,0.0,0,1016,0.0,0.0,0.0,0,1016,0.0,0.0,0.0,SoK,policy,deepseek,as-recorded,continuation,78a4429e1c1c854e14e3eb54d2392982217cca7634547f603678369438d9d108
load,edge,empirical-18,,0.5,0.0005383858193859846,4.991658996568388,1016,load-results.json,/cells/22/domains/edge,/shared/homes/u171321/projects/jev/runs/e2-readiness-20261002/load-108309.hpc-head01/r0-empirical-18.jsonl,2.0,0.018688497263752837,7.12203002227994e-05,1016,9.89711843430996e-05,9.773578494787216e-05,0.00010047550313174725,0.00012835732195526361,0.00012554693967103958,0.00013283221051096916,1016,0.0052623250900296625,0.005235610591626028,0.005297403816086898,0.006115295305789914,0.0060591993706992755,0.006335198340560724,1016,1.3824770065530174,1.3268333749019803,1.4512432960027581,2.7339666566804226,2.5925320782975176,2.7940445461063064,1016,1016,1.0,1.0,1.0,0,1016,0.0,0.0,0.0,1016,1016,1.0,1.0,1.0,137,1016,0.13484251968503938,0.11721577099648933,0.15368857638946443,1016,1016,1.0,1.0,1.0,866,1016,0.8523622047244095,0.8362825389432282,0.8696911911558999,1016,1016,1.0,1.0,1.0,1016,1016,1.0,1.0,1.0,1016,1016,1.0,1.0,1.0,1016,1016,1.0,1.0,1.0,SoK,policy,first,as-recorded,baseline,b05a4822eebf2ccac22406e3175ee9d408d898b88fa67dc031a307b4371e3c54
load,transport,empirical-18,,0.5,0.0005383858193859846,4.991658996568388,1016,load-results.json,/cells/22/domains/transport,/shared/homes/u171321/projects/jev/runs/e2-readiness-20261002/load-108309.hpc-head01/r0-empirical-18.jsonl,10.0,0.0022306801938170437,0.0001767505687522304,1016,9.89711843430996e-05,9.773578494787216e-05,0.00010047550313174725,0.00012835732195526361,0.00012554693967103958,0.00013283221051096916,1016,0.04458408339360176,0.04447537681699032,0.04467247182037681,0.05143641393442522,0.0507747113428195,0.05220023489528103,1016,0.5609843061320134,0.5596856969132205,0.5619846030276676,0.587749486152461,0.5857303022283304,0.5886488473297504,1016,1016,1.0,1.0,1.0,0,1016,0.0,0.0,0.0,1016,1016,1.0,1.0,1.0,1016,1016,1.0,1.0,1.0,1016,1016,1.0,1.0,1.0,1016,1016,1.0,1.0,1.0,1016,1016,1.0,1.0,1.0,1016,1016,1.0,1.0,1.0,1016,1016,1.0,1.0,1.0,1016,1016,1.0,1.0,1.0,SoK,policy,first,as-recorded,baseline,b05a4822eebf2ccac22406e3175ee9d408d898b88fa67dc031a307b4371e3c54
load,edge,empirical-19,,0.5,4.74487659164233,4.991658996568388,1016,load-results.json,/cells/23/domains/edge,/shared/homes/u171321/projects/jev/runs/e2-readiness-20261002/load-108309.hpc-head01/r0-empirical-19.jsonl,2.0,0.0016188066598563687,0.0016146243058446919,1016,0.9233846405986696,0.9201882167195435,0.9295775254431646,1.1588208531029522,1.1310651317238807,1.2026368431060108,1016,584.3514055049989,423.5548960155933,741.2713330028819,928.7175578515762,810.3801395996837,955.1944394962031,1016,586.4200251579989,424.69628592398107,743.0760745812313,930.2710722628975,811.9201602228371,956.9021584392056,0,1016,0.0,0.0,0.0,0,1016,0.0,0.0,0.0,0,1016,0.0,0.0,0.0,0,1016,0.0,0.0,0.0,0,1016,0.0,0.0,0.0,0,1016,0.0,0.0,0.0,0,1016,0.0,0.0,0.0,0,1016,0.0,0.0,0.0,0,1016,0.0,0.0,0.0,0,1016,0.0,0.0,0.0,SoK,policy,gemini,as-recorded,continuation,d8dea048b043028e12a9f267549c8b38de284ee35cacbae68f158678ecfe8c81
load,transport,empirical-19,,0.5,4.74487659164233,4.991658996568388,1016,load-results.json,/cells/23/domains/transport,/shared/homes/u171321/projects/jev/runs/e2-readiness-20261002/load-108309.hpc-head01/r0-empirical-19.jsonl,10.0,0.0016186982172606734,0.0016172467352054516,1016,0.9233846405986696,0.9201882167195435,0.9295775254431646,1.1588208531029522,1.1310651317238807,1.2026368431060108,1016,584.3877615084994,423.59040742161795,741.3136599878817,928.757059267577,810.4165042161223,955.2359467492024,1016,584.8912188559998,424.0996480779062,741.842329663883,929.2689894998257,810.9503651514017,955.7550089232027,0,1016,0.0,0.0,0.0,0,1016,0.0,0.0,0.0,0,1016,0.0,0.0,0.0,0,1016,0.0,0.0,0.0,0,1016,0.0,0.0,0.0,0,1016,0.0,0.0,0.0,0,1016,0.0,0.0,0.0,0,1016,0.0,0.0,0.0,0,1016,0.0,0.0,0.0,0,1016,0.0,0.0,0.0,SoK,policy,gemini,as-recorded,continuation,d8dea048b043028e12a9f267549c8b38de284ee35cacbae68f158678ecfe8c81
load,edge,empirical-20,,0.5,5.892824458309303,4.991658996568388,1016,load-results.json,/cells/24/domains/edge,/shared/homes/u171321/projects/jev/runs/e2-readiness-20261002/load-108309.hpc-head01/r0-empirical-20.jsonl,2.0,0.00110559622832181,0.0011029570566054355,1016,0.8116070234682411,0.7951630875468254,0.8160135261714458,1.694888396305032,1.5049400748685002,1.695637443708256,1016,813.308585579415,587.637837819173,979.9032931611182,1204.6439707395639,1085.896671506076,1243.6919244083676,1016,815.377205232415,588.823430771673,981.5026778621705,1206.098181293462,1087.7892887255528,1245.182516303891,0,1016,0.0,0.0,0.0,0,1016,0.0,0.0,0.0,0,1016,0.0,0.0,0.0,0,1016,0.0,0.0,0.0,0,1016,0.0,0.0,0.0,0,1016,0.0,0.0,0.0,0,1016,0.0,0.0,0.0,0,1016,0.0,0.0,0.0,0,1016,0.0,0.0,0.0,0,1016,0.0,0.0,0.0,SoK,policy,glm47,as-recorded,continuation,17001ba30fd8ebf349b20347279bd67245ff2dc0ce2c26cab5c4072ec694e598
load,transport,empirical-20,,0.5,5.892824458309303,4.991658996568388,1016,load-results.json,/cells/24/domains/transport,/shared/homes/u171321/projects/jev/runs/e2-readiness-20261002/load-108309.hpc-head01/r0-empirical-20.jsonl,10.0,0.0011055469632124607,0.0011048413437165507,1016,0.8116070234682411,0.7951630875468254,0.8160135261714458,1.694888396305032,1.5049400748685002,1.695637443708256,1016,813.3449415829155,587.6732631921732,979.945620146118,1204.6834721555647,1085.9330688992516,1243.733431661367,1016,813.8483989304159,588.1956385136737,980.4742898221193,1205.1954023878134,1086.4625269684395,1244.2524938353672,0,1016,0.0,0.0,0.0,0,1016,0.0,0.0,0.0,0,1016,0.0,0.0,0.0,0,1016,0.0,0.0,0.0,0,1016,0.0,0.0,0.0,0,1016,0.0,0.0,0.0,0,1016,0.0,0.0,0.0,0,1016,0.0,0.0,0.0,0,1016,0.0,0.0,0.0,0,1016,0.0,0.0,0.0,SoK,policy,glm47,as-recorded,continuation,17001ba30fd8ebf349b20347279bd67245ff2dc0ce2c26cab5c4072ec694e598
load,edge,empirical-21,,0.5,1.8367608222923284,4.991658996568388,1016,load-results.json,/cells/25/domains/edge,/shared/homes/u171321/projects/jev/runs/e2-readiness-20261002/load-108309.hpc-head01/r0-empirical-21.jsonl,2.0,0.002819928594684,0.002791064186293309,1016,0.35132785281166434,0.3496159529313445,0.3550837952643633,0.4974096101941541,0.4879259559791535,0.499139413703233,1016,128.35542510789583,91.23578746628482,160.20221586391835,205.62067995348661,177.2310200819116,212.2657732831408,1016,130.05481318502785,92.5524026213703,161.66488078629664,207.38931948508923,178.7686195518944,213.5740568489755,0,1016,0.0,0.0,0.0,0,1016,0.0,0.0,0.0,0,1016,0.0,0.0,0.0,0,1016,0.0,0.0,0.0,0,1016,0.0,0.0,0.0,0,1016,0.0,0.0,0.0,0,1016,0.0,0.0,0.0,0,1016,0.0,0.0,0.0,0,1016,0.0,0.0,0.0,0,1016,0.0,0.0,0.0,SoK,policy,jev,as-recorded,continuation,3a4b32c78e685491e956958a27e12bb3218f6fba3320dc5b166ab284b697b0c6
load,transport,empirical-21,,0.5,1.8367608222923284,4.991658996568388,1016,load-results.json,/cells/25/domains/transport,/shared/homes/u171321/projects/jev/runs/e2-readiness-20261002/load-108309.hpc-head01/r0-empirical-21.jsonl,10.0,0.0028191666206246555,0.002809508941171243,1016,0.35132785281166434,0.3496159529313445,0.3550837952643633,0.4974096101941541,0.4879259559791535,0.499139413703233,1016,128.39731904439668,91.271212839285,160.24045106191625,205.66018136948742,177.27205782641286,212.30608093614137,1016,128.91217508239697,91.79358816078548,160.75424000591738,206.1721116017361,177.80659287331255,212.83514240614022,0,1016,0.0,0.0,0.0,0,1016,0.0,0.0,0.0,0,1016,0.0,0.0,0.0,0,1016,0.0,0.0,0.0,0,1016,0.0,0.0,0.0,0,1016,0.0,0.0,0.0,0,1016,0.0,0.0,0.0,0,1016,0.0,0.0,0.0,0,1016,0.0,0.0,0.0,0,1016,0.0,0.0,0.0,SoK,policy,jev,as-recorded,continuation,3a4b32c78e685491e956958a27e12bb3218f6fba3320dc5b166ab284b697b0c6
load,edge,empirical-22,,0.5,1.6863388331728288,4.991658996568388,1016,load-results.json,/cells/26/domains/edge,/shared/homes/u171321/projects/jev/runs/e2-readiness-20261002/load-108309.hpc-head01/r0-empirical-22.jsonl,2.0,0.003132739169718792,0.003088611462459618,1016,0.3299870060291141,0.3228152778465301,0.340895411092788,0.38882151630241424,0.3875754105858505,0.3947989889420569,1016,107.11126818845969,75.59830317518208,134.19508397815116,170.52895431069373,147.45600122622358,175.98017690127654,1016,108.84972178951409,76.91289741189577,135.82201323040633,172.35275210501948,148.77647042005387,177.36658057672776,0,1016,0.0,0.0,0.0,0,1016,0.0,0.0,0.0,0,1016,0.0,0.0,0.0,0,1016,0.0,0.0,0.0,0,1016,0.0,0.0,0.0,0,1016,0.0,0.0,0.0,0,1016,0.0,0.0,0.0,0,1016,0.0,0.0,0.0,0,1016,0.0,0.0,0.0,0,1016,0.0,0.0,0.0,SoK,policy,qwen,as-recorded,continuation,1164090ac4a360bccf5d197a17f4d9c496924380ca0b1a60d40b44733cc142e9
load,transport,empirical-22,,0.5,1.6863388331728288,4.991658996568388,1016,load-results.json,/cells/26/domains/transport,/shared/homes/u171321/projects/jev/runs/e2-readiness-20261002/load-108309.hpc-head01/r0-empirical-22.jsonl,10.0,0.0031314979611269285,0.0031166505709591275,1016,0.3299870060291141,0.3228152778465301,0.340895411092788,0.38882151630241424,0.3875754105858505,0.3947989889420569,1016,107.15701749595974,75.63372854818226,134.23047761915223,170.56845572669454,147.49807213737193,176.022831893275,1016,107.6771842074595,76.15610386968274,134.7304023791512,171.08038595894322,148.0273277708732,176.5463814031973,0,1016,0.0,0.0,0.0,0,1016,0.0,0.0,0.0,0,1016,0.0,0.0,0.0,0,1016,0.0,0.0,0.0,0,1016,0.0,0.0,0.0,0,1016,0.0,0.0,0.0,0,1016,0.0,0.0,0.0,0,1016,0.0,0.0,0.0,0,1016,0.0,0.0,0.0,0,1016,0.0,0.0,0.0,SoK,policy,qwen,as-recorded,continuation,1164090ac4a360bccf5d197a17f4d9c496924380ca0b1a60d40b44733cc142e9
load,edge,empirical-23,,0.5,0.0007453087250939759,4.991658996568388,1016,load-results.json,/cells/27/domains/edge,/shared/homes/u171321/projects/jev/runs/e2-readiness-20261002/load-108309.hpc-head01/r0-empirical-23.jsonl,2.0,0.026805603773535754,0.00010109354301499014,1016,0.00014447001740336418,0.00014304788783192635,0.00014546099118888377,0.0001688144402578473,0.00016570277512073517,0.0001746579073369503,1016,0.005309903975216912,0.005285612100124126,0.005334389242307225,0.006155805783123469,0.00610458875189579,0.006367580813362095,1016,1.3825343878979766,1.326890689890206,1.4512895310463136,2.7340046495191928,2.592577358968265,2.7940898153037415,1016,1016,1.0,1.0,1.0,0,1016,0.0,0.0,0.0,1016,1016,1.0,1.0,1.0,137,1016,0.13484251968503938,0.11721577099648933,0.15368857638946443,1016,1016,1.0,1.0,1.0,866,1016,0.8523622047244095,0.8362825389432282,0.8696911911558999,1016,1016,1.0,1.0,1.0,1016,1016,1.0,1.0,1.0,1016,1016,1.0,1.0,1.0,1016,1016,1.0,1.0,1.0,SoK,policy,rule,as-recorded,baseline,afb46992d5e9b8c0630749c7daddbb527dd242212ba4e734fd5240276ef4379d
load,transport,empirical-23,,0.5,0.0007453087250939759,4.991658996568388,1016,load-results.json,/cells/27/domains/transport,/shared/homes/u171321/projects/jev/runs/e2-readiness-20261002/load-108309.hpc-head01/r0-empirical-23.jsonl,10.0,0.003174407376631627,0.00025649228672782864,1016,0.00014447001740336418,0.00014304788783192635,0.00014546099118888377,0.0001688144402578473,0.00016570277512073517,0.0001746579073369503,1016,0.044622423297369096,0.04452100976050133,0.04471466678660363,0.05147896035850863,0.05082764721038984,0.05226082487934036,1016,0.5610269972603419,0.5597378509773989,0.5620256538641115,0.5878063170857786,0.5857666689749749,0.5887065613097002,1016,1016,1.0,1.0,1.0,0,1016,0.0,0.0,0.0,1016,1016,1.0,1.0,1.0,1016,1016,1.0,1.0,1.0,1016,1016,1.0,1.0,1.0,1016,1016,1.0,1.0,1.0,1016,1016,1.0,1.0,1.0,1016,1016,1.0,1.0,1.0,1016,1016,1.0,1.0,1.0,1016,1016,1.0,1.0,1.0,SoK,policy,rule,as-recorded,baseline,afb46992d5e9b8c0630749c7daddbb527dd242212ba4e734fd5240276ef4379d
load,edge,controlled-0.0,0.0,0.8,0.00033362079368125464,7.98665439450942,1576,load-results.json,/cells/28/domains/edge,/shared/homes/u171321/projects/jev/runs/e2-readiness-20261002/load-108309.hpc-head01/r1-controlled-0.0.jsonl,2.0,0.005697698296812356,2.1697478309399275e-05,1576,2.8967391699552536e-05,2.8440728783607483e-05,2.9740389436483383e-05,5.992839578539133e-05,5.813082680106163e-05,6.325589492917061e-05,1576,0.005161602098496587,0.005143183959262387,0.0051805491784762125,0.005992516950527715,0.005958568657020464,0.006021711120729378,1576,1.38237443091748,1.3238314546324546,1.4439945697613439,2.798468940181806,2.7338669353157456,2.86614051432507,1576,1576,1.0,1.0,1.0,0,1576,0.0,0.0,0.0,1576,1576,1.0,1.0,1.0,203,1576,0.12880710659898478,0.11068211068211069,0.14778348760908824,1576,1576,1.0,1.0,1.0,1333,1576,0.8458121827411168,0.8261680269161146,0.8662104353103753,1576,1576,1.0,1.0,1.0,1576,1576,1.0,1.0,1.0,1576,1576,1.0,1.0,1.0,1576,1576,1.0,1.0,1.0,,,,,,2b98e3defbf027214fdbbffe0ce2b6e89fa46206df35a75608eeac7a2062880c
load,transport,controlled-0.0,0.0,0.8,0.00033362079368125464,7.98665439450942,1576,load-results.json,/cells/28/domains/transport,/shared/homes/u171321/projects/jev/runs/e2-readiness-20261002/load-108309.hpc-head01/r1-controlled-0.0.jsonl,10.0,0.0006652886776939697,5.19258053649441e-05,1576,2.8967391699552536e-05,2.8440728783607483e-05,2.9740389436483383e-05,5.992839578539133e-05,5.813082680106163e-05,6.325589492917061e-05,1576,0.04441180945832457,0.044317235118796816,0.044526777248393046,0.051195781965361675,0.05068265480076661,0.051367736002207495,1576,0.5606750708147956,0.5593057790792955,0.5614755586357205,0.5860653678828385,0.5853391257296607,0.587437787809904,1576,1576,1.0,1.0,1.0,0,1576,0.0,0.0,0.0,1576,1576,1.0,1.0,1.0,1576,1576,1.0,1.0,1.0,1576,1576,1.0,1.0,1.0,1576,1576,1.0,1.0,1.0,1576,1576,1.0,1.0,1.0,1576,1576,1.0,1.0,1.0,1576,1576,1.0,1.0,1.0,1576,1576,1.0,1.0,1.0,,,,,,2b98e3defbf027214fdbbffe0ce2b6e89fa46206df35a75608eeac7a2062880c
load,edge,controlled-0.1,0.1,0.8,0.804078104131902,7.98665439450942,1576,load-results.json,/cells/29/domains/edge,/shared/homes/u171321/projects/jev/runs/e2-readiness-20261002/load-108309.hpc-head01/r1-controlled-0.1.jsonl,2.0,0.4061104349296505,0.05675320480189403,1576,0.10063119442202151,0.10060155019164085,0.10065680742263794,0.10134511801879853,0.10116777433431708,0.10151634641515557,1576,0.24776009094193796,0.20680757711306796,0.29368736649189486,0.7954968395452511,0.652991699186714,0.9122440170094706,1576,1.7741490532193893,1.6663010030106307,1.877811741595906,3.0627175802579245,2.977339770833571,3.12628562599744,1284,1576,0.8147208121827412,0.7417731119652137,0.8863205798697128,0,1576,0.0,0.0,0.0,1558,1576,0.9885786802030457,0.972291754954852,1.0,19,1576,0.012055837563451776,0.006020198241328208,0.019645473391505408,1576,1576,1.0,1.0,1.0,965,1576,0.6123096446700508,0.567601227133539,0.6560720617516297,1576,1576,1.0,1.0,1.0,1576,1576,1.0,1.0,1.0,1576,1576,1.0,1.0,1.0,1576,1576,1.0,1.0,1.0,,,,,,c88249e180cf168b698e03af4957240caaa1fe00bcd17436d92b4f5a4f6d3008
load,transport,controlled-0.1,0.1,0.8,0.804078104131902,7.98665439450942,1576,load-results.json,/cells/29/domains/transport,/shared/homes/u171321/projects/jev/runs/e2-readiness-20261002/load-108309.hpc-head01/r1-controlled-0.1.jsonl,10.0,0.35014748659779205,0.12564371670257896,1576,0.10063119442202151,0.10060155019164085,0.10065680742263794,0.10134511801879853,0.10116777433431708,0.10151634641515557,1576,0.2867539349808794,0.24720442485704552,0.3322456750920537,0.8377040972436589,0.692385703736204,0.9486289610103995,1576,0.8018280362975929,0.7701366895853425,0.8543581711237493,1.3549476095554382,1.206627701387349,1.4638801999190036,1234,1576,0.7829949238578681,0.705804846567015,0.8602065844453097,0,1576,0.0,0.0,0.0,1551,1576,0.9841370558375635,0.9605775077613495,1.0,1200,1576,0.7614213197969543,0.6834346353364759,0.8396106959078657,1576,1576,1.0,1.0,1.0,1576,1576,1.0,1.0,1.0,1576,1576,1.0,1.0,1.0,1576,1576,1.0,1.0,1.0,1576,1576,1.0,1.0,1.0,1576,1576,1.0,1.0,1.0,,,,,,c88249e180cf168b698e03af4957240caaa1fe00bcd17436d92b4f5a4f6d3008
load,edge,controlled-0.5,0.5,0.8,3.999075194327309,7.98665439450942,1576,load-results.json,/cells/30/domains/edge,/shared/homes/u171321/projects/jev/runs/e2-readiness-20261002/load-108309.hpc-head01/r1-controlled-0.5.jsonl,2.0,0.0009859004435684496,0.000982891356316427,1576,0.500659465091303,0.500634285621345,0.5006846371106803,0.501576047972776,0.5014760226028738,0.5016515920870006,1576,507.9992115601326,386.22108152799706,630.7096525039124,773.2860964673569,684.3276554691798,793.1478290629111,1576,509.7937440440678,387.8115068952284,632.7885239528075,774.6465053535799,686.2247063847279,795.3559868697175,0,1576,0.0,0.0,0.0,0,1576,0.0,0.0,0.0,0,1576,0.0,0.0,0.0,0,1576,0.0,0.0,0.0,0,1576,0.0,0.0,0.0,0,1576,0.0,0.0,0.0,0,1576,0.0,0.0,0.0,0,1576,0.0,0.0,0.0,0,1576,0.0,0.0,0.0,0,1576,0.0,0.0,0.0,,,,,,8b34394940e884e8d89aa4356b8af2a61d56b5461b3b140af4f7b2eeb12fd7ca
load,transport,controlled-0.5,0.5,0.8,3.999075194327309,7.98665439450942,1576,load-results.json,/cells/30/domains/transport,/shared/homes/u171321/projects/jev/runs/e2-readiness-20261002/load-108309.hpc-head01/r1-controlled-0.5.jsonl,10.0,0.0009858216137888047,0.0009847969697096008,1576,0.500659465091303,0.500634285621345,0.5006846371106803,0.501576047972776,0.5014760226028738,0.5016515920870006,1576,508.04029686163267,386.2677479339982,630.745222185913,773.3289244176071,684.3616523229882,793.1902730309121,1576,508.5663253091343,386.7824376569988,631.2572919999147,773.8526026783552,684.8647405541642,793.7200579899109,0,1576,0.0,0.0,0.0,0,1576,0.0,0.0,0.0,0,1576,0.0,0.0,0.0,0,1576,0.0,0.0,0.0,0,1576,0.0,0.0,0.0,0,1576,0.0,0.0,0.0,0,1576,0.0,0.0,0.0,0,1576,0.0,0.0,0.0,0,1576,0.0,0.0,0.0,0,1576,0.0,0.0,0.0,,,,,,8b34394940e884e8d89aa4356b8af2a61d56b5461b3b140af4f7b2eeb12fd7ca
load,edge,controlled-2.0,2.0,0.8,15.980867019226869,7.98665439450942,1576,load-results.json,/cells/31/domains/edge,/shared/homes/u171321/projects/jev/runs/e2-readiness-20261002/load-108309.hpc-head01/r1-controlled-2.0.jsonl,2.0,0.0007969745139366366,0.0007962832801227249,1576,2.000836977735162,2.000797327142209,2.000899869058048,2.001881070085801,2.0018023470038315,2.0019640512764454,1576,2509.853813866981,1901.2852237779873,3120.9164456170583,3838.5208066895834,3389.011390268293,3939.029951790022,1576,2512.032230050481,1903.1756738229874,3123.339534012057,3839.7451706765837,3390.884173627891,3941.3183226830224,0,1576,0.0,0.0,0.0,0,1576,0.0,0.0,0.0,0,1576,0.0,0.0,0.0,0,1576,0.0,0.0,0.0,0,1576,0.0,0.0,0.0,0,1576,0.0,0.0,0.0,0,1576,0.0,0.0,0.0,0,1576,0.0,0.0,0.0,0,1576,0.0,0.0,0.0,0,1576,0.0,0.0,0.0,,,,,,c4af8dedcdb8ad73950baea5f51d1daa91c0b6ab0b6f0e4a42b410306171502b
load,transport,controlled-2.0,2.0,0.8,15.980867019226869,7.98665439450942,1576,load-results.json,/cells/31/domains/transport,/shared/homes/u171321/projects/jev/runs/e2-readiness-20261002/load-108309.hpc-head01/r1-controlled-2.0.jsonl,10.0,0.0007969614672637057,0.0007967944736695358,1576,2.000836977735162,2.000797327142209,2.000899869058048,2.001881070085801,2.0018023470038315,2.0019640512764454,1576,2509.894899168481,1901.3318901839884,3120.952015299059,3838.5636346398337,3389.045387122101,3939.072395758023,1576,2510.4209276159827,1901.846579906989,3121.4640851130607,3839.0873129005818,3389.548475353277,3939.602180717022,0,1576,0.0,0.0,0.0,0,1576,0.0,0.0,0.0,0,1576,0.0,0.0,0.0,0,1576,0.0,0.0,0.0,0,1576,0.0,0.0,0.0,0,1576,0.0,0.0,0.0,0,1576,0.0,0.0,0.0,0,1576,0.0,0.0,0.0,0,1576,0.0,0.0,0.0,0,1576,0.0,0.0,0.0,,,,,,c4af8dedcdb8ad73950baea5f51d1daa91c0b6ab0b6f0e4a42b410306171502b
load,edge,empirical-00,,0.8,3.238197866956814,7.98665439450942,1576,load-results.json,/cells/32/domains/edge,/shared/homes/u171321/projects/jev/runs/e2-readiness-20261002/load-108309.hpc-head01/r1-empirical-00.jsonl,2.0,0.0010605772157962355,0.0010568057744643298,1576,0.4041641438379884,0.40362887224182487,0.40469832557137125,0.42268829757813364,0.42242963337514083,0.4232721137814224,1576,380.9598930309421,289.81476373702685,472.4300625468204,578.4580271281998,512.3891483164672,593.2083321317568,1576,382.6622506099907,291.4535948211433,474.12354882094564,580.0413188007228,514.1204721590062,595.324255327052,0,1576,0.0,0.0,0.0,0,1576,0.0,0.0,0.0,0,1576,0.0,0.0,0.0,0,1576,0.0,0.0,0.0,0,1576,0.0,0.0,0.0,0,1576,0.0,0.0,0.0,0,1576,0.0,0.0,0.0,0,1576,0.0,0.0,0.0,0,1576,0.0,0.0,0.0,0,1576,0.0,0.0,0.0,6G,C1,AnyJev-L0,H100-NVL,c1_selfhosted/anyjev/c57_fresh/test,b01dbe6c0b55cde8e414a5c5e555c8f154be36fc02eba65e8e8b5e902ee33753
load,transport,empirical-00,,0.8,3.238197866956814,7.98665439450942,1576,load-results.json,/cells/32/domains/transport,/shared/homes/u171321/projects/jev/runs/e2-readiness-20261002/load-108309.hpc-head01/r1-empirical-00.jsonl,10.0,0.001060475952735742,0.0010590689704179576,1576,0.4041641438379884,0.40362887224182487,0.40469832557137125,0.42268829757813364,0.42242963337514083,0.4232721137814224,1576,381.0009783324422,289.861430143028,472.46563222882105,578.5008550784501,512.4231451702758,593.2507760997578,1576,381.5270067799438,290.3761198660286,472.9777020428228,579.0245333391981,512.9262334014517,593.7805610587566,0,1576,0.0,0.0,0.0,0,1576,0.0,0.0,0.0,0,1576,0.0,0.0,0.0,0,1576,0.0,0.0,0.0,0,1576,0.0,0.0,0.0,0,1576,0.0,0.0,0.0,0,1576,0.0,0.0,0.0,0,1576,0.0,0.0,0.0,0,1576,0.0,0.0,0.0,0,1576,0.0,0.0,0.0,6G,C1,AnyJev-L0,H100-NVL,c1_selfhosted/anyjev/c57_fresh/test,b01dbe6c0b55cde8e414a5c5e555c8f154be36fc02eba65e8e8b5e902ee33753
load,edge,empirical-01,,0.8,4.374189095310189,7.98665439450942,1576,load-results.json,/cells/33/domains/edge,/shared/homes/u171321/projects/jev/runs/e2-readiness-20261002/load-108309.hpc-head01/r1-empirical-01.jsonl,2.0,0.000939965930449265,0.000937777145297206,1576,0.5175641130190343,0.5157754123676568,0.5208922498859465,0.7937130266800523,0.7577832010574639,0.8143462407402694,1576,572.1393211475934,436.2712964253726,709.7242031767564,870.2200349219606,770.4538350958156,892.590569054848,1576,573.9306539636259,437.8551009459152,711.8186418356888,871.7066256375551,772.3305316977298,894.8152795730257,0,1576,0.0,0.0,0.0,0,1576,0.0,0.0,0.0,0,1576,0.0,0.0,0.0,0,1576,0.0,0.0,0.0,0,1576,0.0,0.0,0.0,0,1576,0.0,0.0,0.0,0,1576,0.0,0.0,0.0,0,1576,0.0,0.0,0.0,0,1576,0.0,0.0,0.0,0,1576,0.0,0.0,0.0,6G,C1,DeepSeek-V4.1-Flash,hosted,c1_hosted,e1be26006dc0f6f478ba8fff10060a7d2c8a52cae287f74206f17a4c4c09aa7d
load,transport,empirical-01,,0.8,4.374189095310189,7.98665439450942,1576,load-results.json,/cells/33/domains/transport,/shared/homes/u171321/projects/jev/runs/e2-readiness-20261002/load-108309.hpc-head01/r1-empirical-01.jsonl,10.0,0.0009399020017751998,0.0009390910023484959,1576,0.5175641130190343,0.5157754123676568,0.5208922498859465,0.7937130266800523,0.7577832010574639,0.8143462407402694,1576,572.1804064490934,436.31796283137373,709.7597728587571,870.2628628722109,770.4878319496241,892.6330130228489,1576,572.706434896595,436.83265255437436,710.2718426727588,870.786541132959,770.9909201808,893.1627979818477,0,1576,0.0,0.0,0.0,0,1576,0.0,0.0,0.0,0,1576,0.0,0.0,0.0,0,1576,0.0,0.0,0.0,0,1576,0.0,0.0,0.0,0,1576,0.0,0.0,0.0,0,1576,0.0,0.0,0.0,0,1576,0.0,0.0,0.0,0,1576,0.0,0.0,0.0,0,1576,0.0,0.0,0.0,6G,C1,DeepSeek-V4.1-Flash,hosted,c1_hosted,e1be26006dc0f6f478ba8fff10060a7d2c8a52cae287f74206f17a4c4c09aa7d
load,edge,empirical-02,,0.8,10.259168078781114,7.98665439450942,1576,load-results.json,/cells/34/domains/edge,/shared/homes/u171321/projects/jev/runs/e2-readiness-20261002/load-108309.hpc-head01/r1-empirical-02.jsonl,2.0,0.0007891003704351811,0.000788293000939018,1576,1.1434934800490737,1.123727305495413,1.1534730387211312,2.0664972646627575,1.816695509944111,2.150496242450899,1576,1531.040332898394,1146.96447187534,1917.5732423159825,2359.506805682275,2095.6404768198804,2422.1988484548874,1576,1533.2187490818937,1148.85492192034,1919.996330710981,2360.7311696692755,2097.554544800488,2424.4872193478877,0,1576,0.0,0.0,0.0,0,1576,0.0,0.0,0.0,0,1576,0.0,0.0,0.0,0,1576,0.0,0.0,0.0,0,1576,0.0,0.0,0.0,0,1576,0.0,0.0,0.0,0,1576,0.0,0.0,0.0,0,1576,0.0,0.0,0.0,0,1576,0.0,0.0,0.0,0,1576,0.0,0.0,0.0,6G,C1,GLM-5.3-Flash,hosted,c1_hosted,34e4770ec97bc2e345d61b78a92fade3766c56b80eefee69032d992016cb1d5a
load,transport,empirical-02,,0.8,10.259168078781114,7.98665439450942,1576,load-results.json,/cells/34/domains/transport,/shared/homes/u171321/projects/jev/runs/e2-readiness-20261002/load-108309.hpc-head01/r1-empirical-02.jsonl,10.0,0.0007890781502205088,0.0007888063365005156,1576,1.1434934800490737,1.123727305495413,1.1534730387211312,2.0664972646627575,1.816695509944111,2.150496242450899,1576,1531.081418199894,1147.0111382813411,1917.6088119979831,2359.5496336325255,2095.6746795104987,2422.2412924228884,1576,1531.6074466473956,1147.5258280043417,1918.1208818119849,2360.0733118932735,2096.1777852148493,2422.771077381887,0,1576,0.0,0.0,0.0,0,1576,0.0,0.0,0.0,0,1576,0.0,0.0,0.0,0,1576,0.0,0.0,0.0,0,1576,0.0,0.0,0.0,0,1576,0.0,0.0,0.0,0,1576,0.0,0.0,0.0,0,1576,0.0,0.0,0.0,0,1576,0.0,0.0,0.0,0,1576,0.0,0.0,0.0,6G,C1,GLM-5.3-Flash,hosted,c1_hosted,34e4770ec97bc2e345d61b78a92fade3766c56b80eefee69032d992016cb1d5a
load,edge,empirical-03,,0.8,2.366854464483573,7.98665439450942,1576,load-results.json,/cells/35/domains/edge,/shared/homes/u171321/projects/jev/runs/e2-readiness-20261002/load-108309.hpc-head01/r1-empirical-03.jsonl,2.0,0.001210786483933394,0.00120479470403466,1576,0.2759602500591427,0.2736801873485092,0.27810492273420095,0.3788128850283101,0.3650170909240842,0.4093090024212142,1576,239.76486685698728,181.0350324950407,295.1110911047617,356.45509863116285,319.5531697351742,366.08128287377804,1576,241.30732484154078,182.57477502303755,296.7509861898029,358.1534349527723,321.1220115731819,367.8791535317009,0,1576,0.0,0.0,0.0,0,1576,0.0,0.0,0.0,0,1576,0.0,0.0,0.0,0,1576,0.0,0.0,0.0,0,1576,0.0,0.0,0.0,0,1576,0.0,0.0,0.0,0,1576,0.0,0.0,0.0,0,1576,0.0,0.0,0.0,0,1576,0.0,0.0,0.0,0,1576,0.0,0.0,0.0,6G,C1,Jev-1.13.0,hosted,c1_hosted,702de5c1138e866bd64aa308f047b8d14bf2d754ffe753bffbda24f1c2d6f6ba
load,transport,empirical-03,,0.8,2.366854464483573,7.98665439450942,1576,load-results.json,/cells/35/domains/transport,/shared/homes/u171321/projects/jev/runs/e2-readiness-20261002/load-108309.hpc-head01/r1-empirical-03.jsonl,10.0,0.0012105970541576813,0.0012083709306408346,1576,0.2759602500591427,0.2736801873485092,0.27810492273420095,0.3788128850283101,0.3650170909240842,0.4093090024212142,1576,239.80595215848734,181.08169890104182,295.14666078676237,356.49792658141314,319.5871665889827,366.123726841779,1576,240.33198060598897,181.59638862404245,295.6587306007641,357.0216048421612,320.09025482015863,366.6535118007778,0,1576,0.0,0.0,0.0,0,1576,0.0,0.0,0.0,0,1576,0.0,0.0,0.0,0,1576,0.0,0.0,0.0,0,1576,0.0,0.0,0.0,0,1576,0.0,0.0,0.0,0,1576,0.0,0.0,0.0,0,1576,0.0,0.0,0.0,0,1576,0.0,0.0,0.0,0,1576,0.0,0.0,0.0,6G,C1,Jev-1.13.0,hosted,c1_hosted,702de5c1138e866bd64aa308f047b8d14bf2d754ffe753bffbda24f1c2d6f6ba
load,edge,empirical-04,,0.8,3.4319821448199876,7.98665439450942,1576,load-results.json,/cells/36/domains/edge,/shared/homes/u171321/projects/jev/runs/e2-readiness-20261002/load-108309.hpc-head01/r1-empirical-04.jsonl,2.0,0.0010418820072574742,0.0010391713102117525,1576,0.42942838254384696,0.4291523857042193,0.4297754820436239,0.4387700035003945,0.4377328722004313,0.44012772757560015,1576,413.278069492093,314.68506564118366,512.9584508998851,628.4501137873854,556.4948696408555,644.4471035629049,1576,414.9992644541585,316.30078190808314,514.752432563673,629.9705790269222,558.2863664570777,646.586765389713,0,1576,0.0,0.0,0.0,0,1576,0.0,0.0,0.0,0,1576,0.0,0.0,0.0,0,1576,0.0,0.0,0.0,0,1576,0.0,0.0,0.0,0,1576,0.0,0.0,0.0,0,1576,0.0,0.0,0.0,0,1576,0.0,0.0,0.0,0,1576,0.0,0.0,0.0,0,1576,0.0,0.0,0.0,6G,C1,Qwen3.5-4B-JSON,H100-NVL,c1_selfhosted/qwen_json/c57_fresh/test,3be4ab1a6d69cacc7978dd5cb0313a88830abd304d68fa78aa0d1fee913380a9
load,transport,empirical-04,,0.8,3.4319821448199876,7.98665439450942,1576,load-results.json,/cells/36/domains/transport,/shared/homes/u171321/projects/jev/runs/e2-readiness-20261002/load-108309.hpc-head01/r1-empirical-04.jsonl,10.0,0.0010417781498798765,0.0010404806921001368,1576,0.42942838254384696,0.4291523857042193,0.4297754820436239,0.4387700035003945,0.4377328722004313,0.44012772757560015,1576,413.31915479359304,314.7317320471848,512.9940205818857,628.4929417376356,556.5288664946639,644.4895475309058,1576,413.8451832410947,315.2464217701854,513.5060903958874,629.0166199983837,557.0319547258399,645.0193324899046,0,1576,0.0,0.0,0.0,0,1576,0.0,0.0,0.0,0,1576,0.0,0.0,0.0,0,1576,0.0,0.0,0.0,0,1576,0.0,0.0,0.0,0,1576,0.0,0.0,0.0,0,1576,0.0,0.0,0.0,0,1576,0.0,0.0,0.0,0,1576,0.0,0.0,0.0,0,1576,0.0,0.0,0.0,6G,C1,Qwen3.5-4B-JSON,H100-NVL,c1_selfhosted/qwen_json/c57_fresh/test,3be4ab1a6d69cacc7978dd5cb0313a88830abd304d68fa78aa0d1fee913380a9
load,edge,empirical-05,,0.8,18.29226743400392,7.98665439450942,1576,load-results.json,/cells/37/domains/edge,/shared/homes/u171321/projects/jev/runs/e2-readiness-20261002/load-108309.hpc-head01/r1-empirical-05.jsonl,2.0,0.0007922446845131709,0.0007915360698557316,1576,2.240243048639968,2.2238672776147723,2.2752454420551658,3.0300824235891923,2.9909873511129987,3.24252203758806,1576,2872.911427228608,2165.9617721313834,3590.1447179810675,4418.440258583123,3895.3829495191553,4533.818307242962,1576,2875.0898434121077,2167.8522221763837,3592.567806376066,4419.664622570124,3897.255732878754,4536.106678135962,0,1576,0.0,0.0,0.0,0,1576,0.0,0.0,0.0,0,1576,0.0,0.0,0.0,0,1576,0.0,0.0,0.0,0,1576,0.0,0.0,0.0,0,1576,0.0,0.0,0.0,0,1576,0.0,0.0,0.0,0,1576,0.0,0.0,0.0,0,1576,0.0,0.0,0.0,0,1576,0.0,0.0,0.0,6G,C1,Qwen3.8-Flash,hosted,c1_hosted_qwen_block3,f60e6561467b7f51faa73bf9b37bce2d7008db7a5d36a767a21333ce8b4cd23c
load,transport,empirical-05,,0.8,18.29226743400392,7.98665439450942,1576,load-results.json,/cells/37/domains/transport,/shared/homes/u171321/projects/jev/runs/e2-readiness-20261002/load-108309.hpc-head01/r1-empirical-05.jsonl,10.0,0.0007922326260431018,0.0007920817205527873,1576,2.240243048639968,2.2238672776147723,2.2752454420551658,3.0300824235891923,2.9909873511129987,3.24252203758806,1576,2872.952512530108,2166.008438537385,3590.180287663068,4418.483086533373,3895.416946372963,4533.860751210963,1576,2873.4785409776096,2166.5231282603854,3590.69235747707,4419.006764794121,3895.9200346041393,4534.390536169962,0,1576,0.0,0.0,0.0,0,1576,0.0,0.0,0.0,0,1576,0.0,0.0,0.0,0,1576,0.0,0.0,0.0,0,1576,0.0,0.0,0.0,0,1576,0.0,0.0,0.0,0,1576,0.0,0.0,0.0,0,1576,0.0,0.0,0.0,0,1576,0.0,0.0,0.0,0,1576,0.0,0.0,0.0,6G,C1,Qwen3.8-Flash,hosted,c1_hosted_qwen_block3,f60e6561467b7f51faa73bf9b37bce2d7008db7a5d36a767a21333ce8b4cd23c
load,edge,empirical-06,,0.8,3.557696561668054,7.98665439450942,1576,load-results.json,/cells/38/domains/edge,/shared/homes/u171321/projects/jev/runs/e2-readiness-20261002/load-108309.hpc-head01/r1-empirical-06.jsonl,2.0,0.001020133679668709,0.0010159515579984298,1576,0.4321993379853666,0.4319078903587069,0.43244162667542696,0.5229904993902892,0.5218815039843321,0.5247260512318462,1576,435.79532760953407,331.42625270329813,540.0196279617558,662.0786615180082,585.8402601274901,678.9596163110346,1576,437.567183967602,333.03372624107766,541.907013075757,663.5958564487087,587.6380430606258,681.100312761786,0,1576,0.0,0.0,0.0,0,1576,0.0,0.0,0.0,0,1576,0.0,0.0,0.0,0,1576,0.0,0.0,0.0,0,1576,0.0,0.0,0.0,0,1576,0.0,0.0,0.0,0,1576,0.0,0.0,0.0,0,1576,0.0,0.0,0.0,0,1576,0.0,0.0,0.0,0,1576,0.0,0.0,0.0,6G,C1,SemIf-Qwen3.5-4B,H100-NVL,c1_selfhosted/semif/c57_fresh/test,e5ddf655e6c515295b091acedba3d3156e2b9d3e3d7a1c46674e1bb580bee1b5
load,transport,empirical-06,,0.8,3.557696561668054,7.98665439450942,1576,load-results.json,/cells/38/domains/transport,/shared/homes/u171321/projects/jev/runs/e2-readiness-20261002/load-108309.hpc-head01/r1-empirical-06.jsonl,10.0,0.0010200401837681128,0.001018805730641979,1576,0.4321993379853666,0.4319078903587069,0.43244162667542696,0.5229904993902892,0.5218815039843321,0.5247260512318462,1576,435.83641291103413,331.47291910929926,540.0551976437564,662.1214894682585,585.8742569812986,679.0020602790355,1576,436.36244135853576,331.9876088322999,540.5672674577581,662.6451677290065,586.3773452124744,679.5318452380343,0,1576,0.0,0.0,0.0,0,1576,0.0,0.0,0.0,0,1576,0.0,0.0,0.0,0,1576,0.0,0.0,0.0,0,1576,0.0,0.0,0.0,0,1576,0.0,0.0,0.0,0,1576,0.0,0.0,0.0,0,1576,0.0,0.0,0.0,0,1576,0.0,0.0,0.0,0,1576,0.0,0.0,0.0,6G,C1,SemIf-Qwen3.5-4B,H100-NVL,c1_selfhosted/semif/c57_fresh/test,e5ddf655e6c515295b091acedba3d3156e2b9d3e3d7a1c46674e1bb580bee1b5
load,edge,empirical-07,,0.8,4.234122840515055,7.98665439450942,1576,load-results.json,/cells/39/domains/edge,/shared/homes/u171321/projects/jev/runs/e2-readiness-20261002/load-108309.hpc-head01/r1-empirical-07.jsonl,2.0,0.0006861962686134924,0.0006846263688611034,1576,0.3823976954445243,0.37942383205518126,0.38578230002895,1.0541262755868956,0.7530442975030742,1.1529376805759965,1576,591.2758938210445,475.0807481381337,740.9033433296318,876.7635422877033,792.4654879884102,895.2170772800691,1576,592.9588587609273,476.7699780320855,742.4923583388843,877.9879062747036,794.265350650013,897.4484768470847,0,1576,0.0,0.0,0.0,0,1576,0.0,0.0,0.0,0,1576,0.0,0.0,0.0,0,1576,0.0,0.0,0.0,0,1576,0.0,0.0,0.0,0,1576,0.0,0.0,0.0,0,1576,0.0,0.0,0.0,0,1576,0.0,0.0,0.0,0,1576,0.0,0.0,0.0,0,1576,0.0,0.0,0.0,Edge,RQ1a,DeepSeek-V4.1-Flash,hosted,data/source/sok/cross-study/edge/hf/runs/EXP-2026-001/RQ1a/base,28f709e81854ece5c01cc5ef1d3984cabec5cace795424afc6ef499a277261c5
load,transport,empirical-07,,0.8,4.234122840515055,7.98665439450942,1576,load-results.json,/cells/39/domains/transport,/shared/homes/u171321/projects/jev/runs/e2-readiness-20261002/load-108309.hpc-head01/r1-empirical-07.jsonl,10.0,0.0006861503071565397,0.0006854902344947297,1576,0.3823976954445243,0.37942383205518126,0.38578230002895,1.0541262755868956,0.7530442975030742,1.1529376805759965,1576,591.3169791225446,475.1274145441348,740.9389130116324,876.8063702379536,792.4994848422187,895.2595212480701,1576,591.8430075700462,475.64210426713544,741.4509828256341,877.3300484987017,793.0025730733946,895.7893062070689,0,1576,0.0,0.0,0.0,0,1576,0.0,0.0,0.0,0,1576,0.0,0.0,0.0,0,1576,0.0,0.0,0.0,0,1576,0.0,0.0,0.0,0,1576,0.0,0.0,0.0,0,1576,0.0,0.0,0.0,0,1576,0.0,0.0,0.0,0,1576,0.0,0.0,0.0,0,1576,0.0,0.0,0.0,Edge,RQ1a,DeepSeek-V4.1-Flash,hosted,data/source/sok/cross-study/edge/hf/runs/EXP-2026-001/RQ1a/base,28f709e81854ece5c01cc5ef1d3984cabec5cace795424afc6ef499a277261c5
load,edge,empirical-08,,0.8,7.608880803816915,7.98665439450942,1576,load-results.json,/cells/40/domains/edge,/shared/homes/u171321/projects/jev/runs/e2-readiness-20261002/load-108309.hpc-head01/r1-empirical-08.jsonl,2.0,0.000618191075477379,0.0006174069194010169,1576,0.6530175330117345,0.6449603121727705,0.6619758438318968,2.7448343915166333,2.5600031776330434,2.7675969860458283,1576,1160.3040613605535,905.7018387900891,1428.0409936317774,1728.5033117298267,1538.6161535148497,1775.3911890868567,1576,1162.4824775440534,907.3569411601602,1430.3069084751428,1729.727675716827,1540.5044693608274,1777.679559979857,0,1576,0.0,0.0,0.0,0,1576,0.0,0.0,0.0,0,1576,0.0,0.0,0.0,0,1576,0.0,0.0,0.0,0,1576,0.0,0.0,0.0,0,1576,0.0,0.0,0.0,0,1576,0.0,0.0,0.0,0,1576,0.0,0.0,0.0,0,1576,0.0,0.0,0.0,0,1576,0.0,0.0,0.0,Edge,RQ1a,GLM-5.3-Flash,hosted,data/source/sok/cross-study/edge/hf/runs/EXP-2026-001/RQ1a/base,8f88b5f097464bd412bec19a22e562843041e5c7bbf3e71e36698752d50cd9a4
load,transport,empirical-08,,0.8,7.608880803816915,7.98665439450942,1576,load-results.json,/cells/40/domains/transport,/shared/homes/u171321/projects/jev/runs/e2-readiness-20261002/load-108309.hpc-head01/r1-empirical-08.jsonl,10.0,0.0006181668369614074,0.0006178740467234628,1576,0.6530175330117345,0.6449603121727705,0.6619758438318968,2.7448343915166333,2.5600031776330434,2.7675969860458283,1576,1160.3451466620536,905.7485051960903,1428.076563313778,1728.546139680077,1538.6501503686582,1775.4336330548576,1576,1160.8711751095552,906.2631949190909,1428.5886331277798,1729.069817940825,1539.1532385998341,1775.9634180138564,0,1576,0.0,0.0,0.0,0,1576,0.0,0.0,0.0,0,1576,0.0,0.0,0.0,0,1576,0.0,0.0,0.0,0,1576,0.0,0.0,0.0,0,1576,0.0,0.0,0.0,0,1576,0.0,0.0,0.0,0,1576,0.0,0.0,0.0,0,1576,0.0,0.0,0.0,0,1576,0.0,0.0,0.0,Edge,RQ1a,GLM-5.3-Flash,hosted,data/source/sok/cross-study/edge/hf/runs/EXP-2026-001/RQ1a/base,8f88b5f097464bd412bec19a22e562843041e5c7bbf3e71e36698752d50cd9a4
load,edge,empirical-09,,0.8,2.3086272877086094,7.98665439450942,1576,load-results.json,/cells/41/domains/edge,/shared/homes/u171321/projects/jev/runs/e2-readiness-20261002/load-108309.hpc-head01/r1-empirical-09.jsonl,2.0,0.001254978527420006,0.0012474679681908681,1576,0.2736143241636455,0.2714392049238086,0.27818352403119206,0.37887636478990316,0.3701137672178447,0.3915807739831507,1576,226.92514675053644,173.6794549782055,279.7557200146439,340.81795137324343,302.80578856982186,349.37251580706834,1576,228.4763674535011,175.2377989316601,281.2615976382399,342.4579660286695,304.26492596811784,351.10743258167486,0,1576,0.0,0.0,0.0,0,1576,0.0,0.0,0.0,0,1576,0.0,0.0,0.0,0,1576,0.0,0.0,0.0,0,1576,0.0,0.0,0.0,0,1576,0.0,0.0,0.0,0,1576,0.0,0.0,0.0,0,1576,0.0,0.0,0.0,0,1576,0.0,0.0,0.0,0,1576,0.0,0.0,0.0,Edge,RQ1a,Jev-1.13.0,hosted,data/source/sok/cross-study/edge/hf/runs/EXP-2026-001/RQ1a/base,9f64fa1c2968649c09da78045740ee3123419bab6e15203102eb08dd0f32565e
load,transport,empirical-09,,0.8,2.3086272877086094,7.98665439450942,1576,load-results.json,/cells/41/domains/transport,/shared/homes/u171321/projects/jev/runs/e2-readiness-20261002/load-108309.hpc-head01/r1-empirical-09.jsonl,10.0,0.0012547732606630548,0.0012518345036608063,1576,0.2736143241636455,0.2714392049238086,0.27818352403119206,0.37887636478990316,0.3701137672178447,0.3915807739831507,1576,226.9662320520365,173.72612138420664,279.7912896966445,340.8607793234937,302.8397854236303,349.4149597750693,1576,227.49226049953813,174.24081110720726,280.30335951064626,341.3844575842418,303.3428736548062,349.9447447340681,0,1576,0.0,0.0,0.0,0,1576,0.0,0.0,0.0,0,1576,0.0,0.0,0.0,0,1576,0.0,0.0,0.0,0,1576,0.0,0.0,0.0,0,1576,0.0,0.0,0.0,0,1576,0.0,0.0,0.0,0,1576,0.0,0.0,0.0,0,1576,0.0,0.0,0.0,0,1576,0.0,0.0,0.0,Edge,RQ1a,Jev-1.13.0,hosted,data/source/sok/cross-study/edge/hf/runs/EXP-2026-001/RQ1a/base,9f64fa1c2968649c09da78045740ee3123419bab6e15203102eb08dd0f32565e
load,edge,empirical-10,,0.8,0.621669550301147,7.98665439450942,1576,load-results.json,/cells/42/domains/edge,/shared/homes/u171321/projects/jev/runs/e2-readiness-20261002/load-108309.hpc-head01/r1-empirical-10.jsonl,2.0,0.6659934217135213,0.03890164365529088,1576,0.05565290804952383,0.055628455244004726,0.05569190066307783,0.2221542279003188,0.21790235593507531,0.2229602038860321,1576,0.11338341333021162,0.10090303367724118,0.133945863102781,0.47968635703250584,0.39365486741162214,0.5365549411782478,1576,1.5908787664006923,1.5276632978153657,1.6502454275057516,2.92330477157941,2.8572105037214937,2.995219460088151,1508,1576,0.9568527918781726,0.9370577950595572,0.9757811377281972,0,1576,0.0,0.0,0.0,1576,1576,1.0,1.0,1.0,66,1576,0.04187817258883249,0.0313086749902845,0.053661840100573906,1576,1576,1.0,1.0,1.0,1126,1576,0.7144670050761421,0.6801026851342731,0.7493440024542387,1576,1576,1.0,1.0,1.0,1576,1576,1.0,1.0,1.0,1576,1576,1.0,1.0,1.0,1576,1576,1.0,1.0,1.0,Edge,RQ1a,Laya@cuda,H100-NVL,data/source/sok/cross-study/edge/hf/runs/EXP-2026-001/_selfhosted/laya/RQ1a/base,02abf4591aa4479c5c9905f71549905e03f882fb81424f4ca431979fc12e2c2e
load,transport,empirical-10,,0.8,0.621669550301147,7.98665439450942,1576,load-results.json,/cells/42/domains/transport,/shared/homes/u171321/projects/jev/runs/e2-readiness-20261002/load-108309.hpc-head01/r1-empirical-10.jsonl,10.0,0.4751296599037469,0.08757175103160181,1576,0.05565290804952383,0.055628455244004726,0.05569190066307783,0.2221542279003188,0.21790235593507531,0.2229602038860321,1576,0.15313286944819993,0.14014318277622806,0.17343410403918824,0.5208230925622956,0.43193860542011164,0.5768899570269762,1576,0.6717694576354916,0.6580099433126406,0.6927260599622969,1.0319063818660652,0.9456571653228344,1.0894149789000949,1491,1576,0.9460659898477157,0.9206743190948462,0.9699488491048593,0,1576,0.0,0.0,0.0,1576,1576,1.0,1.0,1.0,1486,1576,0.9428934010152284,0.9178075643678462,0.9669212433540262,1576,1576,1.0,1.0,1.0,1576,1576,1.0,1.0,1.0,1576,1576,1.0,1.0,1.0,1576,1576,1.0,1.0,1.0,1576,1576,1.0,1.0,1.0,1576,1576,1.0,1.0,1.0,Edge,RQ1a,Laya@cuda,H100-NVL,data/source/sok/cross-study/edge/hf/runs/EXP-2026-001/_selfhosted/laya/RQ1a/base,02abf4591aa4479c5c9905f71549905e03f882fb81424f4ca431979fc12e2c2e
load,edge,empirical-11,,0.8,0.00034286083270380576,7.98665439450942,1576,load-results.json,/cells/43/domains/edge,/shared/homes/u171321/projects/jev/runs/e2-readiness-20261002/load-108309.hpc-head01/r1-empirical-11.jsonl,2.0,0.0067622411969378605,2.5547535675655944e-05,1576,3.5714125260710716e-05,3.5365112125873566e-05,3.5939738154411316e-05,6.31948933005333e-05,6.185900070704516e-05,6.517756497487425e-05,1576,0.005173664704045677,0.005156378034826048,0.005191417836613255,0.006006300181070401,0.005970353269731844,0.006035877747808627,1576,1.3823886089066946,1.3238414311927045,1.444008024112918,2.798480004177577,2.733880414347368,2.8661495152801035,1576,1576,1.0,1.0,1.0,0,1576,0.0,0.0,0.0,1576,1576,1.0,1.0,1.0,203,1576,0.12880710659898478,0.11068211068211069,0.14778348760908824,1576,1576,1.0,1.0,1.0,1333,1576,0.8458121827411168,0.8261680269161146,0.8662104353103753,1576,1576,1.0,1.0,1.0,1576,1576,1.0,1.0,1.0,1576,1576,1.0,1.0,1.0,1576,1576,1.0,1.0,1.0,Edge,RQ1a,Oracle,M4-Max,data/source/sok/cross-study/edge/hf/runs/EXP-2026-001/_reference/RQ1a/base,1ca84ce6fbbf49e722fd300f01c66a55a5fc815d46b60cd70fa5923c5d3ef372
load,transport,empirical-11,,0.8,0.00034286083270380576,7.98665439450942,1576,load-results.json,/cells/43/domains/transport,/shared/homes/u171321/projects/jev/runs/e2-readiness-20261002/load-108309.hpc-head01/r1-empirical-11.jsonl,10.0,0.0007892188046640485,6.328208988235278e-05,1576,3.5714125260710716e-05,3.5365112125873566e-05,3.5939738154411316e-05,6.31948933005333e-05,6.185900070704516e-05,6.517756497487425e-05,1576,0.044425519457945484,0.04433117305961787,0.04454073497981881,0.051207257118221605,0.050696771788352635,0.051380226506039434,1576,0.5606845712363793,0.5593150811291707,0.5614894507089048,0.5860786549455952,0.5853488817992911,0.5874448169670359,1576,1576,1.0,1.0,1.0,0,1576,0.0,0.0,0.0,1576,1576,1.0,1.0,1.0,1576,1576,1.0,1.0,1.0,1576,1576,1.0,1.0,1.0,1576,1576,1.0,1.0,1.0,1576,1576,1.0,1.0,1.0,1576,1576,1.0,1.0,1.0,1576,1576,1.0,1.0,1.0,1576,1576,1.0,1.0,1.0,Edge,RQ1a,Oracle,M4-Max,data/source/sok/cross-study/edge/hf/runs/EXP-2026-001/_reference/RQ1a/base,1ca84ce6fbbf49e722fd300f01c66a55a5fc815d46b60cd70fa5923c5d3ef372
load,edge,empirical-12,,0.8,6.370732183021689,7.98665439450942,1576,load-results.json,/cells/44/domains/edge,/shared/homes/u171321/projects/jev/runs/e2-readiness-20261002/load-108309.hpc-head01/r1-empirical-12.jsonl,2.0,0.0008740029938333704,0.0008717605182229746,1576,0.7744705621153116,0.7738872650079429,0.7750345692038536,0.8760121318046004,0.8670616186311235,0.8871355042490178,1576,903.5242724084655,685.0240230100455,1123.004902739969,1375.7291644914771,1218.016285134176,1414.540494308947,1576,905.5809916454987,686.9144730550456,1125.4279911349677,1376.9535284784774,1219.8993536520425,1416.8288652019473,0,1576,0.0,0.0,0.0,0,1576,0.0,0.0,0.0,0,1576,0.0,0.0,0.0,0,1576,0.0,0.0,0.0,0,1576,0.0,0.0,0.0,0,1576,0.0,0.0,0.0,0,1576,0.0,0.0,0.0,0,1576,0.0,0.0,0.0,0,1576,0.0,0.0,0.0,0,1576,0.0,0.0,0.0,Edge,RQ1a,Qwen3.5-4B-JSON@cuda,H100-NVL,data/source/sok/cross-study/edge/hf/runs/EXP-2026-001/_selfhosted/qwen_json/RQ1a/base,abb59d3971857f411ab41e4117794688c65f2cd9b9ade49361673b31c8587b46
load,transport,empirical-12,,0.8,6.370732183021689,7.98665439450942,1576,load-results.json,/cells/44/domains/transport,/shared/homes/u171321/projects/jev/runs/e2-readiness-20261002/load-108309.hpc-head01/r1-empirical-12.jsonl,10.0,0.0008739615558915261,0.0008734390099153393,1576,0.7744705621153116,0.7738872650079429,0.7750345692038536,0.8760121318046004,0.8670616186311235,0.8871355042490178,1576,903.5653577099656,685.0706894160467,1123.0404724219698,1375.7719924417274,1218.0502819879846,1414.582938276948,1576,904.0913861574672,685.5853791390473,1123.5525422359715,1376.2956707024755,1218.5533702191603,1415.1127232359468,0,1576,0.0,0.0,0.0,0,1576,0.0,0.0,0.0,0,1576,0.0,0.0,0.0,0,1576,0.0,0.0,0.0,0,1576,0.0,0.0,0.0,0,1576,0.0,0.0,0.0,0,1576,0.0,0.0,0.0,0,1576,0.0,0.0,0.0,0,1576,0.0,0.0,0.0,0,1576,0.0,0.0,0.0,Edge,RQ1a,Qwen3.5-4B-JSON@cuda,H100-NVL,data/source/sok/cross-study/edge/hf/runs/EXP-2026-001/_selfhosted/qwen_json/RQ1a/base,abb59d3971857f411ab41e4117794688c65f2cd9b9ade49361673b31c8587b46
load,edge,empirical-13,,0.8,16.747630820567714,7.98665439450942,1576,load-results.json,/cells/45/domains/edge,/shared/homes/u171321/projects/jev/runs/e2-readiness-20261002/load-108309.hpc-head01/r1-empirical-13.jsonl,2.0,0.0007449832517104477,0.0007442393893563257,1576,1.7733329897746444,1.701147808227688,1.7916001465462612,4.083847496542148,3.6618041921639817,4.814492071978748,1576,2632.9606947238917,1977.2013544883805,3259.120492946782,4006.5414730521848,3525.0862053108026,4106.326104860893,1576,2635.1391109073916,1979.0918045333806,3261.5435813417807,4007.765837039185,3526.958988670401,4108.614475753893,0,1576,0.0,0.0,0.0,0,1576,0.0,0.0,0.0,0,1576,0.0,0.0,0.0,0,1576,0.0,0.0,0.0,0,1576,0.0,0.0,0.0,0,1576,0.0,0.0,0.0,0,1576,0.0,0.0,0.0,0,1576,0.0,0.0,0.0,0,1576,0.0,0.0,0.0,0,1576,0.0,0.0,0.0,Edge,RQ1a,Qwen3.8-Flash,hosted,data/source/sok/cross-study/edge/hf/runs/EXP-2026-001/RQ1a/base,3e2237ff5d1fbc4209644080ae85053d352f7c35331b0308093100da703cad03
load,transport,empirical-13,,0.8,16.747630820567714,7.98665439450942,1576,load-results.json,/cells/45/domains/transport,/shared/homes/u171321/projects/jev/runs/e2-readiness-20261002/load-108309.hpc-head01/r1-empirical-13.jsonl,10.0,0.0007449658787670582,0.0007447445421894012,1576,1.7733329897746444,1.701147808227688,1.7916001465462612,4.083847496542148,3.6618041921639817,4.814492071978748,1576,2633.001780025392,1977.2480208943816,3259.156062628783,4006.584301002435,3525.1202021646104,4106.368548828894,1576,2633.5278084728934,1977.7627106173823,3259.6681324427846,4007.107979263183,3525.6232903957866,4106.898333787893,0,1576,0.0,0.0,0.0,0,1576,0.0,0.0,0.0,0,1576,0.0,0.0,0.0,0,1576,0.0,0.0,0.0,0,1576,0.0,0.0,0.0,0,1576,0.0,0.0,0.0,0,1576,0.0,0.0,0.0,0,1576,0.0,0.0,0.0,0,1576,0.0,0.0,0.0,0,1576,0.0,0.0,0.0,Edge,RQ1a,Qwen3.8-Flash,hosted,data/source/sok/cross-study/edge/hf/runs/EXP-2026-001/RQ1a/base,3e2237ff5d1fbc4209644080ae85053d352f7c35331b0308093100da703cad03
load,edge,empirical-14,,0.8,0.0009445809561571402,7.98665439450942,1576,load-results.json,/cells/46/domains/edge,/shared/homes/u171321/projects/jev/runs/e2-readiness-20261002/load-108309.hpc-head01/r1-empirical-14.jsonl,2.0,0.018572108319446782,6.962585848550526e-05,1576,9.74554568529129e-05,9.69003071077168e-05,9.797699749469757e-05,0.00013126526027917862,0.0001278426963835954,0.0001412977813743055,1576,0.005239520864961378,0.00522383766110579,0.0052583110345949535,0.006088151442099843,0.006042691827224189,0.006137684307759628,1576,1.3824543288483255,1.323898226270103,1.4440647740211716,2.7985423435346775,2.733944099116343,2.8662256737168175,1576,1576,1.0,1.0,1.0,0,1576,0.0,0.0,0.0,1576,1576,1.0,1.0,1.0,203,1576,0.12880710659898478,0.11068211068211069,0.14778348760908824,1576,1576,1.0,1.0,1.0,1333,1576,0.8458121827411168,0.8261680269161146,0.8662104353103753,1576,1576,1.0,1.0,1.0,1576,1576,1.0,1.0,1.0,1576,1576,1.0,1.0,1.0,1576,1576,1.0,1.0,1.0,Edge,RQ1a,Rule,M4-Max,data/source/sok/cross-study/edge/hf/runs/EXP-2026-001/_reference/RQ1a/base,e818ae2dfa639f6eabba964d99a59ae33c9c623d4ed21b327855f5a08b455237
load,transport,empirical-14,,0.8,0.0009445809561571402,7.98665439450942,1576,load-results.json,/cells/46/domains/transport,/shared/homes/u171321/projects/jev/runs/e2-readiness-20261002/load-108309.hpc-head01/r1-empirical-14.jsonl,10.0,0.002191862674493888,0.00017434030773835345,1576,9.74554568529129e-05,9.69003071077168e-05,9.797699749469757e-05,0.00013126526027917862,0.0001278426963835954,0.0001412977813743055,1576,0.04449995444247179,0.04440043588390381,0.044616045261841465,0.051272963064548094,0.050766781727725176,0.05144858720181219,1576,0.5607422195207619,0.5593893801087688,0.5615578719899531,0.5864476665774419,0.5854087340827391,0.5875551349199668,1576,1576,1.0,1.0,1.0,0,1576,0.0,0.0,0.0,1576,1576,1.0,1.0,1.0,1576,1576,1.0,1.0,1.0,1576,1576,1.0,1.0,1.0,1576,1576,1.0,1.0,1.0,1576,1576,1.0,1.0,1.0,1576,1576,1.0,1.0,1.0,1576,1576,1.0,1.0,1.0,1576,1576,1.0,1.0,1.0,Edge,RQ1a,Rule,M4-Max,data/source/sok/cross-study/edge/hf/runs/EXP-2026-001/_reference/RQ1a/base,e818ae2dfa639f6eabba964d99a59ae33c9c623d4ed21b327855f5a08b455237
load,edge,empirical-15,,0.8,1.1697098102444672,7.98665439450942,1576,load-results.json,/cells/47/domains/edge,/shared/homes/u171321/projects/jev/runs/e2-readiness-20261002/load-108309.hpc-head01/r1-empirical-15.jsonl,2.0,0.003691255154851651,0.003512120032653095,1576,0.1240806570276618,0.12398554291576147,0.12417354877106845,0.2957924003712833,0.2803845410235226,0.2999413190409541,1576,36.600334613919586,29.912945440811058,43.94826648290746,51.61902396492724,47.67179518043437,52.027176382146536,1576,38.152725873231645,31.49071388048794,45.47461994741889,53.0875570087581,49.30368965228112,53.772838423182876,0,1576,0.0,0.0,0.0,0,1576,0.0,0.0,0.0,0,1576,0.0,0.0,0.0,0,1576,0.0,0.0,0.0,0,1576,0.0,0.0,0.0,0,1576,0.0,0.0,0.0,0,1576,0.0,0.0,0.0,0,1576,0.0,0.0,0.0,0,1576,0.0,0.0,0.0,0,1576,0.0,0.0,0.0,Edge,RQ1a,SemIf-Qwen3.5-4B@cuda,H100-NVL,data/source/sok/cross-study/edge/hf/runs/EXP-2026-001/_selfhosted/semif/RQ1a/base,01ee15db7e0e5ff82b212432204da1f5486bf015753d53014b096432f21034c5
load,transport,empirical-15,,0.8,1.1697098102444672,7.98665439450942,1576,load-results.json,/cells/47/domains/transport,/shared/homes/u171321/projects/jev/runs/e2-readiness-20261002/load-108309.hpc-head01/r1-empirical-15.jsonl,10.0,0.0036868296992388994,0.0036302954501779136,1576,0.1240806570276618,0.12398554291576147,0.12417354877106845,0.2957924003712833,0.2803845410235226,0.2999413190409541,1576,36.64381925489215,29.95851068931006,43.98703775890681,51.65871497983244,47.70576213417297,52.070547755145526,1576,37.17246920589423,30.472735654811913,44.49242579290694,52.17039325843052,48.20883523604127,52.59137009065307,0,1576,0.0,0.0,0.0,0,1576,0.0,0.0,0.0,0,1576,0.0,0.0,0.0,0,1576,0.0,0.0,0.0,0,1576,0.0,0.0,0.0,0,1576,0.0,0.0,0.0,0,1576,0.0,0.0,0.0,0,1576,0.0,0.0,0.0,0,1576,0.0,0.0,0.0,0,1576,0.0,0.0,0.0,Edge,RQ1a,SemIf-Qwen3.5-4B@cuda,H100-NVL,data/source/sok/cross-study/edge/hf/runs/EXP-2026-001/_selfhosted/semif/RQ1a/base,01ee15db7e0e5ff82b212432204da1f5486bf015753d53014b096432f21034c5
load,edge,empirical-16,,0.8,0.0011517196643339857,7.98665439450942,1576,load-results.json,/cells/48/domains/edge,/shared/homes/u171321/projects/jev/runs/e2-readiness-20261002/load-108309.hpc-head01/r1-empirical-16.jsonl,2.0,0.024449520595285858,8.981914022843535e-05,1576,0.00013041519559919834,0.0001295069232583046,0.0001314682886004448,0.00015545357018709183,0.00015332242182921618,0.00015857908874750137,1576,0.005276995438862286,0.005262111553690829,0.005288342905259924,0.006122852173575666,0.0060859817808704975,0.00616800862034779,1576,1.3824824035673373,1.323948275114526,1.444106470031329,2.7985823827219747,2.733989675388875,2.8662391306522297,1576,1576,1.0,1.0,1.0,0,1576,0.0,0.0,0.0,1576,1576,1.0,1.0,1.0,203,1576,0.12880710659898478,0.11068211068211069,0.14778348760908824,1576,1576,1.0,1.0,1.0,1333,1576,0.8458121827411168,0.8261680269161146,0.8662104353103753,1576,1576,1.0,1.0,1.0,1576,1576,1.0,1.0,1.0,1576,1576,1.0,1.0,1.0,1576,1576,1.0,1.0,1.0,SoK,policy,cheapest,as-recorded,baseline,0302283c8262e12184aa0f679b3091914bae18d45452ffb8a10340a75cd11bc6
load,transport,empirical-16,,0.8,0.0011517196643339857,7.98665439450942,1576,load-results.json,/cells/48/domains/transport,/shared/homes/u171321/projects/jev/runs/e2-readiness-20261002/load-108309.hpc-head01/r1-empirical-16.jsonl,10.0,0.002906366013025941,0.00023408839966594717,1576,0.00013041519559919834,0.0001295069232583046,0.0001314682886004448,0.00015545357018709183,0.00015332242182921618,0.00015857908874750137,1576,0.04453656517944182,0.044430385969462804,0.04466184975535725,0.05129673556439229,0.050815526126825716,0.051503265527935584,1576,0.5607912066225254,0.5594064824890665,0.5616055917562335,0.5862659353524577,0.5854492187681899,0.5875779090165452,1576,1576,1.0,1.0,1.0,0,1576,0.0,0.0,0.0,1576,1576,1.0,1.0,1.0,1576,1576,1.0,1.0,1.0,1576,1576,1.0,1.0,1.0,1576,1576,1.0,1.0,1.0,1576,1576,1.0,1.0,1.0,1576,1576,1.0,1.0,1.0,1576,1576,1.0,1.0,1.0,1576,1576,1.0,1.0,1.0,SoK,policy,cheapest,as-recorded,baseline,0302283c8262e12184aa0f679b3091914bae18d45452ffb8a10340a75cd11bc6
load,edge,empirical-17,,0.8,7.292058434260084,7.98665439450942,1576,load-results.json,/cells/49/domains/edge,/shared/homes/u171321/projects/jev/runs/e2-readiness-20261002/load-108309.hpc-head01/r1-empirical-17.jsonl,2.0,0.0005199119408603277,0.0005193757666775876,1576,0.47294111852534115,0.46884159557521343,0.4777527810074389,1.667607074487023,1.624328936577076,1.848477533366531,1576,1017.0459785215917,747.3438001252937,1229.5724938418316,1566.6742740829472,1432.6899061790875,1616.5394928019032,1576,1018.7846027819128,749.2342501702938,1231.9955822368302,1567.8986380699475,1434.4601151357829,1618.7157099356973,0,1576,0.0,0.0,0.0,0,1576,0.0,0.0,0.0,0,1576,0.0,0.0,0.0,0,1576,0.0,0.0,0.0,0,1576,0.0,0.0,0.0,0,1576,0.0,0.0,0.0,0,1576,0.0,0.0,0.0,0,1576,0.0,0.0,0.0,0,1576,0.0,0.0,0.0,0,1576,0.0,0.0,0.0,SoK,policy,deepseek,as-recorded,continuation,b2f77a156cf672176000c22b63df106475b7d3a745328a4225f2003a333c4acf
load,transport,empirical-17,,0.8,7.292058434260084,7.98665439450942,1576,load-results.json,/cells/49/domains/transport,/shared/homes/u171321/projects/jev/runs/e2-readiness-20261002/load-108309.hpc-head01/r1-empirical-17.jsonl,10.0,0.0005198899633804925,0.0005196133339732496,1576,0.47294111852534115,0.46884159557521343,0.4777527810074389,1.667607074487023,1.624328936577076,1.848477533366531,1576,1017.0870638230917,747.3904665312948,1229.6080635238322,1566.7171020331975,1432.7249071148956,1616.5819367699041,1576,1017.6130922705934,747.9051562542954,1230.120133337834,1567.2407802939456,1433.228080581072,1617.111721728903,0,1576,0.0,0.0,0.0,0,1576,0.0,0.0,0.0,0,1576,0.0,0.0,0.0,0,1576,0.0,0.0,0.0,0,1576,0.0,0.0,0.0,0,1576,0.0,0.0,0.0,0,1576,0.0,0.0,0.0,0,1576,0.0,0.0,0.0,0,1576,0.0,0.0,0.0,0,1576,0.0,0.0,0.0,SoK,policy,deepseek,as-recorded,continuation,b2f77a156cf672176000c22b63df106475b7d3a745328a4225f2003a333c4acf
load,edge,empirical-18,,0.8,0.0009186957876520602,7.98665439450942,1576,load-results.json,/cells/50/domains/edge,/shared/homes/u171321/projects/jev/runs/e2-readiness-20261002/load-108309.hpc-head01/r1-empirical-18.jsonl,2.0,0.018818057624351684,6.96973062632392e-05,1576,9.862496517598629e-05,9.719282388687134e-05,9.926003986038268e-05,0.00012836279347538948,0.0001261262223124504,0.00013334210962057114,1576,0.005248142019013358,0.0052328359320199525,0.005268319295737456,0.006090373622100742,0.006044835949523986,0.006125197989149456,1576,1.3824553679714882,1.323910224964493,1.4440716753542802,2.7985627046908803,2.7339642907823145,2.8662187284404173,1576,1576,1.0,1.0,1.0,0,1576,0.0,0.0,0.0,1576,1576,1.0,1.0,1.0,203,1576,0.12880710659898478,0.11068211068211069,0.14778348760908824,1576,1576,1.0,1.0,1.0,1333,1576,0.8458121827411168,0.8261680269161146,0.8662104353103753,1576,1576,1.0,1.0,1.0,1576,1576,1.0,1.0,1.0,1576,1576,1.0,1.0,1.0,1576,1576,1.0,1.0,1.0,SoK,policy,first,as-recorded,baseline,d44918bdec4211c1758cd181482c3c9dbe2e0d28020192f6e91a3908e6f89650
load,transport,empirical-18,,0.8,0.0009186957876520602,7.98665439450942,1576,load-results.json,/cells/50/domains/transport,/shared/homes/u171321/projects/jev/runs/e2-readiness-20261002/load-108309.hpc-head01/r1-empirical-18.jsonl,10.0,0.002224537686073479,0.0001753240835544411,1576,9.862496517598629e-05,9.719282388687134e-05,9.926003986038268e-05,0.00012836279347538948,0.0001261262223124504,0.00013334210962057114,1576,0.04450420103057695,0.04440636315939628,0.04462698759743944,0.05127074431447909,0.05079020441131433,0.051456886782561925,1576,0.5607649268677051,0.5593721553705109,0.5615650098407059,0.5862324176350739,0.5854249927397177,0.5875634988951788,1576,1576,1.0,1.0,1.0,0,1576,0.0,0.0,0.0,1576,1576,1.0,1.0,1.0,1576,1576,1.0,1.0,1.0,1576,1576,1.0,1.0,1.0,1576,1576,1.0,1.0,1.0,1576,1576,1.0,1.0,1.0,1576,1576,1.0,1.0,1.0,1576,1576,1.0,1.0,1.0,1576,1576,1.0,1.0,1.0,SoK,policy,first,as-recorded,baseline,d44918bdec4211c1758cd181482c3c9dbe2e0d28020192f6e91a3908e6f89650
load,edge,empirical-19,,0.8,7.5735393196986776,7.98665439450942,1576,load-results.json,/cells/51/domains/edge,/shared/homes/u171321/projects/jev/runs/e2-readiness-20261002/load-108309.hpc-head01/r1-empirical-19.jsonl,2.0,0.0008651811487233387,0.0008644520439931396,1576,0.9219808164052665,0.9189233249053359,0.9234360356349498,1.1443277150392532,1.117171871010214,1.2017212850041687,1576,1106.4037903439148,839.0215515472221,1376.49404614601,1686.9701426702782,1494.0555968185229,1731.6802981478631,1576,1108.5437661997662,840.9120015922222,1378.9171345410086,1688.1945066572785,1495.937045364033,1733.9686690408635,0,1576,0.0,0.0,0.0,0,1576,0.0,0.0,0.0,0,1576,0.0,0.0,0.0,0,1576,0.0,0.0,0.0,0,1576,0.0,0.0,0.0,0,1576,0.0,0.0,0.0,0,1576,0.0,0.0,0.0,0,1576,0.0,0.0,0.0,0,1576,0.0,0.0,0.0,0,1576,0.0,0.0,0.0,SoK,policy,gemini,as-recorded,continuation,d7b83f9970ddba506e93c309bcbf36f40c339ca9ae388b63eeb84fd7e841c78f
load,transport,empirical-19,,0.8,7.5735393196986776,7.98665439450942,1576,load-results.json,/cells/51/domains/transport,/shared/homes/u171321/projects/jev/runs/e2-readiness-20261002/load-108309.hpc-head01/r1-empirical-19.jsonl,10.0,0.0008651532434560876,0.0008647889662673363,1576,0.9219808164052665,0.9189233249053359,0.9234360356349498,1.1443277150392532,1.117171871010214,1.2017212850041687,1576,1106.4448756454149,839.0682179532232,1376.5296158280107,1687.0129706205284,1494.0895936723311,1731.722742115864,1576,1106.9709040929165,839.5829076762238,1377.0416856420125,1687.5366488812765,1494.5926819035074,1732.2525270748629,0,1576,0.0,0.0,0.0,0,1576,0.0,0.0,0.0,0,1576,0.0,0.0,0.0,0,1576,0.0,0.0,0.0,0,1576,0.0,0.0,0.0,0,1576,0.0,0.0,0.0,0,1576,0.0,0.0,0.0,0,1576,0.0,0.0,0.0,0,1576,0.0,0.0,0.0,0,1576,0.0,0.0,0.0,SoK,policy,gemini,as-recorded,continuation,d7b83f9970ddba506e93c309bcbf36f40c339ca9ae388b63eeb84fd7e841c78f
load,edge,empirical-20,,0.8,8.864493757195733,7.98665439450942,1576,load-results.json,/cells/52/domains/edge,/shared/homes/u171321/projects/jev/runs/e2-readiness-20261002/load-108309.hpc-head01/r1-empirical-20.jsonl,2.0,0.0006718637475784295,0.0006712647614789432,1576,0.8131054055411369,0.8115531810559332,0.8217150715645403,1.4432291176635772,1.4208667636848986,1.6948224507813574,1576,1318.455978712429,1024.1944281604367,1636.7023769258121,2015.9724746529942,1774.7431216509308,2058.432209220855,1576,1320.467103544545,1025.8980562061734,1639.1254653208107,2017.1968386399944,1776.6159050105293,2060.7205801138552,0,1576,0.0,0.0,0.0,0,1576,0.0,0.0,0.0,0,1576,0.0,0.0,0.0,0,1576,0.0,0.0,0.0,0,1576,0.0,0.0,0.0,0,1576,0.0,0.0,0.0,0,1576,0.0,0.0,0.0,0,1576,0.0,0.0,0.0,0,1576,0.0,0.0,0.0,0,1576,0.0,0.0,0.0,SoK,policy,glm47,as-recorded,continuation,263ae1afd4f5ea17d5904baf7c9791c1478604dd72c4f2c1a5d7da47d6aa7610
load,transport,empirical-20,,0.8,8.864493757195733,7.98665439450942,1576,load-results.json,/cells/52/domains/transport,/shared/homes/u171321/projects/jev/runs/e2-readiness-20261002/load-108309.hpc-head01/r1-empirical-20.jsonl,10.0,0.0006718462638131386,0.0006716214521514112,1576,0.8131054055411369,0.8115531810559332,0.8217150715645403,1.4432291176635772,1.4208667636848986,1.6948224507813574,1576,1318.497064013929,1024.2410945664378,1636.7379466078128,2016.0153026032444,1774.7771185047393,2058.474653188856,1576,1319.0230924614307,1024.7557842894385,1637.2500164218145,2016.5389808639925,1775.280206735915,2059.0044381478547,0,1576,0.0,0.0,0.0,0,1576,0.0,0.0,0.0,0,1576,0.0,0.0,0.0,0,1576,0.0,0.0,0.0,0,1576,0.0,0.0,0.0,0,1576,0.0,0.0,0.0,0,1576,0.0,0.0,0.0,0,1576,0.0,0.0,0.0,0,1576,0.0,0.0,0.0,0,1576,0.0,0.0,0.0,SoK,policy,glm47,as-recorded,continuation,263ae1afd4f5ea17d5904baf7c9791c1478604dd72c4f2c1a5d7da47d6aa7610
load,edge,empirical-21,,0.8,2.8710889001562108,7.98665439450942,1576,load-results.json,/cells/53/domains/edge,/shared/homes/u171321/projects/jev/runs/e2-readiness-20261002/load-108309.hpc-head01/r1-empirical-21.jsonl,2.0,0.0011071469252485694,0.0011009498509119637,1576,0.35027098725549877,0.3473052065819502,0.3543589496985078,0.48430066427681595,0.483345041051507,0.4879009909927845,1576,320.29020202708307,242.12565973133246,395.89678209271005,484.16572288291036,428.3701359355468,497.6889233478814,1576,321.9261388049149,244.01610977633254,397.5256226038143,485.7571280739071,429.93693966699584,499.7086217951128,0,1576,0.0,0.0,0.0,0,1576,0.0,0.0,0.0,0,1576,0.0,0.0,0.0,0,1576,0.0,0.0,0.0,0,1576,0.0,0.0,0.0,0,1576,0.0,0.0,0.0,0,1576,0.0,0.0,0.0,0,1576,0.0,0.0,0.0,0,1576,0.0,0.0,0.0,0,1576,0.0,0.0,0.0,SoK,policy,jev,as-recorded,continuation,c27aedb7f8a7981e2f7237b8dfd11a28afbbc375b07b99e7cc7d861b12868325
load,transport,empirical-21,,0.8,2.8710889001562108,7.98665439450942,1576,load-results.json,/cells/53/domains/transport,/shared/homes/u171321/projects/jev/runs/e2-readiness-20261002/load-108309.hpc-head01/r1-empirical-21.jsonl,10.0,0.0011070051365175515,0.0011052033169808278,1576,0.35027098725549877,0.3473052065819502,0.3543589496985078,0.48430066427681595,0.483345041051507,0.4879009909927845,1576,320.33128732858313,242.17232613733358,395.9323517747107,484.20855083316064,428.4041327893553,497.7313673158824,1576,320.85731577608476,242.6870158603342,396.44442158871243,484.7322290939087,428.9072210205312,498.26115227488117,0,1576,0.0,0.0,0.0,0,1576,0.0,0.0,0.0,0,1576,0.0,0.0,0.0,0,1576,0.0,0.0,0.0,0,1576,0.0,0.0,0.0,0,1576,0.0,0.0,0.0,0,1576,0.0,0.0,0.0,0,1576,0.0,0.0,0.0,0,1576,0.0,0.0,0.0,0,1576,0.0,0.0,0.0,SoK,policy,jev,as-recorded,continuation,c27aedb7f8a7981e2f7237b8dfd11a28afbbc375b07b99e7cc7d861b12868325
load,edge,empirical-22,,0.8,2.6964018942568355,7.98665439450942,1576,load-results.json,/cells/54/domains/edge,/shared/homes/u171321/projects/jev/runs/e2-readiness-20261002/load-108309.hpc-head01/r1-empirical-22.jsonl,2.0,0.0011470500500060593,0.0011417130703002386,1576,0.3296424525324255,0.3281637537293136,0.3303408012725413,0.39509738236665726,0.38806178874452596,0.3957372950389981,1576,292.04803654052193,223.45959370036076,360.8070532870079,440.81664177805624,391.51185986009204,452.3954272239007,1576,293.6920475609754,225.09410162113682,362.46802108674797,442.4703638375072,393.0728818394802,454.42391612269967,0,1576,0.0,0.0,0.0,0,1576,0.0,0.0,0.0,0,1576,0.0,0.0,0.0,0,1576,0.0,0.0,0.0,0,1576,0.0,0.0,0.0,0,1576,0.0,0.0,0.0,0,1576,0.0,0.0,0.0,0,1576,0.0,0.0,0.0,0,1576,0.0,0.0,0.0,0,1576,0.0,0.0,0.0,SoK,policy,qwen,as-recorded,continuation,1646e3878276bf3675d599e594f9ecd43f9aa7a7deed92efdc92ed7cde816c83
load,transport,empirical-22,,0.8,2.6964018942568355,7.98665439450942,1576,load-results.json,/cells/54/domains/transport,/shared/homes/u171321/projects/jev/runs/e2-readiness-20261002/load-108309.hpc-head01/r1-empirical-22.jsonl,10.0,0.0011469030337912215,0.0011451017161373976,1576,0.3296424525324255,0.3281637537293136,0.3303408012725413,0.39509738236665726,0.38806178874452596,0.3957372950389981,1576,292.089121842022,223.50626010636188,360.8426229690085,440.8594697283065,391.5458567139005,452.43787119190165,1576,292.6151502895236,224.0209498293625,361.35469278301025,441.3831479890546,392.0489449450764,452.96765615090044,0,1576,0.0,0.0,0.0,0,1576,0.0,0.0,0.0,0,1576,0.0,0.0,0.0,0,1576,0.0,0.0,0.0,0,1576,0.0,0.0,0.0,0,1576,0.0,0.0,0.0,0,1576,0.0,0.0,0.0,0,1576,0.0,0.0,0.0,0,1576,0.0,0.0,0.0,0,1576,0.0,0.0,0.0,SoK,policy,qwen,as-recorded,continuation,1646e3878276bf3675d599e594f9ecd43f9aa7a7deed92efdc92ed7cde816c83
load,edge,empirical-23,,0.8,0.0012500637228698432,7.98665439450942,1576,load-results.json,/cells/55/domains/edge,/shared/homes/u171321/projects/jev/runs/e2-readiness-20261002/load-108309.hpc-head01/r1-empirical-23.jsonl,2.0,0.02678454818561754,9.982902002400277e-05,1576,0.00014393148012459278,0.0001430693082511425,0.00014496734365820885,0.00016957439947873354,0.00016661593690514565,0.00017417268827557558,1576,0.005291090590617387,0.00527631815384666,0.005310345197244715,0.006137325153076745,0.006092556918247283,0.006188180425415337,1576,1.3825149763415538,1.3239542272203835,1.4441200570963701,2.798608339613452,2.7340050354214327,2.866285874229925,1576,1576,1.0,1.0,1.0,0,1576,0.0,0.0,0.0,1576,1576,1.0,1.0,1.0,203,1576,0.12880710659898478,0.11068211068211069,0.14778348760908824,1576,1576,1.0,1.0,1.0,1333,1576,0.8458121827411168,0.8261680269161146,0.8662104353103753,1576,1576,1.0,1.0,1.0,1576,1576,1.0,1.0,1.0,1576,1576,1.0,1.0,1.0,1576,1576,1.0,1.0,1.0,SoK,policy,rule,as-recorded,baseline,4cbe1b9276ca1bd4d7a52dccddf461bd005801b4f63506da4c90ca5b890af941
load,transport,empirical-23,,0.8,0.0012500637228698432,7.98665439450942,1576,load-results.json,/cells/55/domains/transport,/shared/homes/u171321/projects/jev/runs/e2-readiness-20261002/load-108309.hpc-head01/r1-empirical-23.jsonl,10.0,0.003206938266746664,0.0002566140491077708,1576,0.00014393148012459278,0.0001430693082511425,0.00014496734365820885,0.00016957439947873354,0.00016661593690514565,0.00017417268827557558,1576,0.04455226892969222,0.04445621774357278,0.04467547719941649,0.051329502613498335,0.050840211762988474,0.05150173291556712,1576,0.5608049776383268,0.5594329982086492,0.5616122532014742,0.5862803777208683,0.5854549720133946,0.5876122034068976,1576,1576,1.0,1.0,1.0,0,1576,0.0,0.0,0.0,1576,1576,1.0,1.0,1.0,1576,1576,1.0,1.0,1.0,1576,1576,1.0,1.0,1.0,1576,1576,1.0,1.0,1.0,1576,1576,1.0,1.0,1.0,1576,1576,1.0,1.0,1.0,1576,1576,1.0,1.0,1.0,1576,1576,1.0,1.0,1.0,SoK,policy,rule,as-recorded,baseline,4cbe1b9276ca1bd4d7a52dccddf461bd005801b4f63506da4c90ca5b890af941
load,edge,controlled-0.0,0.0,0.95,0.0003592175048843899,9.484152093479937,1929,load-results.json,/cells/56/domains/edge,/shared/homes/u171321/projects/jev/runs/e2-readiness-20261002/load-108309.hpc-head01/r2-controlled-0.0.jsonl,2.0,0.005490488895023991,2.0720488684199415e-05,1929,2.7860980480909348e-05,2.763187512755394e-05,2.8091948479413986e-05,5.8299303054809565e-05,5.710486904717982e-05,5.917505535762756e-05,1929,0.005161793889783439,0.005146357954799896,0.005185018224437954,0.006014040355785255,0.00597511736984984,0.006063134187115793,1929,1.3823832817415678,1.367466360112303,1.4033704441098962,2.8120611263740103,2.7338596047826287,2.8585601752013643,1929,1929,1.0,1.0,1.0,0,1929,0.0,0.0,0.0,1929,1929,1.0,1.0,1.0,238,1929,0.12337998963193364,0.1141076207990708,0.13276346479174042,1929,1929,1.0,1.0,1.0,1627,1929,0.8434421980300674,0.827585300409732,0.859462333270289,1929,1929,1.0,1.0,1.0,1929,1929,1.0,1.0,1.0,1929,1929,1.0,1.0,1.0,1929,1929,1.0,1.0,1.0,,,,,,507cd9df149d1ed81f8bf2788e3f96516431a81234992d098032b01e22888ede
load,transport,controlled-0.0,0.0,0.95,0.0003592175048843899,9.484152093479937,1929,load-results.json,/cells/56/domains/transport,/shared/homes/u171321/projects/jev/runs/e2-readiness-20261002/load-108309.hpc-head01/r2-controlled-0.0.jsonl,10.0,0.0006371340010855114,4.991805601132487e-05,1929,2.7860980480909348e-05,2.763187512755394e-05,2.8091948479413986e-05,5.8299303054809565e-05,5.710486904717982e-05,5.917505535762756e-05,1929,0.04452362192751025,0.04442310145168449,0.044754596860002493,0.05119828994647833,0.05067878422414651,0.05134101522207857,1929,0.5606930740941607,0.5595740630014916,0.5614866332616657,0.5869982739044645,0.585639358159824,0.5878195964304905,1929,1929,1.0,1.0,1.0,0,1929,0.0,0.0,0.0,1929,1929,1.0,1.0,1.0,1929,1929,1.0,1.0,1.0,1929,1929,1.0,1.0,1.0,1929,1929,1.0,1.0,1.0,1929,1929,1.0,1.0,1.0,1929,1929,1.0,1.0,1.0,1929,1929,1.0,1.0,1.0,1929,1929,1.0,1.0,1.0,,,,,,507cd9df149d1ed81f8bf2788e3f96516431a81234992d098032b01e22888ede
load,edge,controlled-0.1,0.1,0.95,0.9550593060705946,9.484152093479937,1929,load-results.json,/cells/57/domains/edge,/shared/homes/u171321/projects/jev/runs/e2-readiness-20261002/load-108309.hpc-head01/r2-controlled-0.1.jsonl,2.0,0.0697378040430751,0.03404595997045538,1929,0.10064726741984487,0.10062065720558167,0.10066878702491522,0.10148600237444043,0.10139103699475527,0.10154015129548498,1929,1.44076962791587,0.9263982858715281,1.8306253870014189,2.674146962903796,2.272780733403579,3.1907333710269086,1929,2.95402840630004,2.5379961790831658,3.26461262064658,4.654819393006982,4.323152066930183,4.912467844091469,363,1929,0.18818040435458788,0.07768215839570589,0.3157350278056405,0,1929,0.0,0.0,0.0,660,1929,0.3421461897356143,0.18145231319071,0.5195315997316249,5,1929,0.002592016588906169,0.0005040322580645161,0.005339028296849973,1425,1929,0.7387247278382582,0.6008125437698717,0.8678075330798043,358,1929,0.1855883877656817,0.09335812014790523,0.2898767869066924,1929,1929,1.0,1.0,1.0,1893,1929,0.9813374805598756,0.9607728227625114,0.9947675710256628,1929,1929,1.0,1.0,1.0,1929,1929,1.0,1.0,1.0,,,,,,cc2cbc4fea4920b8c79f6941b4d7d85ce6f7e52eb5863991a72dec53c1c8b0b6
load,transport,controlled-0.1,0.1,0.95,0.9550593060705946,9.484152093479937,1929,load-results.json,/cells/57/domains/transport,/shared/homes/u171321/projects/jev/runs/e2-readiness-20261002/load-108309.hpc-head01/r2-controlled-0.1.jsonl,10.0,0.06804534335279289,0.05029038938350414,1929,0.10064726741984487,0.10062065720558167,0.10066878702491522,0.10148600237444043,0.10139103699475527,0.10154015129548498,1929,1.4803248593943863,0.9689758152526338,1.8707743220056727,2.7109001681048537,2.3152479482332637,3.225988608028274,1929,2.0016600522430963,1.485637332971237,2.3863965791242663,3.231058976501663,2.831173305628049,3.7298322262231522,334,1929,0.1731467081389321,0.07021501754665337,0.29213874118807587,0,1929,0.0,0.0,0.0,641,1929,0.3322965266977709,0.17285242542348747,0.5088494543629818,321,1929,0.16640746500777606,0.06639396938429516,0.28267722753765073,1382,1929,0.7164333851736651,0.5715730586840545,0.8527135774674873,964,1929,0.4997407983411094,0.3270873367390593,0.6738695340711393,1929,1929,1.0,1.0,1.0,1929,1929,1.0,1.0,1.0,1929,1929,1.0,1.0,1.0,1929,1929,1.0,1.0,1.0,,,,,,cc2cbc4fea4920b8c79f6941b4d7d85ce6f7e52eb5863991a72dec53c1c8b0b6
load,edge,controlled-0.5,0.5,0.95,4.749279525366558,9.484152093479937,1929,load-results.json,/cells/58/domains/edge,/shared/homes/u171321/projects/jev/runs/e2-readiness-20261002/load-108309.hpc-head01/r2-controlled-0.5.jsonl,2.0,0.0007967570752711838,0.0007953125756360397,1929,0.500687655992806,0.5006670099683106,0.5007140873931348,0.5016868334263563,0.5016050920821726,0.5017483471892774,1929,627.8023956888155,467.0301029230699,785.7882866109354,970.5690521473841,859.0137297046629,996.5937302228867,1929,628.9426521858159,468.87167482006475,787.1964875691374,972.3036265941704,860.9235700724522,998.2965269698489,0,1929,0.0,0.0,0.0,0,1929,0.0,0.0,0.0,0,1929,0.0,0.0,0.0,0,1929,0.0,0.0,0.0,0,1929,0.0,0.0,0.0,0,1929,0.0,0.0,0.0,0,1929,0.0,0.0,0.0,0,1929,0.0,0.0,0.0,0,1929,0.0,0.0,0.0,0,1929,0.0,0.0,0.0,,,,,,1d4c6d2cc058d0859047fffdcac2787a9e4602fe45d7adcefead03a82b234894
load,transport,controlled-0.5,0.5,0.95,4.749279525366558,9.484152093479937,1929,load-results.json,/cells/58/domains/transport,/shared/homes/u171321/projects/jev/runs/e2-readiness-20261002/load-108309.hpc-head01/r2-controlled-0.5.jsonl,10.0,0.0007967114045847614,0.0007960410111892901,1929,0.500687655992806,0.5006670099683106,0.5007140873931348,0.5016868334263563,0.5016050920821726,0.5017483471892774,1929,627.8383838348163,467.0731652980703,785.8339261259352,970.6128847517843,859.0500008925321,996.6348625598876,1929,628.367123811815,467.6084071250698,786.3715019119372,971.1275571157843,859.557301938336,997.1257115558874,0,1929,0.0,0.0,0.0,0,1929,0.0,0.0,0.0,0,1929,0.0,0.0,0.0,0,1929,0.0,0.0,0.0,0,1929,0.0,0.0,0.0,0,1929,0.0,0.0,0.0,0,1929,0.0,0.0,0.0,0,1929,0.0,0.0,0.0,0,1929,0.0,0.0,0.0,0,1929,0.0,0.0,0.0,,,,,,1d4c6d2cc058d0859047fffdcac2787a9e4602fe45d7adcefead03a82b234894
load,edge,controlled-2.0,2.0,0.95,18.977326279048395,9.484152093479937,1929,load-results.json,/cells/59/domains/edge,/shared/homes/u171321/projects/jev/runs/e2-readiness-20261002/load-108309.hpc-head01/r2-controlled-2.0.jsonl,2.0,0.0006711693492076472,0.0006709127454151942,1929,2.0008192928507924,2.000769888563082,2.0008976890239865,2.0019180237315597,2.0018191412091255,2.0021867707837373,1929,2981.2989495079764,2223.491009212122,3731.924166472126,4625.778721337936,4085.106859875505,4749.949678081075,1929,2982.4392060049768,2226.443819024122,3733.7169338661265,4627.480032132336,4086.737074628251,4751.1660738040755,0,1929,0.0,0.0,0.0,0,1929,0.0,0.0,0.0,0,1929,0.0,0.0,0.0,0,1929,0.0,0.0,0.0,0,1929,0.0,0.0,0.0,0,1929,0.0,0.0,0.0,0,1929,0.0,0.0,0.0,0,1929,0.0,0.0,0.0,0,1929,0.0,0.0,0.0,0,1929,0.0,0.0,0.0,,,,,,840c17ca9dfb79e75037eb82ffa753c4ac23c851763e8485ef6972a62d13e0cd
load,transport,controlled-2.0,2.0,0.95,18.977326279048395,9.484152093479937,1929,load-results.json,/cells/59/domains/transport,/shared/homes/u171321/projects/jev/runs/e2-readiness-20261002/load-108309.hpc-head01/r2-controlled-2.0.jsonl,10.0,0.0006711612474206841,0.000671042238028945,1929,2.0008192928507924,2.000769888563082,2.0008976890239865,2.0019180237315597,2.0018191412091255,2.0021867707837373,1929,2981.3349376539772,2223.5340715871225,3731.969805987126,4625.8225539423365,4085.1431310633748,4749.990810418076,1929,2981.863677630976,2224.069313414122,3732.507381773128,4626.337226306337,4085.6504321091784,4750.481659414076,0,1929,0.0,0.0,0.0,0,1929,0.0,0.0,0.0,0,1929,0.0,0.0,0.0,0,1929,0.0,0.0,0.0,0,1929,0.0,0.0,0.0,0,1929,0.0,0.0,0.0,0,1929,0.0,0.0,0.0,0,1929,0.0,0.0,0.0,0,1929,0.0,0.0,0.0,0,1929,0.0,0.0,0.0,,,,,,840c17ca9dfb79e75037eb82ffa753c4ac23c851763e8485ef6972a62d13e0cd
load,edge,empirical-00,,0.95,3.8467574415569863,9.484152093479937,1929,load-results.json,/cells/60/domains/edge,/shared/homes/u171321/projects/jev/runs/e2-readiness-20261002/load-108309.hpc-head01/r2-empirical-00.jsonl,2.0,0.0008470278092810222,0.0008436939200623195,1929,0.40431380178779364,0.4038817100226879,0.4046832141466439,0.4222771738655865,0.4201580067863687,0.42327630100771785,1929,478.03430108491193,355.21478677915854,598.4689242648525,738.3779620089413,654.1498725678762,758.2725468557201,1929,479.17455758191227,356.8798049541481,599.7812993269217,740.1316254216614,656.0366932910116,760.0710569917883,0,1929,0.0,0.0,0.0,0,1929,0.0,0.0,0.0,0,1929,0.0,0.0,0.0,0,1929,0.0,0.0,0.0,0,1929,0.0,0.0,0.0,0,1929,0.0,0.0,0.0,0,1929,0.0,0.0,0.0,0,1929,0.0,0.0,0.0,0,1929,0.0,0.0,0.0,0,1929,0.0,0.0,0.0,6G,C1,AnyJev-L0,H100-NVL,c1_selfhosted/anyjev/c57_fresh/test,b75a57c7f25adc7d2583a6d4bda8433fdf519bff823092432817c5851bd6ecd2
load,transport,empirical-00,,0.95,3.8467574415569863,9.484152093479937,1929,load-results.json,/cells/60/domains/transport,/shared/homes/u171321/projects/jev/runs/e2-readiness-20261002/load-108309.hpc-head01/r2-empirical-00.jsonl,10.0,0.0008469512446697172,0.0008459892811700725,1929,0.40431380178779364,0.4038817100226879,0.4046832141466439,0.4222771738655865,0.4201580067863687,0.42327630100771785,1929,478.07028923091275,355.257849154159,598.5145637798523,738.4217946133416,654.1861437557455,758.3136791927209,1929,478.59902920791137,355.79309098115846,599.0521395658543,738.9364669773414,654.6934448015494,758.8045281887207,0,1929,0.0,0.0,0.0,0,1929,0.0,0.0,0.0,0,1929,0.0,0.0,0.0,0,1929,0.0,0.0,0.0,0,1929,0.0,0.0,0.0,0,1929,0.0,0.0,0.0,0,1929,0.0,0.0,0.0,0,1929,0.0,0.0,0.0,0,1929,0.0,0.0,0.0,0,1929,0.0,0.0,0.0,6G,C1,AnyJev-L0,H100-NVL,c1_selfhosted/anyjev/c57_fresh/test,b75a57c7f25adc7d2583a6d4bda8433fdf519bff823092432817c5851bd6ecd2
load,edge,empirical-01,,0.95,5.29995307874301,9.484152093479937,1929,load-results.json,/cells/61/domains/edge,/shared/homes/u171321/projects/jev/runs/e2-readiness-20261002/load-108309.hpc-head01/r2-empirical-01.jsonl,2.0,0.0007719714703278347,0.0007706400802176065,1929,0.5217141462489963,0.5206570290029049,0.522873620968312,0.820045973919332,0.8138901789026567,0.8343571587465703,1929,717.3520848001153,534.1301089339189,898.9103248868702,1111.119808679524,980.6583831773432,1140.4336180770642,1929,718.4923412971157,535.9860081933766,900.2610751012144,1112.8591371389473,982.5082731926235,1142.0583963640693,0,1929,0.0,0.0,0.0,0,1929,0.0,0.0,0.0,0,1929,0.0,0.0,0.0,0,1929,0.0,0.0,0.0,0,1929,0.0,0.0,0.0,0,1929,0.0,0.0,0.0,0,1929,0.0,0.0,0.0,0,1929,0.0,0.0,0.0,0,1929,0.0,0.0,0.0,0,1929,0.0,0.0,0.0,6G,C1,DeepSeek-V4.1-Flash,hosted,c1_hosted,ce22df867c9b1a28b37cc8f9ef42845b5559a4408f3f574cf3a7075afec23cba
load,transport,empirical-01,,0.95,5.29995307874301,9.484152093479937,1929,load-results.json,/cells/61/domains/transport,/shared/homes/u171321/projects/jev/runs/e2-readiness-20261002/load-108309.hpc-head01/r2-empirical-01.jsonl,10.0,0.0007719210439701401,0.0007712836896354179,1929,0.5217141462489963,0.5206570290029049,0.522873620968312,0.820045973919332,0.8138901789026567,0.8343571587465703,1929,717.3880729461162,534.1731713089193,898.95596440187,1111.1636412839246,980.6946543652125,1140.474750414065,1929,717.9168129231148,534.7084131359188,899.493540187872,1111.6783136479244,981.2019554110163,1140.965599410065,0,1929,0.0,0.0,0.0,0,1929,0.0,0.0,0.0,0,1929,0.0,0.0,0.0,0,1929,0.0,0.0,0.0,0,1929,0.0,0.0,0.0,0,1929,0.0,0.0,0.0,0,1929,0.0,0.0,0.0,0,1929,0.0,0.0,0.0,0,1929,0.0,0.0,0.0,0,1929,0.0,0.0,0.0,6G,C1,DeepSeek-V4.1-Flash,hosted,c1_hosted,ce22df867c9b1a28b37cc8f9ef42845b5559a4408f3f574cf3a7075afec23cba
load,edge,empirical-02,,0.95,12.162790266041211,9.484152093479937,1929,load-results.json,/cells/62/domains/edge,/shared/homes/u171321/projects/jev/runs/e2-readiness-20261002/load-108309.hpc-head01/r2-empirical-02.jsonl,2.0,0.0006584281785055196,0.0006578879117057979,1929,1.1393187339417636,1.122599754948169,1.1508041387423873,2.109172863326967,2.057574838469736,2.217311367669602,1929,1867.1990382410386,1382.1141649722354,2315.5751170417857,2868.8986744755725,2531.5048259120467,2947.208498008071,1929,1868.339294738039,1384.3769911460795,2317.367884435786,2870.5999852699724,2533.1350406647925,2948.4248937310713,0,1929,0.0,0.0,0.0,0,1929,0.0,0.0,0.0,0,1929,0.0,0.0,0.0,0,1929,0.0,0.0,0.0,0,1929,0.0,0.0,0.0,0,1929,0.0,0.0,0.0,0,1929,0.0,0.0,0.0,0,1929,0.0,0.0,0.0,0,1929,0.0,0.0,0.0,0,1929,0.0,0.0,0.0,6G,C1,GLM-5.3-Flash,hosted,c1_hosted,2d718404d201730dc709ec77b83ebd55e3116999ebf679c517152329ac75629d
load,transport,empirical-02,,0.95,12.162790266041211,9.484152093479937,1929,load-results.json,/cells/62/domains/transport,/shared/homes/u171321/projects/jev/runs/e2-readiness-20261002/load-108309.hpc-head01/r2-empirical-02.jsonl,10.0,0.0006584141055892185,0.0006582060860079541,1929,1.1393187339417636,1.122599754948169,1.1508041387423873,2.109172863326967,2.057574838469736,2.217311367669602,1929,1867.2350263870394,1382.1572273472357,2315.6207565567856,2868.9425070799725,2531.5410970999164,2947.2496303450716,1929,1867.763766364038,1382.6924691742352,2316.1583323427876,2869.4571794439726,2532.04839814572,2947.7404793410715,0,1929,0.0,0.0,0.0,0,1929,0.0,0.0,0.0,0,1929,0.0,0.0,0.0,0,1929,0.0,0.0,0.0,0,1929,0.0,0.0,0.0,0,1929,0.0,0.0,0.0,0,1929,0.0,0.0,0.0,0,1929,0.0,0.0,0.0,0,1929,0.0,0.0,0.0,0,1929,0.0,0.0,0.0,6G,C1,GLM-5.3-Flash,hosted,c1_hosted,2d718404d201730dc709ec77b83ebd55e3116999ebf679c517152329ac75629d
load,edge,empirical-03,,0.95,2.776009044567659,9.484152093479937,1929,load-results.json,/cells/63/domains/edge,/shared/homes/u171321/projects/jev/runs/e2-readiness-20261002/load-108309.hpc-head01/r2-empirical-03.jsonl,2.0,0.0009690926294506839,0.0009626929362220278,1929,0.2767744711600244,0.27381504606455564,0.27973057702183723,0.36531965602189304,0.3628658219706264,0.37852930184453726,1929,300.7322953082421,222.19572263911812,379.1260039019031,465.80030462917256,413.0784756969581,478.1451201820619,1929,301.8063569327942,223.64978420197144,380.49152800412276,467.5237896814483,414.84435064051485,480.0741169769044,0,1929,0.0,0.0,0.0,0,1929,0.0,0.0,0.0,0,1929,0.0,0.0,0.0,0,1929,0.0,0.0,0.0,0,1929,0.0,0.0,0.0,0,1929,0.0,0.0,0.0,0,1929,0.0,0.0,0.0,0,1929,0.0,0.0,0.0,0,1929,0.0,0.0,0.0,0,1929,0.0,0.0,0.0,6G,C1,Jev-1.13.0,hosted,c1_hosted,f4ea70d37025506a7a8a7aba97b2fc5914bfdb2695713e213618c4e3c1cb83ad
load,transport,empirical-03,,0.95,2.776009044567659,9.484152093479937,1929,load-results.json,/cells/63/domains/transport,/shared/homes/u171321/projects/jev/runs/e2-readiness-20261002/load-108309.hpc-head01/r2-empirical-03.jsonl,10.0,0.0009689608866624192,0.0009672156981163247,1929,0.2767744711600244,0.27381504606455564,0.27973057702183723,0.36531965602189304,0.3628658219706264,0.37852930184453726,1929,300.7682834542429,222.23878501411855,379.17164341690295,465.84413723357284,413.11474688482735,478.1862525190627,1929,301.29702343124154,222.77402684111803,379.70921920290493,466.35880959757264,413.62204793063125,478.67710151506253,0,1929,0.0,0.0,0.0,0,1929,0.0,0.0,0.0,0,1929,0.0,0.0,0.0,0,1929,0.0,0.0,0.0,0,1929,0.0,0.0,0.0,0,1929,0.0,0.0,0.0,0,1929,0.0,0.0,0.0,0,1929,0.0,0.0,0.0,0,1929,0.0,0.0,0.0,0,1929,0.0,0.0,0.0,6G,C1,Jev-1.13.0,hosted,c1_hosted,f4ea70d37025506a7a8a7aba97b2fc5914bfdb2695713e213618c4e3c1cb83ad
load,edge,empirical-04,,0.95,4.078859196104351,9.484152093479937,1929,load-results.json,/cells/64/domains/edge,/shared/homes/u171321/projects/jev/runs/e2-readiness-20261002/load-108309.hpc-head01/r2-empirical-04.jsonl,2.0,0.0008327230682948854,0.0008309259158339103,1929,0.42977232206612825,0.429610681720078,0.4299998488277197,0.4401276956312358,0.439801751813502,0.4403546643210575,1929,516.6706702308529,384.2996983891584,646.8769499458937,798.374684411458,707.0769145357832,819.7356923189818,1929,517.8109267278533,386.0007874450937,648.2152629861412,800.1252652833606,708.9810566439264,821.5147017431173,0,1929,0.0,0.0,0.0,0,1929,0.0,0.0,0.0,0,1929,0.0,0.0,0.0,0,1929,0.0,0.0,0.0,0,1929,0.0,0.0,0.0,0,1929,0.0,0.0,0.0,0,1929,0.0,0.0,0.0,0,1929,0.0,0.0,0.0,0,1929,0.0,0.0,0.0,0,1929,0.0,0.0,0.0,6G,C1,Qwen3.5-4B-JSON,H100-NVL,c1_selfhosted/qwen_json/c57_fresh/test,53a43e717ccd2eab8222b1158533980a8460e9498427a7e32ffc7afa58cb2a8f
load,transport,empirical-04,,0.95,4.078859196104351,9.484152093479937,1929,load-results.json,/cells/64/domains/transport,/shared/homes/u171321/projects/jev/runs/e2-readiness-20261002/load-108309.hpc-head01/r2-empirical-04.jsonl,10.0,0.0008326550576551949,0.0008317925208140632,1929,0.42977232206612825,0.429610681720078,0.4299998488277197,0.4401276956312358,0.439801751813502,0.4403546643210575,1929,516.7066583768537,384.3427607641588,646.9225894608935,798.4185170158584,707.1131857236525,819.7768246559826,1929,517.2353983538524,384.8780025911583,647.4601652468955,798.9331893798582,707.6204867694563,820.2676736519825,0,1929,0.0,0.0,0.0,0,1929,0.0,0.0,0.0,0,1929,0.0,0.0,0.0,0,1929,0.0,0.0,0.0,0,1929,0.0,0.0,0.0,0,1929,0.0,0.0,0.0,0,1929,0.0,0.0,0.0,0,1929,0.0,0.0,0.0,0,1929,0.0,0.0,0.0,0,1929,0.0,0.0,0.0,6G,C1,Qwen3.5-4B-JSON,H100-NVL,c1_selfhosted/qwen_json/c57_fresh/test,53a43e717ccd2eab8222b1158533980a8460e9498427a7e32ffc7afa58cb2a8f
load,edge,empirical-05,,0.95,21.29905491491255,9.484152093479937,1929,load-results.json,/cells/65/domains/edge,/shared/homes/u171321/projects/jev/runs/e2-readiness-20261002/load-108309.hpc-head01/r2-empirical-05.jsonl,2.0,0.0006692361321356382,0.0006688533810594926,1929,2.2111289338208735,2.189485986129148,2.227862644009292,2.924206679780036,2.870587974456139,2.992429379723035,1929,3352.9893295829916,2489.1845662840874,4206.030913600196,5224.179987905718,4605.136759888362,5362.882421964767,1929,3354.129586079992,2492.0937045526907,4207.8236809941955,5225.881298700117,4606.7669746411075,5364.098817687767,0,1929,0.0,0.0,0.0,0,1929,0.0,0.0,0.0,0,1929,0.0,0.0,0.0,0,1929,0.0,0.0,0.0,0,1929,0.0,0.0,0.0,0,1929,0.0,0.0,0.0,0,1929,0.0,0.0,0.0,0,1929,0.0,0.0,0.0,0,1929,0.0,0.0,0.0,0,1929,0.0,0.0,0.0,6G,C1,Qwen3.8-Flash,hosted,c1_hosted_qwen_block3,0ea214cb7114795b702557b3b301155058ba192bc1f6423303cf562446fa255e
load,transport,empirical-05,,0.95,21.29905491491255,9.484152093479937,1929,load-results.json,/cells/65/domains/transport,/shared/homes/u171321/projects/jev/runs/e2-readiness-20261002/load-108309.hpc-head01/r2-empirical-05.jsonl,10.0,0.0006692297108409484,0.0006691241628959056,1929,2.2111289338208735,2.189485986129148,2.227862644009292,2.924206679780036,2.870587974456139,2.992429379723035,1929,3353.0253177289924,2489.2276286590877,4206.076553115196,5224.223820510118,4605.173031076231,5362.923554301768,1929,3353.554057705991,2489.762870486087,4206.614128901198,5224.738492874118,4605.680332122035,5363.414403297767,0,1929,0.0,0.0,0.0,0,1929,0.0,0.0,0.0,0,1929,0.0,0.0,0.0,0,1929,0.0,0.0,0.0,0,1929,0.0,0.0,0.0,0,1929,0.0,0.0,0.0,0,1929,0.0,0.0,0.0,0,1929,0.0,0.0,0.0,0,1929,0.0,0.0,0.0,0,1929,0.0,0.0,0.0,6G,C1,Qwen3.8-Flash,hosted,c1_hosted_qwen_block3,0ea214cb7114795b702557b3b301155058ba192bc1f6423303cf562446fa255e
load,edge,empirical-06,,0.95,4.264088007393314,9.484152093479937,1929,load-results.json,/cells/66/domains/edge,/shared/homes/u171321/projects/jev/runs/e2-readiness-20261002/load-108309.hpc-head01/r2-empirical-06.jsonl,2.0,0.0008204107967470905,0.0008182000974555635,1929,0.432369499001652,0.4321431203279644,0.4325555129908025,0.5241694441065192,0.5227502783609088,0.5254879132157658,1929,545.7528618410961,405.6599483420372,683.1793276411114,845.1214645727382,747.5110626639137,867.5914011299483,1929,546.8931183380964,407.3628477991849,684.5217220400264,846.8709172381456,749.3853373394703,869.3624806990574,0,1929,0.0,0.0,0.0,0,1929,0.0,0.0,0.0,0,1929,0.0,0.0,0.0,0,1929,0.0,0.0,0.0,0,1929,0.0,0.0,0.0,0,1929,0.0,0.0,0.0,0,1929,0.0,0.0,0.0,0,1929,0.0,0.0,0.0,0,1929,0.0,0.0,0.0,0,1929,0.0,0.0,0.0,6G,C1,SemIf-Qwen3.5-4B,H100-NVL,c1_selfhosted/semif/c57_fresh/test,dffed0ddb25dd425e4228ce5bf33a4a2d56184e6c69ad84d677a8f1474959dde
load,transport,empirical-06,,0.95,4.264088007393314,9.484152093479937,1929,load-results.json,/cells/66/domains/transport,/shared/homes/u171321/projects/jev/runs/e2-readiness-20261002/load-108309.hpc-head01/r2-empirical-06.jsonl,10.0,0.0008203496056884643,0.000819553309787553,1929,0.432369499001652,0.4321431203279644,0.4325555129908025,0.5241694441065192,0.5227502783609088,0.5254879132157658,1929,545.7888499870969,405.7030107170376,683.2249671561112,845.1652971771385,747.5473338517829,867.6325334669491,1929,546.3175899640955,406.2382525440371,683.7625429421132,845.6799695411383,748.0546348975868,868.1233824629489,0,1929,0.0,0.0,0.0,0,1929,0.0,0.0,0.0,0,1929,0.0,0.0,0.0,0,1929,0.0,0.0,0.0,0,1929,0.0,0.0,0.0,0,1929,0.0,0.0,0.0,0,1929,0.0,0.0,0.0,0,1929,0.0,0.0,0.0,0,1929,0.0,0.0,0.0,0,1929,0.0,0.0,0.0,6G,C1,SemIf-Qwen3.5-4B,H100-NVL,c1_selfhosted/semif/c57_fresh/test,dffed0ddb25dd425e4228ce5bf33a4a2d56184e6c69ad84d677a8f1474959dde
load,edge,empirical-07,,0.95,4.993157395898501,9.484152093479937,1929,load-results.json,/cells/67/domains/edge,/shared/homes/u171321/projects/jev/runs/e2-readiness-20261002/load-108309.hpc-head01/r2-empirical-07.jsonl,2.0,0.0005861720345226148,0.0005851956232450477,1929,0.37848168425261974,0.3765913830138743,0.38069341517984867,1.0540662019513547,0.7521105520427227,1.1529838706587907,1929,694.4184215850928,535.4995463942408,847.9453920079028,1046.8557677520284,941.6504561316328,1080.4440398947208,1929,695.5586780820931,537.082547315146,849.2076541272727,1048.6202048046882,943.2506295601326,1082.2690766309115,0,1929,0.0,0.0,0.0,0,1929,0.0,0.0,0.0,0,1929,0.0,0.0,0.0,0,1929,0.0,0.0,0.0,0,1929,0.0,0.0,0.0,0,1929,0.0,0.0,0.0,0,1929,0.0,0.0,0.0,0,1929,0.0,0.0,0.0,0,1929,0.0,0.0,0.0,0,1929,0.0,0.0,0.0,Edge,RQ1a,DeepSeek-V4.1-Flash,hosted,data/source/sok/cross-study/edge/hf/runs/EXP-2026-001/RQ1a/base,dd45134890d3b403d442fa7626dbef298455927946709c139001f8f2e4a94fd1
load,transport,empirical-07,,0.95,4.993157395898501,9.484152093479937,1929,load-results.json,/cells/67/domains/transport,/shared/homes/u171321/projects/jev/runs/e2-readiness-20261002/load-108309.hpc-head01/r2-empirical-07.jsonl,10.0,0.0005861356563610996,0.0005856445490623012,1929,0.37848168425261974,0.3765913830138743,0.38069341517984867,1.0540662019513547,0.7521105520427227,1.1529838706587907,1929,694.4544097310936,535.5426087692413,847.9910315229026,1046.8996003564287,941.6867273195022,1080.4851722317217,1929,694.9831497080922,536.0778505962408,848.5286073089046,1047.4142727204285,942.194028365306,1080.9760212277215,0,1929,0.0,0.0,0.0,0,1929,0.0,0.0,0.0,0,1929,0.0,0.0,0.0,0,1929,0.0,0.0,0.0,0,1929,0.0,0.0,0.0,0,1929,0.0,0.0,0.0,0,1929,0.0,0.0,0.0,0,1929,0.0,0.0,0.0,0,1929,0.0,0.0,0.0,0,1929,0.0,0.0,0.0,Edge,RQ1a,DeepSeek-V4.1-Flash,hosted,data/source/sok/cross-study/edge/hf/runs/EXP-2026-001/RQ1a/base,dd45134890d3b403d442fa7626dbef298455927946709c139001f8f2e4a94fd1
load,edge,empirical-08,,0.95,9.035819108957398,9.484152093479937,1929,load-results.json,/cells/68/domains/edge,/shared/homes/u171321/projects/jev/runs/e2-readiness-20261002/load-108309.hpc-head01/r2-empirical-08.jsonl,2.0,0.0005670764409523904,0.0005664670282009331,1929,0.6501290388405323,0.6456265607848763,0.6616227657068521,2.7282954283058642,2.560411105343374,2.7669688160531223,1929,1330.7867414871962,1001.1664986391783,1666.2325635118973,2097.7209678326576,1854.2372678888623,2156.178052871941,1929,1331.9269979841965,1002.7510066030763,1667.8301756553155,2099.4453141116905,1855.8674826416077,2157.3944485949414,0,1929,0.0,0.0,0.0,0,1929,0.0,0.0,0.0,0,1929,0.0,0.0,0.0,0,1929,0.0,0.0,0.0,0,1929,0.0,0.0,0.0,0,1929,0.0,0.0,0.0,0,1929,0.0,0.0,0.0,0,1929,0.0,0.0,0.0,0,1929,0.0,0.0,0.0,0,1929,0.0,0.0,0.0,Edge,RQ1a,GLM-5.3-Flash,hosted,data/source/sok/cross-study/edge/hf/runs/EXP-2026-001/RQ1a/base,c93dffe9828259015f27b69e8cb832995062137fb2788c431d89b4a7249c64db
load,transport,empirical-08,,0.95,9.035819108957398,9.484152093479937,1929,load-results.json,/cells/68/domains/transport,/shared/homes/u171321/projects/jev/runs/e2-readiness-20261002/load-108309.hpc-head01/r2-empirical-08.jsonl,10.0,0.000567062322285162,0.0005668512124818722,1929,0.6501290388405323,0.6456265607848763,0.6616227657068521,2.7282954283058642,2.560411105343374,2.7669688160531223,1929,1330.822729633197,1001.2095610141787,1666.2782030268972,2097.764800437058,1854.2735390767316,2156.219185208942,1929,1331.3514696101956,1001.7448028411782,1666.8157788128992,2098.279472801058,1854.7808401225357,2156.7100342049416,0,1929,0.0,0.0,0.0,0,1929,0.0,0.0,0.0,0,1929,0.0,0.0,0.0,0,1929,0.0,0.0,0.0,0,1929,0.0,0.0,0.0,0,1929,0.0,0.0,0.0,0,1929,0.0,0.0,0.0,0,1929,0.0,0.0,0.0,0,1929,0.0,0.0,0.0,0,1929,0.0,0.0,0.0,Edge,RQ1a,GLM-5.3-Flash,hosted,data/source/sok/cross-study/edge/hf/runs/EXP-2026-001/RQ1a/base,c93dffe9828259015f27b69e8cb832995062137fb2788c431d89b4a7249c64db
load,edge,empirical-09,,0.95,2.741656362462719,9.484152093479937,1929,load-results.json,/cells/69/domains/edge,/shared/homes/u171321/projects/jev/runs/e2-readiness-20261002/load-108309.hpc-head01/r2-empirical-09.jsonl,2.0,0.0009620390222039663,0.0009580740664453441,1929,0.2737345420755446,0.2721377636771649,0.2754557922715321,0.3779372896067798,0.3714887346513566,0.39090932855964633,1929,294.6495265830108,218.4024253110632,369.28721998721414,453.55623670824184,402.85368806831093,466.6907525746956,1929,295.7842980127907,220.43247018496618,370.44084879511865,455.2945285792003,404.6727933133307,468.58501754512145,0,1929,0.0,0.0,0.0,0,1929,0.0,0.0,0.0,0,1929,0.0,0.0,0.0,0,1929,0.0,0.0,0.0,0,1929,0.0,0.0,0.0,0,1929,0.0,0.0,0.0,0,1929,0.0,0.0,0.0,0,1929,0.0,0.0,0.0,0,1929,0.0,0.0,0.0,0,1929,0.0,0.0,0.0,Edge,RQ1a,Jev-1.13.0,hosted,data/source/sok/cross-study/edge/hf/runs/EXP-2026-001/RQ1a/base,d1d7a959e32c9607284915e91fab377d6e61ea77e7b0ecaeceeb315681ac74ab
load,transport,empirical-09,,0.95,2.741656362462719,9.484152093479937,1929,load-results.json,/cells/69/domains/transport,/shared/homes/u171321/projects/jev/runs/e2-readiness-20261002/load-108309.hpc-head01/r2-empirical-09.jsonl,10.0,0.0009618986208459376,0.0009601271719484412,1929,0.2737345420755446,0.2721377636771649,0.2754557922715321,0.3779372896067798,0.3714887346513566,0.39090932855964633,1929,294.68551472901163,218.44548768606364,369.332859502214,453.6000693126421,402.88995925618025,466.7318849116964,1929,295.21425470601025,218.98072951306312,369.87043528821596,454.114741676642,403.39726030198403,467.22273390769624,0,1929,0.0,0.0,0.0,0,1929,0.0,0.0,0.0,0,1929,0.0,0.0,0.0,0,1929,0.0,0.0,0.0,0,1929,0.0,0.0,0.0,0,1929,0.0,0.0,0.0,0,1929,0.0,0.0,0.0,0,1929,0.0,0.0,0.0,0,1929,0.0,0.0,0.0,0,1929,0.0,0.0,0.0,Edge,RQ1a,Jev-1.13.0,hosted,data/source/sok/cross-study/edge/hf/runs/EXP-2026-001/RQ1a/base,d1d7a959e32c9607284915e91fab377d6e61ea77e7b0ecaeceeb315681ac74ab
load,edge,empirical-10,,0.95,0.7592128981250678,9.484152093479937,1929,load-results.json,/cells/70/domains/edge,/shared/homes/u171321/projects/jev/runs/e2-readiness-20261002/load-108309.hpc-head01/r2-empirical-10.jsonl,2.0,0.34311502237218366,0.035442079995980036,1929,0.055748912040144205,0.05569142026361078,0.05578793492168188,0.22222966449335216,0.21627641529776154,0.22380244778469205,1929,0.2318495390627504,0.18663983254817823,0.2965746159123512,1.018130277681484,0.6502487155966489,1.3008942990081778,1929,1.8016454982653158,1.6970221507985799,1.9145750987113388,3.108903539550556,2.9831015672457397,3.2784500207562814,1520,1929,0.7879730430274754,0.6852584773321182,0.8828385150734804,0,1929,0.0,0.0,0.0,1829,1929,0.9481596682218766,0.8709351534333557,0.9962059620596206,48,1929,0.024883359253499222,0.0159547092125579,0.03463237549851723,1929,1929,1.0,1.0,1.0,1202,1929,0.623120787973043,0.5569288943810241,0.6756036325969911,1929,1929,1.0,1.0,1.0,1929,1929,1.0,1.0,1.0,1929,1929,1.0,1.0,1.0,1929,1929,1.0,1.0,1.0,Edge,RQ1a,Laya@cuda,H100-NVL,data/source/sok/cross-study/edge/hf/runs/EXP-2026-001/_selfhosted/laya/RQ1a/base,3f7f4b6449b3eda334ce5043d5329ce4f643ecd6a876ed22a5cf53ea9377614b
load,transport,empirical-10,,0.95,0.7592128981250678,9.484152093479937,1929,load-results.json,/cells/70/domains/transport,/shared/homes/u171321/projects/jev/runs/e2-readiness-20261002/load-108309.hpc-head01/r2-empirical-10.jsonl,10.0,0.2877230374124633,0.08079953043233537,1929,0.055748912040144205,0.05569142026361078,0.05578793492168188,0.22222966449335216,0.21627641529776154,0.22380244778469205,1929,0.2723748690004868,0.2263118136826961,0.33682396935801057,1.0576136321171359,0.691258695358863,1.3422589421679731,1929,0.7903829732604208,0.7428239069522533,0.8526129635337838,1.5741169503467967,1.207693143211468,1.850443534025544,1470,1929,0.7620528771384136,0.6602312946555139,0.8590515607393387,0,1929,0.0,0.0,0.0,1820,1929,0.9434940383618455,0.8633930196114643,0.9942857142857143,1449,1929,0.7511664074650077,0.6491296109638682,0.8490364025695931,1929,1929,1.0,1.0,1.0,1916,1929,0.993260756868844,0.9797297297297297,1.0,1929,1929,1.0,1.0,1.0,1929,1929,1.0,1.0,1.0,1929,1929,1.0,1.0,1.0,1929,1929,1.0,1.0,1.0,Edge,RQ1a,Laya@cuda,H100-NVL,data/source/sok/cross-study/edge/hf/runs/EXP-2026-001/_selfhosted/laya/RQ1a/base,3f7f4b6449b3eda334ce5043d5329ce4f643ecd6a876ed22a5cf53ea9377614b
load,edge,empirical-11,,0.95,0.00038595788546125426,9.484152093479937,1929,load-results.json,/cells/71/domains/edge,/shared/homes/u171321/projects/jev/runs/e2-readiness-20261002/load-108309.hpc-head01/r2-empirical-11.jsonl,2.0,0.006932944660991459,2.601625236555686e-05,1929,3.646034747362137e-05,3.63239087164402e-05,3.6630779504776e-05,6.252601742744445e-05,6.182841025292873e-05,6.304774433374405e-05,1929,0.005175612854145584,0.00516023577984015,0.0051975917876916355,0.00602779105420268,0.005989195037727768,0.006076505727833137,1929,1.382395463906505,1.3674783788301283,1.40338432151475,2.8120752001482288,2.7338730289593514,2.858571757975824,1929,1929,1.0,1.0,1.0,0,1929,0.0,0.0,0.0,1929,1929,1.0,1.0,1.0,238,1929,0.12337998963193364,0.1141076207990708,0.13276346479174042,1929,1929,1.0,1.0,1.0,1627,1929,0.8434421980300674,0.827585300409732,0.859462333270289,1929,1929,1.0,1.0,1.0,1929,1929,1.0,1.0,1.0,1929,1929,1.0,1.0,1.0,1929,1929,1.0,1.0,1.0,Edge,RQ1a,Oracle,M4-Max,data/source/sok/cross-study/edge/hf/runs/EXP-2026-001/_reference/RQ1a/base,59b589b85b72fb7ecc1ccd855a2ef8490e4b6bdd26c1a618302c750002331aa7
load,transport,empirical-11,,0.95,0.00038595788546125426,9.484152093479937,1929,load-results.json,/cells/71/domains/transport,/shared/homes/u171321/projects/jev/runs/e2-readiness-20261002/load-108309.hpc-head01/r2-empirical-11.jsonl,10.0,0.0008094319071119054,6.484931351869037e-05,1929,3.646034747362137e-05,3.63239087164402e-05,3.6630779504776e-05,6.252601742744445e-05,6.182841025292873e-05,6.304774433374405e-05,1929,0.044536884324770654,0.04443592605639424,0.04476111099575064,0.051212255501013715,0.05069245939230314,0.05135483587127965,1929,0.5607071398881089,0.5595841240792652,0.5614960452076048,0.5870126460744359,0.5856490499681968,0.5878333286473935,1929,1929,1.0,1.0,1.0,0,1929,0.0,0.0,0.0,1929,1929,1.0,1.0,1.0,1929,1929,1.0,1.0,1.0,1929,1929,1.0,1.0,1.0,1929,1929,1.0,1.0,1.0,1929,1929,1.0,1.0,1.0,1929,1929,1.0,1.0,1.0,1929,1929,1.0,1.0,1.0,1929,1929,1.0,1.0,1.0,Edge,RQ1a,Oracle,M4-Max,data/source/sok/cross-study/edge/hf/runs/EXP-2026-001/_reference/RQ1a/base,59b589b85b72fb7ecc1ccd855a2ef8490e4b6bdd26c1a618302c750002331aa7
load,edge,empirical-12,,0.95,7.557244424332233,9.484152093479937,1929,load-results.json,/cells/72/domains/edge,/shared/homes/u171321/projects/jev/runs/e2-readiness-20261002/load-108309.hpc-head01/r2-empirical-12.jsonl,2.0,0.0007261661026068999,0.0007248330856159215,1929,0.7744687302038074,0.7740470259450376,0.7750155599787831,0.88185830777511,0.8679721407592297,0.8869857861340279,1929,1092.3768944288404,812.2296295380451,1367.946721573789,1694.535063769094,1495.3556734587066,1740.116202326013,1929,1093.5171509258407,813.9935526347936,1369.6300334812877,1696.2363745634943,1497.0390847131814,1741.5700902077097,0,1929,0.0,0.0,0.0,0,1929,0.0,0.0,0.0,0,1929,0.0,0.0,0.0,0,1929,0.0,0.0,0.0,0,1929,0.0,0.0,0.0,0,1929,0.0,0.0,0.0,0,1929,0.0,0.0,0.0,0,1929,0.0,0.0,0.0,0,1929,0.0,0.0,0.0,0,1929,0.0,0.0,0.0,Edge,RQ1a,Qwen3.5-4B-JSON@cuda,H100-NVL,data/source/sok/cross-study/edge/hf/runs/EXP-2026-001/_selfhosted/qwen_json/RQ1a/base,ddb857123759fe8366bf107e15495172d4491be4103652e06240a9a681532aa5
load,transport,empirical-12,,0.95,7.557244424332233,9.484152093479937,1929,load-results.json,/cells/72/domains/transport,/shared/homes/u171321/projects/jev/runs/e2-readiness-20261002/load-108309.hpc-head01/r2-empirical-12.jsonl,10.0,0.0007261367132620569,0.0007257692427303536,1929,0.7744687302038074,0.7740470259450376,0.7750155599787831,0.88185830777511,0.8679721407592297,0.8869857861340279,1929,1092.4128825748412,812.2726919130455,1367.992361088789,1694.5788963734942,1495.3919446465761,1740.157334663014,1929,1092.9416225518398,812.807933740045,1368.529936874791,1695.0935687374943,1495.8992456923797,1740.6481836590137,0,1929,0.0,0.0,0.0,0,1929,0.0,0.0,0.0,0,1929,0.0,0.0,0.0,0,1929,0.0,0.0,0.0,0,1929,0.0,0.0,0.0,0,1929,0.0,0.0,0.0,0,1929,0.0,0.0,0.0,0,1929,0.0,0.0,0.0,0,1929,0.0,0.0,0.0,0,1929,0.0,0.0,0.0,Edge,RQ1a,Qwen3.5-4B-JSON@cuda,H100-NVL,data/source/sok/cross-study/edge/hf/runs/EXP-2026-001/_selfhosted/qwen_json/RQ1a/base,ddb857123759fe8366bf107e15495172d4491be4103652e06240a9a681532aa5
load,edge,empirical-13,,0.95,19.860639503373232,9.484152093479937,1929,load-results.json,/cells/73/domains/edge,/shared/homes/u171321/projects/jev/runs/e2-readiness-20261002/load-108309.hpc-head01/r2-empirical-13.jsonl,2.0,0.0006211446879077764,0.0006209762667634861,1929,1.7738853488117456,1.7361812936142087,1.7931464640423656,3.93393806098029,3.635326911798911,4.254873407175163,1929,3161.53824815804,2361.8845169460633,3958.661203712188,4860.210255300145,4313.683919932441,4990.035353902715,1929,3162.6785046550403,2364.837326758063,3960.4539711061884,4861.911566094545,4315.314134685185,4991.251749625715,0,1929,0.0,0.0,0.0,0,1929,0.0,0.0,0.0,0,1929,0.0,0.0,0.0,0,1929,0.0,0.0,0.0,0,1929,0.0,0.0,0.0,0,1929,0.0,0.0,0.0,0,1929,0.0,0.0,0.0,0,1929,0.0,0.0,0.0,0,1929,0.0,0.0,0.0,0,1929,0.0,0.0,0.0,Edge,RQ1a,Qwen3.8-Flash,hosted,data/source/sok/cross-study/edge/hf/runs/EXP-2026-001/RQ1a/base,7840a58502cf3a01b48dd451d147ee217c17b1868510bff833a68f061007a2e5
load,transport,empirical-13,,0.95,19.860639503373232,9.484152093479937,1929,load-results.json,/cells/73/domains/transport,/shared/homes/u171321/projects/jev/runs/e2-readiness-20261002/load-108309.hpc-head01/r2-empirical-13.jsonl,10.0,0.0006211382532579255,0.0006210614728726731,1929,1.7738853488117456,1.7361812936142087,1.7931464640423656,3.93393806098029,3.635326911798911,4.254873407175163,1929,3161.574236304041,2361.9275793210636,3958.706843227188,4860.2540879045455,4313.720191120309,4990.076486239715,1929,3162.1029762810394,2362.462821148063,3959.24441901319,4860.768760268545,4314.227492166114,4990.567335235715,0,1929,0.0,0.0,0.0,0,1929,0.0,0.0,0.0,0,1929,0.0,0.0,0.0,0,1929,0.0,0.0,0.0,0,1929,0.0,0.0,0.0,0,1929,0.0,0.0,0.0,0,1929,0.0,0.0,0.0,0,1929,0.0,0.0,0.0,0,1929,0.0,0.0,0.0,0,1929,0.0,0.0,0.0,Edge,RQ1a,Qwen3.8-Flash,hosted,data/source/sok/cross-study/edge/hf/runs/EXP-2026-001/RQ1a/base,7840a58502cf3a01b48dd451d147ee217c17b1868510bff833a68f061007a2e5
load,edge,empirical-14,,0.95,0.000998397628667758,9.484152093479937,1929,load-results.json,/cells/74/domains/edge,/shared/homes/u171321/projects/jev/runs/e2-readiness-20261002/load-108309.hpc-head01/r2-empirical-14.jsonl,2.0,0.018696447455728044,6.876704310977159e-05,1929,9.770598262548447e-05,9.729759767651558e-05,9.830174967646599e-05,0.00012985719367861748,0.0001269911415874958,0.00013407602615188804,1929,0.005242931771135773,0.005225162611168344,0.005262543698790978,0.006098402907355194,0.006060033367035088,0.006167504776385613,1929,1.3824693699407362,1.3675359340995783,1.4034497411048505,2.8121395682285764,2.7339333953130702,2.8586306712276746,1929,1929,1.0,1.0,1.0,0,1929,0.0,0.0,0.0,1929,1929,1.0,1.0,1.0,238,1929,0.12337998963193364,0.1141076207990708,0.13276346479174042,1929,1929,1.0,1.0,1.0,1627,1929,0.8434421980300674,0.827585300409732,0.859462333270289,1929,1929,1.0,1.0,1.0,1929,1929,1.0,1.0,1.0,1929,1929,1.0,1.0,1.0,1929,1929,1.0,1.0,1.0,Edge,RQ1a,Rule,M4-Max,data/source/sok/cross-study/edge/hf/runs/EXP-2026-001/_reference/RQ1a/base,703b6b9d415efc00a1cfeca31924987a609eb607138f3930d2ff4ad15b3ac515
load,transport,empirical-14,,0.95,0.000998397628667758,9.484152093479937,1929,load-results.json,/cells/74/domains/transport,/shared/homes/u171321/projects/jev/runs/e2-readiness-20261002/load-108309.hpc-head01/r2-empirical-14.jsonl,10.0,0.002196685323995454,0.00017502086128131936,1929,9.770598262548447e-05,9.729759767651558e-05,9.830174967646599e-05,0.00012985719367861748,0.0001269911415874958,0.00013407602615188804,1929,0.04460325326726888,0.0444985318063118,0.04480036497261608,0.05127995566726895,0.050757339886331465,0.05142216888998519,1929,0.5607759781305504,0.5596382600477909,0.5615426560398191,0.5870906315809407,0.5857290109030145,0.587897114961379,1929,1929,1.0,1.0,1.0,0,1929,0.0,0.0,0.0,1929,1929,1.0,1.0,1.0,1929,1929,1.0,1.0,1.0,1929,1929,1.0,1.0,1.0,1929,1929,1.0,1.0,1.0,1929,1929,1.0,1.0,1.0,1929,1929,1.0,1.0,1.0,1929,1929,1.0,1.0,1.0,1929,1929,1.0,1.0,1.0,Edge,RQ1a,Rule,M4-Max,data/source/sok/cross-study/edge/hf/runs/EXP-2026-001/_reference/RQ1a/base,703b6b9d415efc00a1cfeca31924987a609eb607138f3930d2ff4ad15b3ac515
load,edge,empirical-15,,0.95,1.4073268689090142,9.484152093479937,1929,load-results.json,/cells/75/domains/edge,/shared/homes/u171321/projects/jev/runs/e2-readiness-20261002/load-108309.hpc-head01/r2-empirical-15.jsonl,2.0,0.0018777943085342022,0.0018337206829133156,1929,0.12410533986985683,0.12405123608186841,0.12415707809850574,0.29938820479437706,0.2954250741750002,0.3023002567171352,1929,76.47038288764634,55.37137157563922,93.84203283323222,112.68128954304636,100.5692052652192,115.71170028929862,1929,77.87120230403707,57.365763219863425,95.36794330620319,114.18041158481802,101.85957431006572,117.17177579904819,0,1929,0.0,0.0,0.0,0,1929,0.0,0.0,0.0,0,1929,0.0,0.0,0.0,0,1929,0.0,0.0,0.0,0,1929,0.0,0.0,0.0,0,1929,0.0,0.0,0.0,0,1929,0.0,0.0,0.0,0,1929,0.0,0.0,0.0,0,1929,0.0,0.0,0.0,0,1929,0.0,0.0,0.0,Edge,RQ1a,SemIf-Qwen3.5-4B@cuda,H100-NVL,data/source/sok/cross-study/edge/hf/runs/EXP-2026-001/_selfhosted/semif/RQ1a/base,6d04f7a3e7bfeb4554059d24d8b74052ee62e30ee0aaab022aae10ef243cfdb8
load,transport,empirical-15,,0.95,1.4073268689090142,9.484152093479937,1929,load-results.json,/cells/75/domains/transport,/shared/homes/u171321/projects/jev/runs/e2-readiness-20261002/load-108309.hpc-head01/r2-empirical-15.jsonl,10.0,0.001876668725763562,0.0018611845329266092,1929,0.12410533986985683,0.12405123608186841,0.12415707809850574,0.29938820479437706,0.2954250741750002,0.3023002567171352,1929,76.50869208764925,55.416836030503056,93.88284069523252,112.72152234725252,100.60867722079118,115.74947780229923,1929,77.0218745091297,55.929541550998785,94.39328019223103,113.22880733425188,101.12388039629673,116.26457781574936,0,1929,0.0,0.0,0.0,0,1929,0.0,0.0,0.0,0,1929,0.0,0.0,0.0,0,1929,0.0,0.0,0.0,0,1929,0.0,0.0,0.0,0,1929,0.0,0.0,0.0,0,1929,0.0,0.0,0.0,0,1929,0.0,0.0,0.0,0,1929,0.0,0.0,0.0,0,1929,0.0,0.0,0.0,Edge,RQ1a,SemIf-Qwen3.5-4B@cuda,H100-NVL,data/source/sok/cross-study/edge/hf/runs/EXP-2026-001/_selfhosted/semif/RQ1a/base,6d04f7a3e7bfeb4554059d24d8b74052ee62e30ee0aaab022aae10ef243cfdb8
load,edge,empirical-16,,0.95,0.0012620251859532827,9.484152093479937,1929,load-results.json,/cells/76/domains/edge,/shared/homes/u171321/projects/jev/runs/e2-readiness-20261002/load-108309.hpc-head01/r2-empirical-16.jsonl,2.0,0.02456290722789252,8.931405710665104e-05,1929,0.00013021612539887428,0.00012915395200252533,0.00013144919648766518,0.00015703495591878888,0.0001553225331008434,0.0001595090056071058,1929,0.005280088377730863,0.005266956964987912,0.005298816326103406,0.006129491313549806,0.006092967543415852,0.006177732365836163,1929,1.382507353931942,1.3675760981597704,1.4034763634263072,2.8121764253194668,2.7339614623416857,2.8586618347967487,1929,1929,1.0,1.0,1.0,0,1929,0.0,0.0,0.0,1929,1929,1.0,1.0,1.0,238,1929,0.12337998963193364,0.1141076207990708,0.13276346479174042,1929,1929,1.0,1.0,1.0,1627,1929,0.8434421980300674,0.827585300409732,0.859462333270289,1929,1929,1.0,1.0,1.0,1929,1929,1.0,1.0,1.0,1929,1929,1.0,1.0,1.0,1929,1929,1.0,1.0,1.0,SoK,policy,cheapest,as-recorded,baseline,a3155c13a4d0aa426c868dc37b182bcb2c5a8071e917c47427781ee35a9a9016
load,transport,empirical-16,,0.95,0.0012620251859532827,9.484152093479937,1929,load-results.json,/cells/76/domains/transport,/shared/homes/u171321/projects/jev/runs/e2-readiness-20261002/load-108309.hpc-head01/r2-empirical-16.jsonl,10.0,0.0029118487109296674,0.00023193723227154676,1929,0.00013021612539887428,0.00012915395200252533,0.00013144919648766518,0.00015703495591878888,0.0001553225331008434,0.0001595090056071058,1929,0.04464676330098882,0.044538301348438836,0.04483708922271035,0.051325373102736195,0.0507717940126895,0.0514584239827218,1929,0.5608197689180088,0.5596830708109337,0.5615544759202749,0.5871209700657346,0.5857485403648752,0.5879118372475205,1929,1929,1.0,1.0,1.0,0,1929,0.0,0.0,0.0,1929,1929,1.0,1.0,1.0,1929,1929,1.0,1.0,1.0,1929,1929,1.0,1.0,1.0,1929,1929,1.0,1.0,1.0,1929,1929,1.0,1.0,1.0,1929,1929,1.0,1.0,1.0,1929,1929,1.0,1.0,1.0,1929,1929,1.0,1.0,1.0,SoK,policy,cheapest,as-recorded,baseline,a3155c13a4d0aa426c868dc37b182bcb2c5a8071e917c47427781ee35a9a9016
load,edge,empirical-17,,0.95,8.057656391585143,9.484152093479937,1929,load-results.json,/cells/77/domains/edge,/shared/homes/u171321/projects/jev/runs/e2-readiness-20261002/load-108309.hpc-head01/r2-empirical-17.jsonl,2.0,0.00043197763678715946,0.000431402449816735,1929,0.46919799176976085,0.4647941328585148,0.47336846543475986,1.6242341245524585,1.4399027898907661,1.6675584261724725,1929,1148.9071111562462,866.0376785779603,1520.0408519547996,1804.973627527974,1628.8296403218912,1832.3288372037805,1929,1150.0473676532465,867.7261057977855,1521.5929459630315,1806.722183234002,1630.6267462338326,1834.1096417437966,0,1929,0.0,0.0,0.0,0,1929,0.0,0.0,0.0,0,1929,0.0,0.0,0.0,0,1929,0.0,0.0,0.0,0,1929,0.0,0.0,0.0,0,1929,0.0,0.0,0.0,0,1929,0.0,0.0,0.0,0,1929,0.0,0.0,0.0,0,1929,0.0,0.0,0.0,0,1929,0.0,0.0,0.0,SoK,policy,deepseek,as-recorded,continuation,716eb899dd432a38eb184fb3bf1b5b381e1f847f4848303d4a69de300cb6738a
load,transport,empirical-17,,0.95,8.057656391585143,9.484152093479937,1929,load-results.json,/cells/77/domains/transport,/shared/homes/u171321/projects/jev/runs/e2-readiness-20261002/load-108309.hpc-head01/r2-empirical-17.jsonl,10.0,0.0004319638418660661,0.00043176830899582645,1929,0.46919799176976085,0.4647941328585148,0.47336846543475986,1.6242341245524585,1.4399027898907661,1.6675584261724725,1929,1148.943099302247,866.0807409529607,1520.0864914697995,1805.0174601323743,1628.8659115097605,1832.3699695407813,1929,1149.4718392792456,866.6159827799602,1520.6240672558015,1805.532132496374,1629.3732125555644,1832.8608185367812,0,1929,0.0,0.0,0.0,0,1929,0.0,0.0,0.0,0,1929,0.0,0.0,0.0,0,1929,0.0,0.0,0.0,0,1929,0.0,0.0,0.0,0,1929,0.0,0.0,0.0,0,1929,0.0,0.0,0.0,0,1929,0.0,0.0,0.0,0,1929,0.0,0.0,0.0,0,1929,0.0,0.0,0.0,SoK,policy,deepseek,as-recorded,continuation,716eb899dd432a38eb184fb3bf1b5b381e1f847f4848303d4a69de300cb6738a
load,edge,empirical-18,,0.95,0.0009903595082982404,9.484152093479937,1929,load-results.json,/cells/78/domains/edge,/shared/homes/u171321/projects/jev/runs/e2-readiness-20261002/load-108309.hpc-head01/r2-empirical-18.jsonl,2.0,0.018952023279493288,6.897127506203194e-05,1929,9.88510437309742e-05,9.77769959717989e-05,9.960215538740158e-05,0.0001281776465475559,0.00012605178111698478,0.00013094733003526926,1929,0.005256209333310835,0.005236599656200269,0.005271772220112325,0.006106499630914186,0.006073270003083167,0.006150169618194923,1929,1.3824890809173667,1.367552847848856,1.403457578184316,2.812153242558543,2.7339497919629503,2.8586517576536608,1929,1929,1.0,1.0,1.0,0,1929,0.0,0.0,0.0,1929,1929,1.0,1.0,1.0,238,1929,0.12337998963193364,0.1141076207990708,0.13276346479174042,1929,1929,1.0,1.0,1.0,1627,1929,0.8434421980300674,0.827585300409732,0.859462333270289,1929,1929,1.0,1.0,1.0,1929,1929,1.0,1.0,1.0,1929,1929,1.0,1.0,1.0,1929,1929,1.0,1.0,1.0,SoK,policy,first,as-recorded,baseline,f5d0ccdc3413c2f41f463bb9a3573b9fe64145c5f30992061e58d7b52eb67e18
load,transport,empirical-18,,0.95,0.0009903595082982404,9.484152093479937,1929,load-results.json,/cells/78/domains/transport,/shared/homes/u171321/projects/jev/runs/e2-readiness-20261002/load-108309.hpc-head01/r2-empirical-18.jsonl,10.0,0.002233747381541259,0.00017584275259275518,1929,9.88510437309742e-05,9.77769959717989e-05,9.960215538740158e-05,0.0001281776465475559,0.00012605178111698478,0.00013094733003526926,1929,0.04462415125453845,0.04450903788620053,0.04480343029354117,0.05128755525947781,0.050759060970449354,0.05142649572153459,1929,0.5607918362693454,0.5596543087758619,0.5615496800746769,0.5870950459568121,0.5857372358783323,0.5879057491493587,1929,1929,1.0,1.0,1.0,0,1929,0.0,0.0,0.0,1929,1929,1.0,1.0,1.0,1929,1929,1.0,1.0,1.0,1929,1929,1.0,1.0,1.0,1929,1929,1.0,1.0,1.0,1929,1929,1.0,1.0,1.0,1929,1929,1.0,1.0,1.0,1929,1929,1.0,1.0,1.0,1929,1929,1.0,1.0,1.0,SoK,policy,first,as-recorded,baseline,f5d0ccdc3413c2f41f463bb9a3573b9fe64145c5f30992061e58d7b52eb67e18
load,edge,empirical-19,,0.95,9.051292253144567,9.484152093479937,1929,load-results.json,/cells/79/domains/edge,/shared/homes/u171321/projects/jev/runs/e2-readiness-20261002/load-108309.hpc-head01/r2-empirical-19.jsonl,2.0,0.0007136275466470813,0.0007127325048349592,1929,0.9247592487372458,0.9233327400870621,0.9316156087443233,1.2011925916187465,1.1443084058567183,1.2018705935857725,1929,1334.7436507511684,994.1284148292847,1672.291899613068,2075.471324775725,1831.9696177307146,2131.5659626228608,1929,1335.8839072481687,996.1732040069282,1674.0846670070682,2077.1726355701253,1833.6364131595585,2132.8003763667966,0,1929,0.0,0.0,0.0,0,1929,0.0,0.0,0.0,0,1929,0.0,0.0,0.0,0,1929,0.0,0.0,0.0,0,1929,0.0,0.0,0.0,0,1929,0.0,0.0,0.0,0,1929,0.0,0.0,0.0,0,1929,0.0,0.0,0.0,0,1929,0.0,0.0,0.0,0,1929,0.0,0.0,0.0,SoK,policy,gemini,as-recorded,continuation,6527fda206d076ad98b3c314503eb2e5990afdd78344d6cfad3d070e8265ca56
load,transport,empirical-19,,0.95,9.051292253144567,9.484152093479937,1929,load-results.json,/cells/79/domains/transport,/shared/homes/u171321/projects/jev/runs/e2-readiness-20261002/load-108309.hpc-head01/r2-empirical-19.jsonl,10.0,0.000713604755281896,0.0007132915832522507,1929,0.9247592487372458,0.9233327400870621,0.9316156087443233,1.2011925916187465,1.1443084058567183,1.2018705935857725,1929,1334.7796388971692,994.1714772042851,1672.3375391280679,2075.5151573801254,1832.0058889185839,2131.6070949598616,1929,1335.3083788741678,994.7067190312846,1672.8751149140699,2076.029829744125,1832.5131899643877,2132.0979439558614,0,1929,0.0,0.0,0.0,0,1929,0.0,0.0,0.0,0,1929,0.0,0.0,0.0,0,1929,0.0,0.0,0.0,0,1929,0.0,0.0,0.0,0,1929,0.0,0.0,0.0,0,1929,0.0,0.0,0.0,0,1929,0.0,0.0,0.0,0,1929,0.0,0.0,0.0,0,1929,0.0,0.0,0.0,SoK,policy,gemini,as-recorded,continuation,6527fda206d076ad98b3c314503eb2e5990afdd78344d6cfad3d070e8265ca56
load,edge,empirical-20,,0.95,11.401798642712214,9.484152093479937,1929,load-results.json,/cells/80/domains/edge,/shared/homes/u171321/projects/jev/runs/e2-readiness-20261002/load-108309.hpc-head01/r2-empirical-20.jsonl,2.0,0.0005269188468292437,0.0005261674793572669,1929,0.8125970903784037,0.8112384602427483,0.8167044585337863,1.695061431825161,1.5048999199678654,1.6957133578136563,1929,1671.4933920372077,1245.5634265253552,2105.2137978048627,2592.90282225421,2280.079339851096,2680.0756769557356,1929,1672.633648534208,1248.5162363373552,2106.7662668082667,2594.6041330486105,2281.783175320915,2681.292072678736,0,1929,0.0,0.0,0.0,0,1929,0.0,0.0,0.0,0,1929,0.0,0.0,0.0,0,1929,0.0,0.0,0.0,0,1929,0.0,0.0,0.0,0,1929,0.0,0.0,0.0,0,1929,0.0,0.0,0.0,0,1929,0.0,0.0,0.0,0,1929,0.0,0.0,0.0,0,1929,0.0,0.0,0.0,SoK,policy,glm47,as-recorded,continuation,f758d27ccebf105633af49ddb78db14479d7705b14a8152c452f95e4f3562e13
load,transport,empirical-20,,0.95,11.401798642712214,9.484152093479937,1929,load-results.json,/cells/80/domains/transport,/shared/homes/u171321/projects/jev/runs/e2-readiness-20261002/load-108309.hpc-head01/r2-empirical-20.jsonl,10.0,0.000526903231472129,0.0005267040535091635,1929,0.8125970903784037,0.8112384602427483,0.8167044585337863,1.695061431825161,1.5048999199678654,1.6957133578136563,1929,1671.5293801832086,1245.6064889003555,2105.2594373198626,2592.94665485861,2280.1156110389647,2680.1168092927364,1929,1672.0581201602072,1246.141730727355,2105.7970131058646,2593.46132722261,2280.622912084769,2680.6076582887363,0,1929,0.0,0.0,0.0,0,1929,0.0,0.0,0.0,0,1929,0.0,0.0,0.0,0,1929,0.0,0.0,0.0,0,1929,0.0,0.0,0.0,0,1929,0.0,0.0,0.0,0,1929,0.0,0.0,0.0,0,1929,0.0,0.0,0.0,0,1929,0.0,0.0,0.0,0,1929,0.0,0.0,0.0,SoK,policy,glm47,as-recorded,continuation,f758d27ccebf105633af49ddb78db14479d7705b14a8152c452f95e4f3562e13
load,edge,empirical-21,,0.95,3.4238433410695275,9.484152093479937,1929,load-results.json,/cells/81/domains/edge,/shared/homes/u171321/projects/jev/runs/e2-readiness-20261002/load-108309.hpc-head01/r2-empirical-21.jsonl,2.0,0.0008638564138751377,0.0008616893447919807,1929,0.3504587537609041,0.34925861153169535,0.3530900408513844,0.48762046806514264,0.45739800622686744,0.4936188919126285,1929,409.16465180085834,306.9343359759308,512.9538300688943,631.0160569013873,560.7291963203439,649.0743981967553,1929,410.3049082978587,308.3734218950674,514.2172684831348,632.7841302362638,562.6080190774734,650.9340726337123,0,1929,0.0,0.0,0.0,0,1929,0.0,0.0,0.0,0,1929,0.0,0.0,0.0,0,1929,0.0,0.0,0.0,0,1929,0.0,0.0,0.0,0,1929,0.0,0.0,0.0,0,1929,0.0,0.0,0.0,0,1929,0.0,0.0,0.0,0,1929,0.0,0.0,0.0,0,1929,0.0,0.0,0.0,SoK,policy,jev,as-recorded,continuation,d47c3381ed8a7b320f8fe7e70f251ddf31fb6d26cc708130633051d4e508090c
load,transport,empirical-21,,0.95,3.4238433410695275,9.484152093479937,1929,load-results.json,/cells/81/domains/transport,/shared/homes/u171321/projects/jev/runs/e2-readiness-20261002/load-108309.hpc-head01/r2-empirical-21.jsonl,10.0,0.0008637983502395054,0.0008629371162991182,1929,0.3504587537609041,0.34925861153169535,0.3530900408513844,0.48762046806514264,0.45739800622686744,0.4936188919126285,1929,409.20063994685916,306.97739835093125,512.9994695838941,631.0598895057875,560.7654675082133,649.1155305337561,1929,409.7293799238578,307.51264017793073,513.5370453698961,631.5745618697874,561.272768554017,649.6063795297559,0,1929,0.0,0.0,0.0,0,1929,0.0,0.0,0.0,0,1929,0.0,0.0,0.0,0,1929,0.0,0.0,0.0,0,1929,0.0,0.0,0.0,0,1929,0.0,0.0,0.0,0,1929,0.0,0.0,0.0,0,1929,0.0,0.0,0.0,0,1929,0.0,0.0,0.0,0,1929,0.0,0.0,0.0,SoK,policy,jev,as-recorded,continuation,d47c3381ed8a7b320f8fe7e70f251ddf31fb6d26cc708130633051d4e508090c
load,edge,empirical-22,,0.95,3.205527875202852,9.484152093479937,1929,load-results.json,/cells/82/domains/edge,/shared/homes/u171321/projects/jev/runs/e2-readiness-20261002/load-108309.hpc-head01/r2-empirical-22.jsonl,2.0,0.0009160756518613454,0.0009130089877745377,1929,0.32975274324417114,0.3267048106819857,0.3308819471858442,0.38893163613975046,0.3875718368217349,0.3949900821893243,1929,371.8916685869717,276.54108836131616,466.2840331471158,574.3894924229787,509.4942520828139,589.5510666868522,1929,373.03192508397206,278.08956734578237,467.5458367018764,576.1522473916779,511.35118692378455,591.4136963947403,0,1929,0.0,0.0,0.0,0,1929,0.0,0.0,0.0,0,1929,0.0,0.0,0.0,0,1929,0.0,0.0,0.0,0,1929,0.0,0.0,0.0,0,1929,0.0,0.0,0.0,0,1929,0.0,0.0,0.0,0,1929,0.0,0.0,0.0,0,1929,0.0,0.0,0.0,0,1929,0.0,0.0,0.0,SoK,policy,qwen,as-recorded,continuation,e5c4d68830494760ff108e5e9d8f2e87792145edb0f6fae010890512dd5e612e
load,transport,empirical-22,,0.95,3.205527875202852,9.484152093479937,1929,load-results.json,/cells/82/domains/transport,/shared/homes/u171321/projects/jev/runs/e2-readiness-20261002/load-108309.hpc-head01/r2-empirical-22.jsonl,10.0,0.0009159738168697789,0.0009145957954566502,1929,0.32975274324417114,0.3267048106819857,0.3308819471858442,0.38893163613975046,0.3875718368217349,0.3949900821893243,1929,371.92765673297254,276.5841507363166,466.3296726621156,574.433325027379,509.53052327068326,589.592199023853,1929,372.45639670997116,277.11939256331607,466.8672484481176,574.9479973913789,510.03782431648705,590.0830480198529,0,1929,0.0,0.0,0.0,0,1929,0.0,0.0,0.0,0,1929,0.0,0.0,0.0,0,1929,0.0,0.0,0.0,0,1929,0.0,0.0,0.0,0,1929,0.0,0.0,0.0,0,1929,0.0,0.0,0.0,0,1929,0.0,0.0,0.0,0,1929,0.0,0.0,0.0,0,1929,0.0,0.0,0.0,SoK,policy,qwen,as-recorded,continuation,e5c4d68830494760ff108e5e9d8f2e87792145edb0f6fae010890512dd5e612e
load,edge,empirical-23,,0.95,0.0013892565257665442,9.484152093479937,1929,load-results.json,/cells/83/domains/edge,/shared/homes/u171321/projects/jev/runs/e2-readiness-20261002/load-108309.hpc-head01/r2-empirical-23.jsonl,2.0,0.02713846574102534,9.90771846790542e-05,1929,0.00014514988288283348,0.00014429795555770397,0.0001459759660065174,0.00017049452289938925,0.00016857327136676759,0.00017349507077597074,1929,0.005299103153447504,0.0052820581249761744,0.005319172623785562,0.0061537374611361885,0.006118989808692276,0.006203007738804445,1929,1.382533461697676,1.367594565046602,1.4035194752796087,2.812197473116521,2.733999622333067,2.858700382738116,1929,1929,1.0,1.0,1.0,0,1929,0.0,0.0,0.0,1929,1929,1.0,1.0,1.0,238,1929,0.12337998963193364,0.1141076207990708,0.13276346479174042,1929,1929,1.0,1.0,1.0,1627,1929,0.8434421980300674,0.827585300409732,0.859462333270289,1929,1929,1.0,1.0,1.0,1929,1929,1.0,1.0,1.0,1929,1929,1.0,1.0,1.0,1929,1929,1.0,1.0,1.0,SoK,policy,rule,as-recorded,baseline,a59ae2f37f080734c133b7fa2d846165ac237e0fa5765a86cee960ff38f9f5e2
load,transport,empirical-23,,0.95,0.0013892565257665442,9.484152093479937,1929,load-results.json,/cells/83/domains/transport,/shared/homes/u171321/projects/jev/runs/e2-readiness-20261002/load-108309.hpc-head01/r2-empirical-23.jsonl,10.0,0.003225130951531134,0.00025900454739715393,1929,0.00014514988288283348,0.00014429795555770397,0.0001459759660065174,0.00017049452289938925,0.00016857327136676759,0.00017349507077597074,1929,0.04466771569059347,0.04455925124420901,0.044849847072327975,0.051331618551921566,0.05081813887314639,0.05147874237722135,1929,0.560829641912278,0.5596974611416954,0.5615909820990055,0.587148091482959,0.5857828661210078,0.5879561352012388,1929,1929,1.0,1.0,1.0,0,1929,0.0,0.0,0.0,1929,1929,1.0,1.0,1.0,1929,1929,1.0,1.0,1.0,1929,1929,1.0,1.0,1.0,1929,1929,1.0,1.0,1.0,1929,1929,1.0,1.0,1.0,1929,1929,1.0,1.0,1.0,1929,1929,1.0,1.0,1.0,1929,1929,1.0,1.0,1.0,SoK,policy,rule,as-recorded,baseline,a59ae2f37f080734c133b7fa2d846165ac237e0fa5765a86cee960ff38f9f5e2
