source_pointer,study,task,method,condition,collection_phase,n_arrivals,n_dispatched,offered_lambda,observed_lambda,slots,mean_slot_s,rho_offered,rho_ci95,rho_accepted,native_budget_s,native_attainment,native_attainment_ci,validated_return_by_native_budget,validated_return_ci,queue_observed_n,queue_p50_s,queue_p95_s,block_sensitivity,rho_interpretation,native_endpoint
/loads/0,Edge,RQ5a,DeepSeek-V4.1-Flash,load_1,seed_1/DeepSeek-V4.1-Flash,300,290,1.0,0.9960023729240213,4,0.6844343319374683,0.17110858298436707,"[0.094413377652657, 0.2729547006490282]",0.1652947185860467,2.0,0.9066666666666666,"{""ci95"": [0.8167907124681935, 0.9794733918509103], ""time_blocks"": 11, ""block_width_s"": 30, ""thin_time_coverage"": false, ""discarded_zero_denominator_draws"": 0}",0.9233333333333333,"{""ci95"": [0.8328265124638881, 1.0], ""time_blocks"": 11, ""block_width_s"": 30, ""thin_time_coverage"": false, ""discarded_zero_denominator_draws"": 0}",290,0.002069853816784928,0.002298556060528523,"{""60"": {""native"": {""ci95"": [0.8361581920903954, 0.973568281938326], ""time_blocks"": 6, ""block_width_s"": 60, ""thin_time_coverage"": true, ""discarded_zero_denominator_draws"": 0}, ""slot_service"": {""ci95"": [0.44755991877567386, 0.9772119956131539], ""time_blocks"": 6, ""block_width_s"": 60, ""thin_time_coverage"": true, ""discarded_zero_denominator_draws"": 0}}, ""120"": {""native"": {""ci95"": [0.8305084745762712, 0.96875], ""time_blocks"": 3, ""block_width_s"": 120, ""thin_time_coverage"": true, ""discarded_zero_denominator_draws"": 0}, ""slot_service"": {""ci95"": [0.5373942093719961, 0.8243746408305708], ""time_blocks"": 3, ""block_width_s"": 120, ""thin_time_coverage"": true, ""discarded_zero_denominator_draws"": 0}}}",offered-demand proxy using service times of dispatched calls; rejection prevents identifying all-arrival service demand,strict correct and on-time modeled service; measured live admission
/loads/1,Edge,RQ5a,GLM-5.3-Flash,load_1,seed_1/GLM-5.3-Flash,300,300,1.0,0.9960023729240213,4,0.8692715662283202,0.21731789155708006,"[0.20205273796244938, 0.23141277876434999]",0.21717304582243835,2.0,0.9166666666666666,"{""ci95"": [0.8868613138686131, 0.9477136376938835], ""time_blocks"": 11, ""block_width_s"": 30, ""thin_time_coverage"": false, ""discarded_zero_denominator_draws"": 0}",0.9333333333333333,"{""ci95"": [0.906896551724138, 0.9605739181100693], ""time_blocks"": 11, ""block_width_s"": 30, ""thin_time_coverage"": false, ""discarded_zero_denominator_draws"": 0}",300,0.00207814542860163,0.002402905926706556,"{""60"": {""native"": {""ci95"": [0.9041533546325878, 0.9321266968325792], ""time_blocks"": 6, ""block_width_s"": 60, ""thin_time_coverage"": true, ""discarded_zero_denominator_draws"": 0}, ""slot_service"": {""ci95"": [0.8224717458126755, 0.9331505316413792], ""time_blocks"": 6, ""block_width_s"": 60, ""thin_time_coverage"": true, ""discarded_zero_denominator_draws"": 0}}, ""120"": {""native"": {""ci95"": [0.90625, 0.9322033898305084], ""time_blocks"": 3, ""block_width_s"": 120, ""thin_time_coverage"": true, ""discarded_zero_denominator_draws"": 0}, ""slot_service"": {""ci95"": [0.8119991200076322, 0.9251151314965682], ""time_blocks"": 3, ""block_width_s"": 120, ""thin_time_coverage"": true, ""discarded_zero_denominator_draws"": 0}}}",offered-demand proxy using service times of dispatched calls; rejection prevents identifying all-arrival service demand,strict correct and on-time modeled service; measured live admission
/loads/2,Edge,RQ5a,Jev-1.13.0,load_1,seed_1/Jev-1.13.0,300,300,1.0,0.9960023729240213,4,0.28454993180930616,0.07113748295232654,"[0.07002257814098914, 0.0727688108302143]",0.07109006872009299,2.0,0.94,"{""ci95"": [0.9066666666666666, 0.9683109734355501], ""time_blocks"": 11, ""block_width_s"": 30, ""thin_time_coverage"": false, ""discarded_zero_denominator_draws"": 0}",1.0,"{""ci95"": [1.0, 1.0], ""time_blocks"": 11, ""block_width_s"": 30, ""thin_time_coverage"": false, ""discarded_zero_denominator_draws"": 0}",300,0.0020742288709811874,0.0023643871110920144,"{""60"": {""native"": {""ci95"": [0.8951048951048951, 0.9794871794871794], ""time_blocks"": 6, ""block_width_s"": 60, ""thin_time_coverage"": true, ""discarded_zero_denominator_draws"": 0}, ""slot_service"": {""ci95"": [0.27954146017903214, 0.2928193373036684], ""time_blocks"": 6, ""block_width_s"": 60, ""thin_time_coverage"": true, ""discarded_zero_denominator_draws"": 0}}, ""120"": {""native"": {""ci95"": [0.864406779661017, 0.96875], ""time_blocks"": 3, ""block_width_s"": 120, ""thin_time_coverage"": true, ""discarded_zero_denominator_draws"": 0}, ""slot_service"": {""ci95"": [0.283582187857542, 0.2855988178418669], ""time_blocks"": 3, ""block_width_s"": 120, ""thin_time_coverage"": true, ""discarded_zero_denominator_draws"": 0}}}",offered-demand proxy using service times of dispatched calls; rejection prevents identifying all-arrival service demand,strict correct and on-time modeled service; measured live admission
/loads/3,Edge,RQ5a,Laya,load_1,seed_1/Laya,300,300,1.0,0.9960023729240213,4,0.11192647192627192,0.02798161798156798,"[0.026858895784327885, 0.02918760047877229]",0.027962967800563718,2.0,0.11666666666666667,"{""ci95"": [0.0727951933124347, 0.15654952076677317], ""time_blocks"": 11, ""block_width_s"": 30, ""thin_time_coverage"": false, ""discarded_zero_denominator_draws"": 0}",1.0,"{""ci95"": [1.0, 1.0], ""time_blocks"": 11, ""block_width_s"": 30, ""thin_time_coverage"": false, ""discarded_zero_denominator_draws"": 0}",300,0.002206333479223943,0.0024216745525833974,"{""60"": {""native"": {""ci95"": [0.07920792079207921, 0.16822429906542055], ""time_blocks"": 6, ""block_width_s"": 60, ""thin_time_coverage"": true, ""discarded_zero_denominator_draws"": 0}, ""slot_service"": {""ci95"": [0.1066993752709375, 0.11784919375977504], ""time_blocks"": 6, ""block_width_s"": 60, ""thin_time_coverage"": true, ""discarded_zero_denominator_draws"": 0}}, ""120"": {""native"": {""ci95"": [0.07964601769911504, 0.15625], ""time_blocks"": 3, ""block_width_s"": 120, ""thin_time_coverage"": true, ""discarded_zero_denominator_draws"": 0}, ""slot_service"": {""ci95"": [0.10686231733416207, 0.11957836619256872], ""time_blocks"": 3, ""block_width_s"": 120, ""thin_time_coverage"": true, ""discarded_zero_denominator_draws"": 0}}}",offered-demand proxy using service times of dispatched calls; rejection prevents identifying all-arrival service demand,strict correct and on-time modeled service; measured live admission
/loads/4,Edge,RQ5a,Qwen3.5-4B-JSON,load_1,seed_1/Qwen3.5-4B-JSON,300,261,1.0,0.9960023729240213,4,2.9568769404507633,0.7392192351126908,"[0.5062437754806934, 0.9843193676030189]",0.6426920846352727,2.0,0.19333333333333333,"{""ci95"": [0.06799616519174043, 0.3344594594594595], ""time_blocks"": 11, ""block_width_s"": 30, ""thin_time_coverage"": false, ""discarded_zero_denominator_draws"": 0}",0.38,"{""ci95"": [0.1507175836860331, 0.6369504808292742], ""time_blocks"": 11, ""block_width_s"": 30, ""thin_time_coverage"": false, ""discarded_zero_denominator_draws"": 0}",261,0.002136833472491162,1.8070964582736622,"{""60"": {""native"": {""ci95"": [0.022950819672131147, 0.38095238095238093], ""time_blocks"": 6, ""block_width_s"": 60, ""thin_time_coverage"": true, ""discarded_zero_denominator_draws"": 0}, ""slot_service"": {""ci95"": [1.7472341935634166, 4.320127039074067], ""time_blocks"": 6, ""block_width_s"": 60, ""thin_time_coverage"": true, ""discarded_zero_denominator_draws"": 0}}, ""120"": {""native"": {""ci95"": [0.0, 0.46017699115044247], ""time_blocks"": 3, ""block_width_s"": 120, ""thin_time_coverage"": true, ""discarded_zero_denominator_draws"": 0}, ""slot_service"": {""ci95"": [1.2870821419575837, 4.405520814917981], ""time_blocks"": 3, ""block_width_s"": 120, ""thin_time_coverage"": true, ""discarded_zero_denominator_draws"": 0}}}",offered-demand proxy using service times of dispatched calls; rejection prevents identifying all-arrival service demand,strict correct and on-time modeled service; measured live admission
/loads/5,Edge,RQ5a,Qwen3.8-Flash,load_1,seed_1/Qwen3.8-Flash,300,300,1.0,0.9960023729240213,4,1.352745494376868,0.338186373594217,"[0.3260354054926376, 0.3499654200768736]",0.3379609671475683,2.0,0.9,"{""ci95"": [0.8754205994369929, 0.9269847062912756], ""time_blocks"": 11, ""block_width_s"": 30, ""thin_time_coverage"": false, ""discarded_zero_denominator_draws"": 0}",0.95,"{""ci95"": [0.9255663430420712, 0.9755105608677037], ""time_blocks"": 11, ""block_width_s"": 30, ""thin_time_coverage"": false, ""discarded_zero_denominator_draws"": 0}",300,0.0021175830227946335,0.0024765579439703705,"{""60"": {""native"": {""ci95"": [0.8806451612903226, 0.922077922077922], ""time_blocks"": 6, ""block_width_s"": 60, ""thin_time_coverage"": true, ""discarded_zero_denominator_draws"": 0}, ""slot_service"": {""ci95"": [1.3377504377133227, 1.367639142045608], ""time_blocks"": 6, ""block_width_s"": 60, ""thin_time_coverage"": true, ""discarded_zero_denominator_draws"": 0}}, ""120"": {""native"": {""ci95"": [0.875, 0.9322033898305084], ""time_blocks"": 3, ""block_width_s"": 120, ""thin_time_coverage"": true, ""discarded_zero_denominator_draws"": 0}, ""slot_service"": {""ci95"": [1.3440656954983035, 1.3612541999100358], ""time_blocks"": 3, ""block_width_s"": 120, ""thin_time_coverage"": true, ""discarded_zero_denominator_draws"": 0}}}",offered-demand proxy using service times of dispatched calls; rejection prevents identifying all-arrival service demand,strict correct and on-time modeled service; measured live admission
/loads/6,Edge,RQ5a,SemIf-Qwen3.5-4B,load_1,seed_1/SemIf-Qwen3.5-4B,300,300,1.0,0.9960023729240213,4,0.6787729828928908,0.1696932457232227,"[0.15598782947807024, 0.18448374486008026]",0.16958014255134665,2.0,0.63,"{""ci95"": [0.5663709654323109, 0.6993869595384166], ""time_blocks"": 11, ""block_width_s"": 30, ""thin_time_coverage"": false, ""discarded_zero_denominator_draws"": 0}",1.0,"{""ci95"": [1.0, 1.0], ""time_blocks"": 11, ""block_width_s"": 30, ""thin_time_coverage"": false, ""discarded_zero_denominator_draws"": 0}",300,0.0021077288152042684,0.002379003684671943,"{""60"": {""native"": {""ci95"": [0.5771428571428572, 0.6846153846153846], ""time_blocks"": 6, ""block_width_s"": 60, ""thin_time_coverage"": true, ""discarded_zero_denominator_draws"": 0}, ""slot_service"": {""ci95"": [0.611121899098059, 0.734966442557542], ""time_blocks"": 6, ""block_width_s"": 60, ""thin_time_coverage"": true, ""discarded_zero_denominator_draws"": 0}}, ""120"": {""native"": {""ci95"": [0.59375, 0.6814159292035398], ""time_blocks"": 3, ""block_width_s"": 120, ""thin_time_coverage"": true, ""discarded_zero_denominator_draws"": 0}, ""slot_service"": {""ci95"": [0.6133341186688142, 0.7519118763229926], ""time_blocks"": 3, ""block_width_s"": 120, ""thin_time_coverage"": true, ""discarded_zero_denominator_draws"": 0}}}",offered-demand proxy using service times of dispatched calls; rejection prevents identifying all-arrival service demand,strict correct and on-time modeled service; measured live admission
/loads/7,Edge,RQ5a,fixed-latency-0.3,load_1,seed_1/fixed-latency-0.3,300,300,1.0,0.9960023729240213,4,0.3074627878237516,0.0768656969559379,"[0.0767872250038059, 0.07693908142733762]",0.0768144647805079,2.0,1.0,"{""ci95"": [1.0, 1.0], ""time_blocks"": 11, ""block_width_s"": 30, ""thin_time_coverage"": false, ""discarded_zero_denominator_draws"": 0}",1.0,"{""ci95"": [1.0, 1.0], ""time_blocks"": 11, ""block_width_s"": 30, ""thin_time_coverage"": false, ""discarded_zero_denominator_draws"": 0}",300,0.0022016457576157222,0.00242311199791061,"{""60"": {""native"": {""ci95"": [1.0, 1.0], ""time_blocks"": 6, ""block_width_s"": 60, ""thin_time_coverage"": true, ""discarded_zero_denominator_draws"": 0}, ""slot_service"": {""ci95"": [0.3071675088158959, 0.30766302765451226], ""time_blocks"": 6, ""block_width_s"": 60, ""thin_time_coverage"": true, ""discarded_zero_denominator_draws"": 0}}, ""120"": {""native"": {""ci95"": [1.0, 1.0], ""time_blocks"": 3, ""block_width_s"": 120, ""thin_time_coverage"": true, ""discarded_zero_denominator_draws"": 0}, ""slot_service"": {""ci95"": [0.3073531116824597, 0.30760908339469306], ""time_blocks"": 3, ""block_width_s"": 120, ""thin_time_coverage"": true, ""discarded_zero_denominator_draws"": 0}}}",offered-demand proxy using service times of dispatched calls; rejection prevents identifying all-arrival service demand,strict correct and on-time modeled service; measured live admission
/loads/8,Edge,RQ5a,fixed-latency-0.6,load_1,seed_1/fixed-latency-0.6,300,300,1.0,0.9960023729240213,4,0.607545229429379,0.15188630735734476,"[0.1517594742997464, 0.15200405816998114]",0.15178507278519995,2.0,1.0,"{""ci95"": [1.0, 1.0], ""time_blocks"": 11, ""block_width_s"": 30, ""thin_time_coverage"": false, ""discarded_zero_denominator_draws"": 0}",1.0,"{""ci95"": [1.0, 1.0], ""time_blocks"": 11, ""block_width_s"": 30, ""thin_time_coverage"": false, ""discarded_zero_denominator_draws"": 0}",300,0.002159750431925289,0.002433129000917056,"{""60"": {""native"": {""ci95"": [1.0, 1.0], ""time_blocks"": 6, ""block_width_s"": 60, ""thin_time_coverage"": true, ""discarded_zero_denominator_draws"": 0}, ""slot_service"": {""ci95"": [0.6068811257552174, 0.6080549736711311], ""time_blocks"": 6, ""block_width_s"": 60, ""thin_time_coverage"": true, ""discarded_zero_denominator_draws"": 0}}, ""120"": {""native"": {""ci95"": [1.0, 1.0], ""time_blocks"": 3, ""block_width_s"": 120, ""thin_time_coverage"": true, ""discarded_zero_denominator_draws"": 0}, ""slot_service"": {""ci95"": [0.6063786702767268, 0.6079786965128733], ""time_blocks"": 3, ""block_width_s"": 120, ""thin_time_coverage"": true, ""discarded_zero_denominator_draws"": 0}}}",offered-demand proxy using service times of dispatched calls; rejection prevents identifying all-arrival service demand,strict correct and on-time modeled service; measured live admission
/loads/9,Edge,RQ5a,fixed-latency-1.2,load_1,seed_1/fixed-latency-1.2,300,300,1.0,0.9960023729240213,4,1.2071529549825937,0.3017882387456484,"[0.3017116615535314, 0.30186380044759004]",0.3015870922186223,2.0,1.0,"{""ci95"": [1.0, 1.0], ""time_blocks"": 11, ""block_width_s"": 30, ""thin_time_coverage"": false, ""discarded_zero_denominator_draws"": 0}",1.0,"{""ci95"": [1.0, 1.0], ""time_blocks"": 11, ""block_width_s"": 30, ""thin_time_coverage"": false, ""discarded_zero_denominator_draws"": 0}",300,0.0021929368173587704,0.002398961996316018,"{""60"": {""native"": {""ci95"": [1.0, 1.0], ""time_blocks"": 6, ""block_width_s"": 60, ""thin_time_coverage"": true, ""discarded_zero_denominator_draws"": 0}, ""slot_service"": {""ci95"": [1.2068597419744953, 1.2073687200714907], ""time_blocks"": 6, ""block_width_s"": 60, ""thin_time_coverage"": true, ""discarded_zero_denominator_draws"": 0}}, ""120"": {""native"": {""ci95"": [1.0, 1.0], ""time_blocks"": 3, ""block_width_s"": 120, ""thin_time_coverage"": true, ""discarded_zero_denominator_draws"": 0}, ""slot_service"": {""ci95"": [1.2069938090028225, 1.207316235952021], ""time_blocks"": 3, ""block_width_s"": 120, ""thin_time_coverage"": true, ""discarded_zero_denominator_draws"": 0}}}",offered-demand proxy using service times of dispatched calls; rejection prevents identifying all-arrival service demand,strict correct and on-time modeled service; measured live admission
/loads/10,Edge,RQ5a,oracle,load_1,seed_1/oracle,300,300,1.0,0.9960023729240213,4,0.0007073448412120342,0.00017683621030300855,"[0.00016349515655610715, 0.00019185264870199984]",0.0001767183462348038,2.0,1.0,"{""ci95"": [1.0, 1.0], ""time_blocks"": 11, ""block_width_s"": 30, ""thin_time_coverage"": false, ""discarded_zero_denominator_draws"": 0}",1.0,"{""ci95"": [1.0, 1.0], ""time_blocks"": 11, ""block_width_s"": 30, ""thin_time_coverage"": false, ""discarded_zero_denominator_draws"": 0}",300,0.0020844784649369785,0.0023996596564686,"{""60"": {""native"": {""ci95"": [1.0, 1.0], ""time_blocks"": 6, ""block_width_s"": 60, ""thin_time_coverage"": true, ""discarded_zero_denominator_draws"": 0}, ""slot_service"": {""ci95"": [0.000672149316718181, 0.0007328653037548065], ""time_blocks"": 6, ""block_width_s"": 60, ""thin_time_coverage"": true, ""discarded_zero_denominator_draws"": 0}}, ""120"": {""native"": {""ci95"": [1.0, 1.0], ""time_blocks"": 3, ""block_width_s"": 120, ""thin_time_coverage"": true, ""discarded_zero_denominator_draws"": 0}, ""slot_service"": {""ci95"": [0.0006809413383624195, 0.0007321663433685899], ""time_blocks"": 3, ""block_width_s"": 120, ""thin_time_coverage"": true, ""discarded_zero_denominator_draws"": 0}}}",offered-demand proxy using service times of dispatched calls; rejection prevents identifying all-arrival service demand,strict correct and on-time modeled service; measured live admission
/loads/11,Edge,RQ5a,DeepSeek-V4.1-Flash,load_16,seed_1/DeepSeek-V4.1-Flash,300,181,16.0,15.93603839146212,4,0.46044698500110465,1.8417879400044186,,1.1104714467124717,2.0,0.09333333333333334,"{""ci95"": null, ""time_blocks"": 1, ""block_width_s"": 30, ""reason"": ""fewer than two occupied time blocks""}",0.10333333333333333,"{""ci95"": null, ""time_blocks"": 1, ""block_width_s"": 30, ""reason"": ""fewer than two occupied time blocks""}",181,1.8385205003179312,1.982342667235255,"{""60"": {""native"": {""ci95"": null, ""time_blocks"": 1, ""block_width_s"": 60, ""reason"": ""fewer than two occupied time blocks""}, ""slot_service"": {""ci95"": null, ""time_blocks"": 1, ""block_width_s"": 60, ""reason"": ""fewer than two occupied time blocks""}}, ""120"": {""native"": {""ci95"": null, ""time_blocks"": 1, ""block_width_s"": 120, ""reason"": ""fewer than two occupied time blocks""}, ""slot_service"": {""ci95"": null, ""time_blocks"": 1, ""block_width_s"": 120, ""reason"": ""fewer than two occupied time blocks""}}}",offered-demand proxy using service times of dispatched calls; rejection prevents identifying all-arrival service demand,strict correct and on-time modeled service; measured live admission
/loads/12,Edge,RQ5a,GLM-5.3-Flash,load_16,seed_1/GLM-5.3-Flash,300,113,16.0,15.93603839146212,4,0.7430136124891913,2.972054449956765,,1.118727726005651,2.0,0.023333333333333334,"{""ci95"": null, ""time_blocks"": 1, ""block_width_s"": 30, ""reason"": ""fewer than two occupied time blocks""}",0.023333333333333334,"{""ci95"": null, ""time_blocks"": 1, ""block_width_s"": 30, ""reason"": ""fewer than two occupied time blocks""}",113,1.9239718340542318,1.9959041086649176,"{""60"": {""native"": {""ci95"": null, ""time_blocks"": 1, ""block_width_s"": 60, ""reason"": ""fewer than two occupied time blocks""}, ""slot_service"": {""ci95"": null, ""time_blocks"": 1, ""block_width_s"": 60, ""reason"": ""fewer than two occupied time blocks""}}, ""120"": {""native"": {""ci95"": null, ""time_blocks"": 1, ""block_width_s"": 120, ""reason"": ""fewer than two occupied time blocks""}, ""slot_service"": {""ci95"": null, ""time_blocks"": 1, ""block_width_s"": 120, ""reason"": ""fewer than two occupied time blocks""}}}",offered-demand proxy using service times of dispatched calls; rejection prevents identifying all-arrival service demand,strict correct and on-time modeled service; measured live admission
/loads/13,Edge,RQ5a,Jev-1.13.0,load_16,seed_1/Jev-1.13.0,300,300,16.0,15.93603839146212,4,0.27112157446332275,1.084486297853291,,1.0837634998497911,2.0,0.9066666666666666,"{""ci95"": null, ""time_blocks"": 1, ""block_width_s"": 30, ""reason"": ""fewer than two occupied time blocks""}",0.9833333333333333,"{""ci95"": null, ""time_blocks"": 1, ""block_width_s"": 30, ""reason"": ""fewer than two occupied time blocks""}",300,0.6034802082833055,1.49233190809667,"{""60"": {""native"": {""ci95"": null, ""time_blocks"": 1, ""block_width_s"": 60, ""reason"": ""fewer than two occupied time blocks""}, ""slot_service"": {""ci95"": null, ""time_blocks"": 1, ""block_width_s"": 60, ""reason"": ""fewer than two occupied time blocks""}}, ""120"": {""native"": {""ci95"": null, ""time_blocks"": 1, ""block_width_s"": 120, ""reason"": ""fewer than two occupied time blocks""}, ""slot_service"": {""ci95"": null, ""time_blocks"": 1, ""block_width_s"": 120, ""reason"": ""fewer than two occupied time blocks""}}}",offered-demand proxy using service times of dispatched calls; rejection prevents identifying all-arrival service demand,strict correct and on-time modeled service; measured live admission
/loads/14,Edge,RQ5a,Laya,load_16,seed_1/Laya,300,290,16.0,15.93603839146212,4,0.2593478955681725,1.03739158227269,,1.0021434999586945,2.0,0.09333333333333334,"{""ci95"": null, ""time_blocks"": 1, ""block_width_s"": 30, ""reason"": ""fewer than two occupied time blocks""}",0.7533333333333333,"{""ci95"": null, ""time_blocks"": 1, ""block_width_s"": 30, ""reason"": ""fewer than two occupied time blocks""}",290,0.43359172953301695,1.966340419681466,"{""60"": {""native"": {""ci95"": null, ""time_blocks"": 1, ""block_width_s"": 60, ""reason"": ""fewer than two occupied time blocks""}, ""slot_service"": {""ci95"": null, ""time_blocks"": 1, ""block_width_s"": 60, ""reason"": ""fewer than two occupied time blocks""}}, ""120"": {""native"": {""ci95"": null, ""time_blocks"": 1, ""block_width_s"": 120, ""reason"": ""fewer than two occupied time blocks""}, ""slot_service"": {""ci95"": null, ""time_blocks"": 1, ""block_width_s"": 120, ""reason"": ""fewer than two occupied time blocks""}}}",offered-demand proxy using service times of dispatched calls; rejection prevents identifying all-arrival service demand,strict correct and on-time modeled service; measured live admission
/loads/15,Edge,RQ5a,Qwen3.5-4B-JSON,load_16,seed_1/Qwen3.5-4B-JSON,300,23,16.0,15.93603839146212,4,3.9558373278249865,15.823349311299946,,1.2123149139730367,2.0,0.0033333333333333335,"{""ci95"": null, ""time_blocks"": 1, ""block_width_s"": 30, ""reason"": ""fewer than two occupied time blocks""}",0.0033333333333333335,"{""ci95"": null, ""time_blocks"": 1, ""block_width_s"": 30, ""reason"": ""fewer than two occupied time blocks""}",23,1.9361522494943735,1.9935675209691355,"{""60"": {""native"": {""ci95"": null, ""time_blocks"": 1, ""block_width_s"": 60, ""reason"": ""fewer than two occupied time blocks""}, ""slot_service"": {""ci95"": null, ""time_blocks"": 1, ""block_width_s"": 60, ""reason"": ""fewer than two occupied time blocks""}}, ""120"": {""native"": {""ci95"": null, ""time_blocks"": 1, ""block_width_s"": 120, ""reason"": ""fewer than two occupied time blocks""}, ""slot_service"": {""ci95"": null, ""time_blocks"": 1, ""block_width_s"": 120, ""reason"": ""fewer than two occupied time blocks""}}}",offered-demand proxy using service times of dispatched calls; rejection prevents identifying all-arrival service demand,strict correct and on-time modeled service; measured live admission
/loads/16,Edge,RQ5a,Qwen3.8-Flash,load_16,seed_1/Qwen3.8-Flash,300,59,16.0,15.93603839146212,4,1.4689153122352594,5.875661248941038,,1.1547765533157792,2.0,0.0033333333333333335,"{""ci95"": null, ""time_blocks"": 1, ""block_width_s"": 30, ""reason"": ""fewer than two occupied time blocks""}",0.0033333333333333335,"{""ci95"": null, ""time_blocks"": 1, ""block_width_s"": 30, ""reason"": ""fewer than two occupied time blocks""}",59,1.9330212905946382,1.9869931830693546,"{""60"": {""native"": {""ci95"": null, ""time_blocks"": 1, ""block_width_s"": 60, ""reason"": ""fewer than two occupied time blocks""}, ""slot_service"": {""ci95"": null, ""time_blocks"": 1, ""block_width_s"": 60, ""reason"": ""fewer than two occupied time blocks""}}, ""120"": {""native"": {""ci95"": null, ""time_blocks"": 1, ""block_width_s"": 120, ""reason"": ""fewer than two occupied time blocks""}, ""slot_service"": {""ci95"": null, ""time_blocks"": 1, ""block_width_s"": 120, ""reason"": ""fewer than two occupied time blocks""}}}",offered-demand proxy using service times of dispatched calls; rejection prevents identifying all-arrival service demand,strict correct and on-time modeled service; measured live admission
/loads/17,Edge,RQ5a,SemIf-Qwen3.5-4B,load_16,seed_1/SemIf-Qwen3.5-4B,300,35,16.0,15.93603839146212,4,2.5424791535628692,10.169916614251477,,1.1856994891500419,2.0,0.01,"{""ci95"": null, ""time_blocks"": 1, ""block_width_s"": 30, ""reason"": ""fewer than two occupied time blocks""}",0.01,"{""ci95"": null, ""time_blocks"": 1, ""block_width_s"": 30, ""reason"": ""fewer than two occupied time blocks""}",35,1.9534454577624203,1.9959477203667757,"{""60"": {""native"": {""ci95"": null, ""time_blocks"": 1, ""block_width_s"": 60, ""reason"": ""fewer than two occupied time blocks""}, ""slot_service"": {""ci95"": null, ""time_blocks"": 1, ""block_width_s"": 60, ""reason"": ""fewer than two occupied time blocks""}}, ""120"": {""native"": {""ci95"": null, ""time_blocks"": 1, ""block_width_s"": 120, ""reason"": ""fewer than two occupied time blocks""}, ""slot_service"": {""ci95"": null, ""time_blocks"": 1, ""block_width_s"": 120, ""reason"": ""fewer than two occupied time blocks""}}}",offered-demand proxy using service times of dispatched calls; rejection prevents identifying all-arrival service demand,strict correct and on-time modeled service; measured live admission
/loads/18,Edge,RQ5a,fixed-latency-0.3,load_16,seed_1/fixed-latency-0.3,300,268,16.0,15.93603839146212,4,0.307299204257581,1.229196817030324,,1.0973506301668101,2.0,0.5066666666666667,"{""ci95"": null, ""time_blocks"": 1, ""block_width_s"": 30, ""reason"": ""fewer than two occupied time blocks""}",0.5733333333333334,"{""ci95"": null, ""time_blocks"": 1, ""block_width_s"": 30, ""reason"": ""fewer than two occupied time blocks""}",268,1.444588479136467,1.953868745425036,"{""60"": {""native"": {""ci95"": null, ""time_blocks"": 1, ""block_width_s"": 60, ""reason"": ""fewer than two occupied time blocks""}, ""slot_service"": {""ci95"": null, ""time_blocks"": 1, ""block_width_s"": 60, ""reason"": ""fewer than two occupied time blocks""}}, ""120"": {""native"": {""ci95"": null, ""time_blocks"": 1, ""block_width_s"": 120, ""reason"": ""fewer than two occupied time blocks""}, ""slot_service"": {""ci95"": null, ""time_blocks"": 1, ""block_width_s"": 120, ""reason"": ""fewer than two occupied time blocks""}}}",offered-demand proxy using service times of dispatched calls; rejection prevents identifying all-arrival service demand,strict correct and on-time modeled service; measured live admission
/loads/19,Edge,RQ5a,fixed-latency-0.6,load_16,seed_1/fixed-latency-0.6,300,138,16.0,15.93603839146212,4,0.6070026213411188,2.4280104853644753,,1.1161404320088708,2.0,0.05,"{""ci95"": null, ""time_blocks"": 1, ""block_width_s"": 30, ""reason"": ""fewer than two occupied time blocks""}",0.05333333333333334,"{""ci95"": null, ""time_blocks"": 1, ""block_width_s"": 30, ""reason"": ""fewer than two occupied time blocks""}",138,1.8804242292060251,1.9878002630559026,"{""60"": {""native"": {""ci95"": null, ""time_blocks"": 1, ""block_width_s"": 60, ""reason"": ""fewer than two occupied time blocks""}, ""slot_service"": {""ci95"": null, ""time_blocks"": 1, ""block_width_s"": 60, ""reason"": ""fewer than two occupied time blocks""}}, ""120"": {""native"": {""ci95"": null, ""time_blocks"": 1, ""block_width_s"": 120, ""reason"": ""fewer than two occupied time blocks""}, ""slot_service"": {""ci95"": null, ""time_blocks"": 1, ""block_width_s"": 120, ""reason"": ""fewer than two occupied time blocks""}}}",offered-demand proxy using service times of dispatched calls; rejection prevents identifying all-arrival service demand,strict correct and on-time modeled service; measured live admission
/loads/20,Edge,RQ5a,fixed-latency-1.2,load_16,seed_1/fixed-latency-1.2,300,71,16.0,15.93603839146212,4,1.207212886130306,4.828851544521224,,1.1420665166411912,2.0,0.013333333333333334,"{""ci95"": null, ""time_blocks"": 1, ""block_width_s"": 30, ""reason"": ""fewer than two occupied time blocks""}",0.013333333333333334,"{""ci95"": null, ""time_blocks"": 1, ""block_width_s"": 30, ""reason"": ""fewer than two occupied time blocks""}",71,1.9050135006043902,1.9831820210339428,"{""60"": {""native"": {""ci95"": null, ""time_blocks"": 1, ""block_width_s"": 60, ""reason"": ""fewer than two occupied time blocks""}, ""slot_service"": {""ci95"": null, ""time_blocks"": 1, ""block_width_s"": 60, ""reason"": ""fewer than two occupied time blocks""}}, ""120"": {""native"": {""ci95"": null, ""time_blocks"": 1, ""block_width_s"": 120, ""reason"": ""fewer than two occupied time blocks""}, ""slot_service"": {""ci95"": null, ""time_blocks"": 1, ""block_width_s"": 120, ""reason"": ""fewer than two occupied time blocks""}}}",offered-demand proxy using service times of dispatched calls; rejection prevents identifying all-arrival service demand,strict correct and on-time modeled service; measured live admission
/loads/21,Edge,RQ5a,oracle,load_16,seed_1/oracle,300,300,16.0,15.93603839146212,4,0.000582255432382226,0.002329021729528904,,0.002327469462562006,2.0,1.0,"{""ci95"": null, ""time_blocks"": 1, ""block_width_s"": 30, ""reason"": ""fewer than two occupied time blocks""}",1.0,"{""ci95"": null, ""time_blocks"": 1, ""block_width_s"": 30, ""reason"": ""fewer than two occupied time blocks""}",300,0.002128541088253555,0.0023433669590295692,"{""60"": {""native"": {""ci95"": null, ""time_blocks"": 1, ""block_width_s"": 60, ""reason"": ""fewer than two occupied time blocks""}, ""slot_service"": {""ci95"": null, ""time_blocks"": 1, ""block_width_s"": 60, ""reason"": ""fewer than two occupied time blocks""}}, ""120"": {""native"": {""ci95"": null, ""time_blocks"": 1, ""block_width_s"": 120, ""reason"": ""fewer than two occupied time blocks""}, ""slot_service"": {""ci95"": null, ""time_blocks"": 1, ""block_width_s"": 120, ""reason"": ""fewer than two occupied time blocks""}}}",offered-demand proxy using service times of dispatched calls; rejection prevents identifying all-arrival service demand,strict correct and on-time modeled service; measured live admission
/loads/22,Edge,RQ5a,DeepSeek-V4.1-Flash,load_2,seed_1/DeepSeek-V4.1-Flash,300,300,2.0,1.9920047325768624,4,0.4344979089219123,0.21724895446095616,"[0.1993073132750964, 0.2356744910782883]",0.2171041532275585,2.0,0.9766666666666667,"{""ci95"": [0.9578059071729957, 0.9936102236421726], ""time_blocks"": 6, ""block_width_s"": 30, ""thin_time_coverage"": true, ""discarded_zero_denominator_draws"": 0}",0.9933333333333333,"{""ci95"": [0.9810126582278481, 1.0], ""time_blocks"": 6, ""block_width_s"": 30, ""thin_time_coverage"": true, ""discarded_zero_denominator_draws"": 0}",300,0.002067770869043528,0.0020894367566725693,"{""60"": {""native"": {""ci95"": [0.9491525423728814, 0.984375], ""time_blocks"": 3, ""block_width_s"": 60, ""thin_time_coverage"": true, ""discarded_zero_denominator_draws"": 0}, ""slot_service"": {""ci95"": [0.42414445193263434, 0.44176333116774913], ""time_blocks"": 3, ""block_width_s"": 60, ""thin_time_coverage"": true, ""discarded_zero_denominator_draws"": 0}}, ""120"": {""native"": {""ci95"": [0.9491525423728814, 0.983402489626556], ""time_blocks"": 2, ""block_width_s"": 120, ""thin_time_coverage"": true, ""discarded_zero_denominator_draws"": 0}, ""slot_service"": {""ci95"": [0.42414445193263434, 0.4370325726661754], ""time_blocks"": 2, ""block_width_s"": 120, ""thin_time_coverage"": true, ""discarded_zero_denominator_draws"": 0}}}",offered-demand proxy using service times of dispatched calls; rejection prevents identifying all-arrival service demand,strict correct and on-time modeled service; measured live admission
/loads/23,Edge,RQ5a,GLM-5.3-Flash,load_2,seed_1/GLM-5.3-Flash,300,300,2.0,1.9920047325768624,4,0.9795785834857573,0.48978929174287866,"[0.38376156386099197, 0.6066586923923671]",0.4894628363464634,2.0,0.8233333333333334,"{""ci95"": [0.7, 0.9335664335664335], ""time_blocks"": 6, ""block_width_s"": 30, ""thin_time_coverage"": true, ""discarded_zero_denominator_draws"": 0}",0.8533333333333334,"{""ci95"": [0.7417582417582418, 0.9538461538461539], ""time_blocks"": 6, ""block_width_s"": 30, ""thin_time_coverage"": true, ""discarded_zero_denominator_draws"": 0}",300,0.0021223757234212215,0.5744090155949432,"{""60"": {""native"": {""ci95"": [0.703125, 0.9646017699115044], ""time_blocks"": 3, ""block_width_s"": 60, ""thin_time_coverage"": true, ""discarded_zero_denominator_draws"": 0}, ""slot_service"": {""ci95"": [0.7273274184806289, 1.180039995815605], ""time_blocks"": 3, ""block_width_s"": 60, ""thin_time_coverage"": true, ""discarded_zero_denominator_draws"": 0}}, ""120"": {""native"": {""ci95"": [0.8135593220338984, 0.8257261410788381], ""time_blocks"": 2, ""block_width_s"": 120, ""thin_time_coverage"": true, ""discarded_zero_denominator_draws"": 0}, ""slot_service"": {""ci95"": [0.9677722728328153, 1.027804360898622], ""time_blocks"": 2, ""block_width_s"": 120, ""thin_time_coverage"": true, ""discarded_zero_denominator_draws"": 0}}}",offered-demand proxy using service times of dispatched calls; rejection prevents identifying all-arrival service demand,strict correct and on-time modeled service; measured live admission
/loads/24,Edge,RQ5a,Jev-1.13.0,load_2,seed_1/Jev-1.13.0,300,300,2.0,1.9920047325768624,4,0.2771384032225857,0.13856920161129285,"[0.1327939631439568, 0.14399102545825307]",0.1384768421734579,2.0,0.9533333333333334,"{""ci95"": [0.9244712990936556, 0.9815384615384616], ""time_blocks"": 6, ""block_width_s"": 30, ""thin_time_coverage"": true, ""discarded_zero_denominator_draws"": 0}",1.0,"{""ci95"": [1.0, 1.0], ""time_blocks"": 6, ""block_width_s"": 30, ""thin_time_coverage"": true, ""discarded_zero_denominator_draws"": 0}",300,0.002080229376819176,0.0023797851921671057,"{""60"": {""native"": {""ci95"": [0.9152542372881356, 0.9765625], ""time_blocks"": 3, ""block_width_s"": 60, ""thin_time_coverage"": true, ""discarded_zero_denominator_draws"": 0}, ""slot_service"": {""ci95"": [0.2623850056680582, 0.28175314360123593], ""time_blocks"": 3, ""block_width_s"": 60, ""thin_time_coverage"": true, ""discarded_zero_denominator_draws"": 0}}, ""120"": {""native"": {""ci95"": [0.9152542372881356, 0.9626556016597511], ""time_blocks"": 2, ""block_width_s"": 120, ""thin_time_coverage"": true, ""discarded_zero_denominator_draws"": 0}, ""slot_service"": {""ci95"": [0.2623850056680582, 0.2807502308396692], ""time_blocks"": 2, ""block_width_s"": 120, ""thin_time_coverage"": true, ""discarded_zero_denominator_draws"": 0}}}",offered-demand proxy using service times of dispatched calls; rejection prevents identifying all-arrival service demand,strict correct and on-time modeled service; measured live admission
/loads/25,Edge,RQ5a,Laya,load_2,seed_1/Laya,300,300,2.0,1.9920047325768624,4,0.09795653137688835,0.04897826568844418,"[0.04795906535984049, 0.05005594055561902]",0.04894562059103064,2.0,0.11666666666666667,"{""ci95"": [0.07920792079207921, 0.16822429906542055], ""time_blocks"": 6, ""block_width_s"": 30, ""thin_time_coverage"": true, ""discarded_zero_denominator_draws"": 0}",1.0,"{""ci95"": [1.0, 1.0], ""time_blocks"": 6, ""block_width_s"": 30, ""thin_time_coverage"": true, ""discarded_zero_denominator_draws"": 0}",300,0.0021811249686471967,0.002383272811967885,"{""60"": {""native"": {""ci95"": [0.07964601769911504, 0.15625], ""time_blocks"": 3, ""block_width_s"": 60, ""thin_time_coverage"": true, ""discarded_zero_denominator_draws"": 0}, ""slot_service"": {""ci95"": [0.09711881280261075, 0.09864648179791402], ""time_blocks"": 3, ""block_width_s"": 60, ""thin_time_coverage"": true, ""discarded_zero_denominator_draws"": 0}}, ""120"": {""native"": {""ci95"": [0.1016949152542373, 0.12033195020746888], ""time_blocks"": 2, ""block_width_s"": 120, ""thin_time_coverage"": true, ""discarded_zero_denominator_draws"": 0}, ""slot_service"": {""ci95"": [0.09711881280261075, 0.09816161600710568], ""time_blocks"": 2, ""block_width_s"": 120, ""thin_time_coverage"": true, ""discarded_zero_denominator_draws"": 0}}}",offered-demand proxy using service times of dispatched calls; rejection prevents identifying all-arrival service demand,strict correct and on-time modeled service; measured live admission
/loads/26,Edge,RQ5a,Qwen3.5-4B-JSON,load_2,seed_1/Qwen3.5-4B-JSON,300,142,2.0,1.9920047325768624,4,4.307274270258372,2.153637135129186,"[2.1142278454919707, 2.1962014762968147]",1.0187087991490755,2.0,0.0033333333333333335,"{""ci95"": [0.0, 0.010033444816053512], ""time_blocks"": 6, ""block_width_s"": 30, ""thin_time_coverage"": true, ""discarded_zero_denominator_draws"": 0}",0.006666666666666667,"{""ci95"": [0.0, 0.020066889632107024], ""time_blocks"": 6, ""block_width_s"": 30, ""thin_time_coverage"": true, ""discarded_zero_denominator_draws"": 0}",142,1.6577453960690782,1.94329704660011,"{""60"": {""native"": {""ci95"": [0.0, 0.008849557522123894], ""time_blocks"": 3, ""block_width_s"": 60, ""thin_time_coverage"": true, ""discarded_zero_denominator_draws"": 0}, ""slot_service"": {""ci95"": [4.210881492555408, 4.335650394354681], ""time_blocks"": 3, ""block_width_s"": 60, ""thin_time_coverage"": true, ""discarded_zero_denominator_draws"": 0}}, ""120"": {""native"": {""ci95"": [0.0, 0.004149377593360996], ""time_blocks"": 2, ""block_width_s"": 120, ""thin_time_coverage"": true, ""discarded_zero_denominator_draws"": 0}, ""slot_service"": {""ci95"": [4.210881492555408, 4.33094968934331], ""time_blocks"": 2, ""block_width_s"": 120, ""thin_time_coverage"": true, ""discarded_zero_denominator_draws"": 0}}}",offered-demand proxy using service times of dispatched calls; rejection prevents identifying all-arrival service demand,strict correct and on-time modeled service; measured live admission
/loads/27,Edge,RQ5a,Qwen3.8-Flash,load_2,seed_1/Qwen3.8-Flash,300,298,2.0,1.9920047325768624,4,1.465173136611663,0.7325865683058315,"[0.7189573447532617, 0.7485772464221107]",0.7272176279332154,2.0,0.66,"{""ci95"": [0.5396825396825397, 0.7929824561403509], ""time_blocks"": 6, ""block_width_s"": 30, ""thin_time_coverage"": true, ""discarded_zero_denominator_draws"": 0}",0.73,"{""ci95"": [0.609375, 0.8631578947368421], ""time_blocks"": 6, ""block_width_s"": 30, ""thin_time_coverage"": true, ""discarded_zero_denominator_draws"": 0}",298,0.0023340412885239914,1.4392744871782168,"{""60"": {""native"": {""ci95"": [0.5, 0.8141592920353983], ""time_blocks"": 3, ""block_width_s"": 60, ""thin_time_coverage"": true, ""discarded_zero_denominator_draws"": 0}, ""slot_service"": {""ci95"": [1.4240408673536329, 1.5049910980860812], ""time_blocks"": 3, ""block_width_s"": 60, ""thin_time_coverage"": true, ""discarded_zero_denominator_draws"": 0}}, ""120"": {""native"": {""ci95"": [0.6473029045643154, 0.711864406779661], ""time_blocks"": 2, ""block_width_s"": 120, ""thin_time_coverage"": true, ""discarded_zero_denominator_draws"": 0}, ""slot_service"": {""ci95"": [1.4553435980050073, 1.5049910980860812], ""time_blocks"": 2, ""block_width_s"": 120, ""thin_time_coverage"": true, ""discarded_zero_denominator_draws"": 0}}}",offered-demand proxy using service times of dispatched calls; rejection prevents identifying all-arrival service demand,strict correct and on-time modeled service; measured live admission
/loads/28,Edge,RQ5a,SemIf-Qwen3.5-4B,load_2,seed_1/SemIf-Qwen3.5-4B,300,249,2.0,1.9920047325768624,4,2.328181719089518,1.164090859544759,"[1.0268903691590585, 1.2679247450913145]",0.9655514228081844,2.0,0.08666666666666667,"{""ci95"": [0.0031645569620253164, 0.24496644295302014], ""time_blocks"": 6, ""block_width_s"": 30, ""thin_time_coverage"": true, ""discarded_zero_denominator_draws"": 0}",0.11,"{""ci95"": [0.0035460992907801418, 0.2906574394463668], ""time_blocks"": 6, ""block_width_s"": 30, ""thin_time_coverage"": true, ""discarded_zero_denominator_draws"": 0}",249,1.0741541250931022,1.9095083082434143,"{""60"": {""native"": {""ci95"": [0.0078125, 0.21238938053097345], ""time_blocks"": 3, ""block_width_s"": 60, ""thin_time_coverage"": true, ""discarded_zero_denominator_draws"": 0}, ""slot_service"": {""ci95"": [2.096179695248052, 2.611565284390488], ""time_blocks"": 3, ""block_width_s"": 60, ""thin_time_coverage"": true, ""discarded_zero_denominator_draws"": 0}}, ""120"": {""native"": {""ci95"": [0.01694915254237288, 0.1037344398340249], ""time_blocks"": 2, ""block_width_s"": 120, ""thin_time_coverage"": true, ""discarded_zero_denominator_draws"": 0}, ""slot_service"": {""ci95"": [2.263966723996687, 2.611565284390488], ""time_blocks"": 2, ""block_width_s"": 120, ""thin_time_coverage"": true, ""discarded_zero_denominator_draws"": 0}}}",offered-demand proxy using service times of dispatched calls; rejection prevents identifying all-arrival service demand,strict correct and on-time modeled service; measured live admission
/loads/29,Edge,RQ5a,fixed-latency-0.3,load_2,seed_1/fixed-latency-0.3,300,300,2.0,1.9920047325768624,4,0.3074552341674765,0.15372761708373825,"[0.15361982481492678, 0.153856829477169]",0.1536251542267075,2.0,1.0,"{""ci95"": [1.0, 1.0], ""time_blocks"": 6, ""block_width_s"": 30, ""thin_time_coverage"": true, ""discarded_zero_denominator_draws"": 0}",1.0,"{""ci95"": [1.0, 1.0], ""time_blocks"": 6, ""block_width_s"": 30, ""thin_time_coverage"": true, ""discarded_zero_denominator_draws"": 0}",300,0.0021854382744983525,0.0024072583424306513,"{""60"": {""native"": {""ci95"": [1.0, 1.0], ""time_blocks"": 3, ""block_width_s"": 60, ""thin_time_coverage"": true, ""discarded_zero_denominator_draws"": 0}, ""slot_service"": {""ci95"": [0.30735792149062036, 0.30755783962003425], ""time_blocks"": 3, ""block_width_s"": 60, ""thin_time_coverage"": true, ""discarded_zero_denominator_draws"": 0}}, ""120"": {""native"": {""ci95"": [1.0, 1.0], ""time_blocks"": 2, ""block_width_s"": 120, ""thin_time_coverage"": true, ""discarded_zero_denominator_draws"": 0}, ""slot_service"": {""ci95"": [0.30745165903677707, 0.30746983766745206], ""time_blocks"": 2, ""block_width_s"": 120, ""thin_time_coverage"": true, ""discarded_zero_denominator_draws"": 0}}}",offered-demand proxy using service times of dispatched calls; rejection prevents identifying all-arrival service demand,strict correct and on-time modeled service; measured live admission
/loads/30,Edge,RQ5a,fixed-latency-0.6,load_2,seed_1/fixed-latency-0.6,300,300,2.0,1.9920047325768624,4,0.6075440269336104,0.3037720134668052,"[0.3035940978013105, 0.3038920721280115]",0.30356954270080855,2.0,1.0,"{""ci95"": [1.0, 1.0], ""time_blocks"": 6, ""block_width_s"": 30, ""thin_time_coverage"": true, ""discarded_zero_denominator_draws"": 0}",1.0,"{""ci95"": [1.0, 1.0], ""time_blocks"": 6, ""block_width_s"": 30, ""thin_time_coverage"": true, ""discarded_zero_denominator_draws"": 0}",300,0.002158937025036778,0.002403501848771916,"{""60"": {""native"": {""ci95"": [1.0, 1.0], ""time_blocks"": 3, ""block_width_s"": 60, ""thin_time_coverage"": true, ""discarded_zero_denominator_draws"": 0}, ""slot_service"": {""ci95"": [0.6068864314801107, 0.6077311487752013], ""time_blocks"": 3, ""block_width_s"": 60, ""thin_time_coverage"": true, ""discarded_zero_denominator_draws"": 0}}, ""120"": {""native"": {""ci95"": [1.0, 1.0], ""time_blocks"": 2, ""block_width_s"": 120, ""thin_time_coverage"": true, ""discarded_zero_denominator_draws"": 0}, ""slot_service"": {""ci95"": [0.6068864314801107, 0.6077050150321851], ""time_blocks"": 2, ""block_width_s"": 120, ""thin_time_coverage"": true, ""discarded_zero_denominator_draws"": 0}}}",offered-demand proxy using service times of dispatched calls; rejection prevents identifying all-arrival service demand,strict correct and on-time modeled service; measured live admission
/loads/31,Edge,RQ5a,fixed-latency-1.2,load_2,seed_1/fixed-latency-1.2,300,300,2.0,1.9920047325768624,4,1.2074252155671517,0.6037126077835758,"[0.6035016858625916, 0.6038703582752262]",0.6033102199771917,2.0,0.9833333333333333,"{""ci95"": [0.964769647696477, 1.0], ""time_blocks"": 6, ""block_width_s"": 30, ""thin_time_coverage"": true, ""discarded_zero_denominator_draws"": 0}",0.99,"{""ci95"": [0.9776357827476039, 1.0], ""time_blocks"": 6, ""block_width_s"": 30, ""thin_time_coverage"": true, ""discarded_zero_denominator_draws"": 0}",300,0.0022455210442799967,0.448607035596023,"{""60"": {""native"": {""ci95"": [0.9609375, 1.0], ""time_blocks"": 3, ""block_width_s"": 60, ""thin_time_coverage"": true, ""discarded_zero_denominator_draws"": 0}, ""slot_service"": {""ci95"": [1.2070777344051749, 1.207741197256322], ""time_blocks"": 3, ""block_width_s"": 60, ""thin_time_coverage"": true, ""discarded_zero_denominator_draws"": 0}}, ""120"": {""native"": {""ci95"": [0.979253112033195, 1.0], ""time_blocks"": 2, ""block_width_s"": 120, ""thin_time_coverage"": true, ""discarded_zero_denominator_draws"": 0}, ""slot_service"": {""ci95"": [1.207388818646584, 1.2075738877342161], ""time_blocks"": 2, ""block_width_s"": 120, ""thin_time_coverage"": true, ""discarded_zero_denominator_draws"": 0}}}",offered-demand proxy using service times of dispatched calls; rejection prevents identifying all-arrival service demand,strict correct and on-time modeled service; measured live admission
/loads/32,Edge,RQ5a,oracle,load_2,seed_1/oracle,300,300,2.0,1.9920047325768624,4,0.0007023657423754534,0.0003511828711877267,"[0.0003310449069717547, 0.0003660785423332377]",0.00035094880003639576,2.0,1.0,"{""ci95"": [1.0, 1.0], ""time_blocks"": 6, ""block_width_s"": 30, ""thin_time_coverage"": true, ""discarded_zero_denominator_draws"": 0}",1.0,"{""ci95"": [1.0, 1.0], ""time_blocks"": 6, ""block_width_s"": 30, ""thin_time_coverage"": true, ""discarded_zero_denominator_draws"": 0}",300,0.002146958257057463,0.0023802018568026993,"{""60"": {""native"": {""ci95"": [1.0, 1.0], ""time_blocks"": 3, ""block_width_s"": 60, ""thin_time_coverage"": true, ""discarded_zero_denominator_draws"": 0}, ""slot_service"": {""ci95"": [0.0006288327750260547, 0.0007242328283609822], ""time_blocks"": 3, ""block_width_s"": 60, ""thin_time_coverage"": true, ""discarded_zero_denominator_draws"": 0}}, ""120"": {""native"": {""ci95"": [1.0, 1.0], ""time_blocks"": 2, ""block_width_s"": 120, ""thin_time_coverage"": true, ""discarded_zero_denominator_draws"": 0}, ""slot_service"": {""ci95"": [0.0006288327750260547, 0.0007203675891539368], ""time_blocks"": 2, ""block_width_s"": 120, ""thin_time_coverage"": true, ""discarded_zero_denominator_draws"": 0}}}",offered-demand proxy using service times of dispatched calls; rejection prevents identifying all-arrival service demand,strict correct and on-time modeled service; measured live admission
/loads/33,Edge,RQ5a,DeepSeek-V4.1-Flash,load_4,seed_1/DeepSeek-V4.1-Flash,300,300,4.0,3.984009491696085,4,0.4010879297181964,0.4010879297181964,"[0.39912349380756496, 0.40559167222325077]",0.4008205984118796,2.0,0.9833333333333333,"{""ci95"": [0.9661016949152542, 0.9921875], ""time_blocks"": 3, ""block_width_s"": 30, ""thin_time_coverage"": true, ""discarded_zero_denominator_draws"": 0}",1.0,"{""ci95"": [1.0, 1.0], ""time_blocks"": 3, ""block_width_s"": 30, ""thin_time_coverage"": true, ""discarded_zero_denominator_draws"": 0}",300,0.0021315623427021757,0.0046386100079922835,"{""60"": {""native"": {""ci95"": [0.9661016949152542, 0.9875518672199171], ""time_blocks"": 2, ""block_width_s"": 60, ""thin_time_coverage"": true, ""discarded_zero_denominator_draws"": 0}, ""slot_service"": {""ci95"": [0.3999853537522287, 0.40559167222325077], ""time_blocks"": 2, ""block_width_s"": 60, ""thin_time_coverage"": true, ""discarded_zero_denominator_draws"": 0}}, ""120"": {""native"": {""ci95"": null, ""time_blocks"": 1, ""block_width_s"": 120, ""reason"": ""fewer than two occupied time blocks""}, ""slot_service"": {""ci95"": null, ""time_blocks"": 1, ""block_width_s"": 120, ""reason"": ""fewer than two occupied time blocks""}}}",offered-demand proxy using service times of dispatched calls; rejection prevents identifying all-arrival service demand,strict correct and on-time modeled service; measured live admission
/loads/34,Edge,RQ5a,GLM-5.3-Flash,load_4,seed_1/GLM-5.3-Flash,300,296,4.0,3.984009491696085,4,0.8830854598703366,0.8830854598703366,"[0.806463512009941, 1.018317630328238]",0.870730244827975,2.0,0.8066666666666666,"{""ci95"": [0.576271186440678, 0.8672566371681416], ""time_blocks"": 3, ""block_width_s"": 30, ""thin_time_coverage"": true, ""discarded_zero_denominator_draws"": 0}",0.8433333333333334,"{""ci95"": [0.6271186440677966, 0.9026548672566371], ""time_blocks"": 3, ""block_width_s"": 30, ""thin_time_coverage"": true, ""discarded_zero_denominator_draws"": 0}",296,0.3489240211249891,1.5078592507127802,"{""60"": {""native"": {""ci95"": [0.576271186440678, 0.8630705394190872], ""time_blocks"": 2, ""block_width_s"": 60, ""thin_time_coverage"": true, ""discarded_zero_denominator_draws"": 0}, ""slot_service"": {""ci95"": [0.8522233462803591, 1.018317630328238], ""time_blocks"": 2, ""block_width_s"": 60, ""thin_time_coverage"": true, ""discarded_zero_denominator_draws"": 0}}, ""120"": {""native"": {""ci95"": null, ""time_blocks"": 1, ""block_width_s"": 120, ""reason"": ""fewer than two occupied time blocks""}, ""slot_service"": {""ci95"": null, ""time_blocks"": 1, ""block_width_s"": 120, ""reason"": ""fewer than two occupied time blocks""}}}",offered-demand proxy using service times of dispatched calls; rejection prevents identifying all-arrival service demand,strict correct and on-time modeled service; measured live admission
/loads/35,Edge,RQ5a,Jev-1.13.0,load_4,seed_1/Jev-1.13.0,300,300,4.0,3.984009491696085,4,0.27215171709656716,0.27215171709656716,"[0.26821498177741887, 0.2769741847352908]",0.2719703237694259,2.0,0.9366666666666666,"{""ci95"": [0.8983050847457628, 0.953125], ""time_blocks"": 3, ""block_width_s"": 30, ""thin_time_coverage"": true, ""discarded_zero_denominator_draws"": 0}",0.9966666666666667,"{""ci95"": [0.9921875, 1.0], ""time_blocks"": 3, ""block_width_s"": 30, ""thin_time_coverage"": true, ""discarded_zero_denominator_draws"": 0}",300,0.0021437497140759376,0.002445447824183056,"{""60"": {""native"": {""ci95"": [0.8983050847457628, 0.946058091286307], ""time_blocks"": 2, ""block_width_s"": 60, ""thin_time_coverage"": true, ""discarded_zero_denominator_draws"": 0}, ""slot_service"": {""ci95"": [0.2714561794300453, 0.27232199395268664], ""time_blocks"": 2, ""block_width_s"": 60, ""thin_time_coverage"": true, ""discarded_zero_denominator_draws"": 0}}, ""120"": {""native"": {""ci95"": null, ""time_blocks"": 1, ""block_width_s"": 120, ""reason"": ""fewer than two occupied time blocks""}, ""slot_service"": {""ci95"": null, ""time_blocks"": 1, ""block_width_s"": 120, ""reason"": ""fewer than two occupied time blocks""}}}",offered-demand proxy using service times of dispatched calls; rejection prevents identifying all-arrival service demand,strict correct and on-time modeled service; measured live admission
/loads/36,Edge,RQ5a,Laya,load_4,seed_1/Laya,300,300,4.0,3.984009491696085,4,0.10218211165008445,0.10218211165008445,"[0.09721816626204326, 0.10607397426792886]",0.10211400569284755,2.0,0.11666666666666667,"{""ci95"": [0.07964601769911504, 0.15625], ""time_blocks"": 3, ""block_width_s"": 30, ""thin_time_coverage"": true, ""discarded_zero_denominator_draws"": 0}",1.0,"{""ci95"": [1.0, 1.0], ""time_blocks"": 3, ""block_width_s"": 30, ""thin_time_coverage"": true, ""discarded_zero_denominator_draws"": 0}",300,0.0021228122855170284,0.002349217012077176,"{""60"": {""native"": {""ci95"": [0.1016949152542373, 0.12033195020746888], ""time_blocks"": 2, ""block_width_s"": 60, ""thin_time_coverage"": true, ""discarded_zero_denominator_draws"": 0}, ""slot_service"": {""ci95"": [0.10192166594981653, 0.10324596612067041], ""time_blocks"": 2, ""block_width_s"": 60, ""thin_time_coverage"": true, ""discarded_zero_denominator_draws"": 0}}, ""120"": {""native"": {""ci95"": null, ""time_blocks"": 1, ""block_width_s"": 120, ""reason"": ""fewer than two occupied time blocks""}, ""slot_service"": {""ci95"": null, ""time_blocks"": 1, ""block_width_s"": 120, ""reason"": ""fewer than two occupied time blocks""}}}",offered-demand proxy using service times of dispatched calls; rejection prevents identifying all-arrival service demand,strict correct and on-time modeled service; measured live admission
/loads/37,Edge,RQ5a,Qwen3.5-4B-JSON,load_4,seed_1/Qwen3.5-4B-JSON,300,75,4.0,3.984009491696085,4,4.203169682150086,4.203169682150086,"[4.051936785351824, 4.359442687460354]",1.0500920511430911,2.0,0.0033333333333333335,"{""ci95"": [0.0, 0.008849557522123894], ""time_blocks"": 3, ""block_width_s"": 30, ""thin_time_coverage"": true, ""discarded_zero_denominator_draws"": 0}",0.006666666666666667,"{""ci95"": [0.0, 0.017699115044247787], ""time_blocks"": 3, ""block_width_s"": 30, ""thin_time_coverage"": true, ""discarded_zero_denominator_draws"": 0}",75,1.7762735409528645,1.959858178416381,"{""60"": {""native"": {""ci95"": [0.0, 0.004149377593360996], ""time_blocks"": 2, ""block_width_s"": 60, ""thin_time_coverage"": true, ""discarded_zero_denominator_draws"": 0}, ""slot_service"": {""ci95"": [4.167303746505106, 4.359442687460354], ""time_blocks"": 2, ""block_width_s"": 60, ""thin_time_coverage"": true, ""discarded_zero_denominator_draws"": 0}}, ""120"": {""native"": {""ci95"": null, ""time_blocks"": 1, ""block_width_s"": 120, ""reason"": ""fewer than two occupied time blocks""}, ""slot_service"": {""ci95"": null, ""time_blocks"": 1, ""block_width_s"": 120, ""reason"": ""fewer than two occupied time blocks""}}}",offered-demand proxy using service times of dispatched calls; rejection prevents identifying all-arrival service demand,strict correct and on-time modeled service; measured live admission
/loads/38,Edge,RQ5a,Qwen3.8-Flash,load_4,seed_1/Qwen3.8-Flash,300,207,4.0,3.984009491696085,4,1.4777406072289039,1.4777406072289039,"[1.3960246836491437, 1.7378851098262451]",1.0189614124842732,2.0,0.02666666666666667,"{""ci95"": [0.0234375, 0.03389830508474576], ""time_blocks"": 3, ""block_width_s"": 30, ""thin_time_coverage"": true, ""discarded_zero_denominator_draws"": 0}",0.03666666666666667,"{""ci95"": [0.02654867256637168, 0.046875], ""time_blocks"": 3, ""block_width_s"": 30, ""thin_time_coverage"": true, ""discarded_zero_denominator_draws"": 0}",207,1.6491001244308352,1.9417083836810078,"{""60"": {""native"": {""ci95"": [0.024896265560165973, 0.03389830508474576], ""time_blocks"": 2, ""block_width_s"": 60, ""thin_time_coverage"": true, ""discarded_zero_denominator_draws"": 0}, ""slot_service"": {""ci95"": [1.4284028567363047, 1.7378851098262451], ""time_blocks"": 2, ""block_width_s"": 60, ""thin_time_coverage"": true, ""discarded_zero_denominator_draws"": 0}}, ""120"": {""native"": {""ci95"": null, ""time_blocks"": 1, ""block_width_s"": 120, ""reason"": ""fewer than two occupied time blocks""}, ""slot_service"": {""ci95"": null, ""time_blocks"": 1, ""block_width_s"": 120, ""reason"": ""fewer than two occupied time blocks""}}}",offered-demand proxy using service times of dispatched calls; rejection prevents identifying all-arrival service demand,strict correct and on-time modeled service; measured live admission
/loads/39,Edge,RQ5a,SemIf-Qwen3.5-4B,load_4,seed_1/SemIf-Qwen3.5-4B,300,118,4.0,3.984009491696085,4,2.637308231341826,2.637308231341826,"[2.601579010002315, 2.6672762009230526]",1.0366498336880416,2.0,0.01,"{""ci95"": [0.0, 0.02654867256637168], ""time_blocks"": 3, ""block_width_s"": 30, ""thin_time_coverage"": true, ""discarded_zero_denominator_draws"": 0}",0.01,"{""ci95"": [0.0, 0.02654867256637168], ""time_blocks"": 3, ""block_width_s"": 30, ""thin_time_coverage"": true, ""discarded_zero_denominator_draws"": 0}",118,1.811749417540014,1.985561603008888,"{""60"": {""native"": {""ci95"": [0.0, 0.012448132780082987], ""time_blocks"": 2, ""block_width_s"": 60, ""thin_time_coverage"": true, ""discarded_zero_denominator_draws"": 0}, ""slot_service"": {""ci95"": [2.6304405716461283, 2.6672762009230526], ""time_blocks"": 2, ""block_width_s"": 60, ""thin_time_coverage"": true, ""discarded_zero_denominator_draws"": 0}}, ""120"": {""native"": {""ci95"": null, ""time_blocks"": 1, ""block_width_s"": 120, ""reason"": ""fewer than two occupied time blocks""}, ""slot_service"": {""ci95"": null, ""time_blocks"": 1, ""block_width_s"": 120, ""reason"": ""fewer than two occupied time blocks""}}}",offered-demand proxy using service times of dispatched calls; rejection prevents identifying all-arrival service demand,strict correct and on-time modeled service; measured live admission
/loads/40,Edge,RQ5a,fixed-latency-0.3,load_4,seed_1/fixed-latency-0.3,300,300,4.0,3.984009491696085,4,0.3072291956593593,0.3072291956593593,"[0.30716470748943797, 0.3072766898595522]",0.3070244226504284,2.0,1.0,"{""ci95"": [1.0, 1.0], ""time_blocks"": 3, ""block_width_s"": 30, ""thin_time_coverage"": true, ""discarded_zero_denominator_draws"": 0}",1.0,"{""ci95"": [1.0, 1.0], ""time_blocks"": 3, ""block_width_s"": 30, ""thin_time_coverage"": true, ""discarded_zero_denominator_draws"": 0}",300,0.002178084108206413,0.0024044585186433045,"{""60"": {""native"": {""ci95"": [1.0, 1.0], ""time_blocks"": 2, ""block_width_s"": 60, ""thin_time_coverage"": true, ""discarded_zero_denominator_draws"": 0}, ""slot_service"": {""ci95"": [0.30716470748943797, 0.3072449832196305], ""time_blocks"": 2, ""block_width_s"": 60, ""thin_time_coverage"": true, ""discarded_zero_denominator_draws"": 0}}, ""120"": {""native"": {""ci95"": null, ""time_blocks"": 1, ""block_width_s"": 120, ""reason"": ""fewer than two occupied time blocks""}, ""slot_service"": {""ci95"": null, ""time_blocks"": 1, ""block_width_s"": 120, ""reason"": ""fewer than two occupied time blocks""}}}",offered-demand proxy using service times of dispatched calls; rejection prevents identifying all-arrival service demand,strict correct and on-time modeled service; measured live admission
/loads/41,Edge,RQ5a,fixed-latency-0.6,load_4,seed_1/fixed-latency-0.6,300,300,4.0,3.984009491696085,4,0.6073498414053271,0.6073498414053271,"[0.6072269351328764, 0.6074849622527836]",0.6069450333458868,2.0,1.0,"{""ci95"": [1.0, 1.0], ""time_blocks"": 3, ""block_width_s"": 30, ""thin_time_coverage"": true, ""discarded_zero_denominator_draws"": 0}",1.0,"{""ci95"": [1.0, 1.0], ""time_blocks"": 3, ""block_width_s"": 30, ""thin_time_coverage"": true, ""discarded_zero_denominator_draws"": 0}",300,0.0022005836071381513,0.23386989721191542,"{""60"": {""native"": {""ci95"": [1.0, 1.0], ""time_blocks"": 2, ""block_width_s"": 60, ""thin_time_coverage"": true, ""discarded_zero_denominator_draws"": 0}, ""slot_service"": {""ci95"": [0.6072920946309627, 0.6073639785824537], ""time_blocks"": 2, ""block_width_s"": 60, ""thin_time_coverage"": true, ""discarded_zero_denominator_draws"": 0}}, ""120"": {""native"": {""ci95"": null, ""time_blocks"": 1, ""block_width_s"": 120, ""reason"": ""fewer than two occupied time blocks""}, ""slot_service"": {""ci95"": null, ""time_blocks"": 1, ""block_width_s"": 120, ""reason"": ""fewer than two occupied time blocks""}}}",offered-demand proxy using service times of dispatched calls; rejection prevents identifying all-arrival service demand,strict correct and on-time modeled service; measured live admission
/loads/42,Edge,RQ5a,fixed-latency-1.2,load_4,seed_1/fixed-latency-1.2,300,253,4.0,3.984009491696085,4,1.2074794013627432,1.2074794013627432,"[1.2072625217522133, 1.2076377932201414]",1.0176289107042968,2.0,0.11666666666666667,"{""ci95"": [0.0859375, 0.1592920353982301], ""time_blocks"": 3, ""block_width_s"": 30, ""thin_time_coverage"": true, ""discarded_zero_denominator_draws"": 0}",0.15333333333333332,"{""ci95"": [0.11864406779661017, 0.18584070796460178], ""time_blocks"": 3, ""block_width_s"": 30, ""thin_time_coverage"": true, ""discarded_zero_denominator_draws"": 0}",253,1.4796577916526807,1.963534732749212,"{""60"": {""native"": {""ci95"": [0.1016949152542373, 0.12033195020746888], ""time_blocks"": 2, ""block_width_s"": 60, ""thin_time_coverage"": true, ""discarded_zero_denominator_draws"": 0}, ""slot_service"": {""ci95"": [1.2074394113393407, 1.2076377932201414], ""time_blocks"": 2, ""block_width_s"": 60, ""thin_time_coverage"": true, ""discarded_zero_denominator_draws"": 0}}, ""120"": {""native"": {""ci95"": null, ""time_blocks"": 1, ""block_width_s"": 120, ""reason"": ""fewer than two occupied time blocks""}, ""slot_service"": {""ci95"": null, ""time_blocks"": 1, ""block_width_s"": 120, ""reason"": ""fewer than two occupied time blocks""}}}",offered-demand proxy using service times of dispatched calls; rejection prevents identifying all-arrival service demand,strict correct and on-time modeled service; measured live admission
/loads/43,Edge,RQ5a,oracle,load_4,seed_1/oracle,300,300,4.0,3.984009491696085,4,0.0006275271034489075,0.0006275271034489075,"[0.000513125050929375, 0.0007257072205564617]",0.0006271088469323576,2.0,1.0,"{""ci95"": [1.0, 1.0], ""time_blocks"": 3, ""block_width_s"": 30, ""thin_time_coverage"": true, ""discarded_zero_denominator_draws"": 0}",1.0,"{""ci95"": [1.0, 1.0], ""time_blocks"": 3, ""block_width_s"": 30, ""thin_time_coverage"": true, ""discarded_zero_denominator_draws"": 0}",300,0.002089999690145561,0.0023804526920915502,"{""60"": {""native"": {""ci95"": [1.0, 1.0], ""time_blocks"": 2, ""block_width_s"": 60, ""thin_time_coverage"": true, ""discarded_zero_denominator_draws"": 0}, ""slot_service"": {""ci95"": [0.0006128005080574281, 0.0006876815015734253], ""time_blocks"": 2, ""block_width_s"": 60, ""thin_time_coverage"": true, ""discarded_zero_denominator_draws"": 0}}, ""120"": {""native"": {""ci95"": null, ""time_blocks"": 1, ""block_width_s"": 120, ""reason"": ""fewer than two occupied time blocks""}, ""slot_service"": {""ci95"": null, ""time_blocks"": 1, ""block_width_s"": 120, ""reason"": ""fewer than two occupied time blocks""}}}",offered-demand proxy using service times of dispatched calls; rejection prevents identifying all-arrival service demand,strict correct and on-time modeled service; measured live admission
/loads/44,Edge,RQ5a,DeepSeek-V4.1-Flash,load_8,seed_1/DeepSeek-V4.1-Flash,300,272,8.0,7.96801898339217,4,0.5263588043470757,1.0527176086941514,"[0.9380255127483506, 1.084486780810594]",0.9538278002263917,2.0,0.6033333333333334,"{""ci95"": [0.5145228215767634, 0.9661016949152542], ""time_blocks"": 2, ""block_width_s"": 30, ""thin_time_coverage"": true, ""discarded_zero_denominator_draws"": 0}",0.6533333333333333,"{""ci95"": [0.5684647302904564, 1.0], ""time_blocks"": 2, ""block_width_s"": 30, ""thin_time_coverage"": true, ""discarded_zero_denominator_draws"": 0}",272,0.7172152291612921,1.858230566935807,"{""60"": {""native"": {""ci95"": null, ""time_blocks"": 1, ""block_width_s"": 60, ""reason"": ""fewer than two occupied time blocks""}, ""slot_service"": {""ci95"": null, ""time_blocks"": 1, ""block_width_s"": 60, ""reason"": ""fewer than two occupied time blocks""}}, ""120"": {""native"": {""ci95"": null, ""time_blocks"": 1, ""block_width_s"": 120, ""reason"": ""fewer than two occupied time blocks""}, ""slot_service"": {""ci95"": null, ""time_blocks"": 1, ""block_width_s"": 120, ""reason"": ""fewer than two occupied time blocks""}}}",offered-demand proxy using service times of dispatched calls; rejection prevents identifying all-arrival service demand,strict correct and on-time modeled service; measured live admission
/loads/45,Edge,RQ5a,GLM-5.3-Flash,load_8,seed_1/GLM-5.3-Flash,300,222,8.0,7.96801898339217,4,0.7079914196243359,1.4159828392486717,"[1.3490754206080076, 1.4320555711008982]",1.0471289079475723,2.0,0.07666666666666666,"{""ci95"": [0.0, 0.0954356846473029], ""time_blocks"": 2, ""block_width_s"": 30, ""thin_time_coverage"": true, ""discarded_zero_denominator_draws"": 0}",0.09333333333333334,"{""ci95"": [0.01694915254237288, 0.11203319502074689], ""time_blocks"": 2, ""block_width_s"": 30, ""thin_time_coverage"": true, ""discarded_zero_denominator_draws"": 0}",222,1.7816929998606739,1.9765735556429789,"{""60"": {""native"": {""ci95"": null, ""time_blocks"": 1, ""block_width_s"": 60, ""reason"": ""fewer than two occupied time blocks""}, ""slot_service"": {""ci95"": null, ""time_blocks"": 1, ""block_width_s"": 60, ""reason"": ""fewer than two occupied time blocks""}}, ""120"": {""native"": {""ci95"": null, ""time_blocks"": 1, ""block_width_s"": 120, ""reason"": ""fewer than two occupied time blocks""}, ""slot_service"": {""ci95"": null, ""time_blocks"": 1, ""block_width_s"": 120, ""reason"": ""fewer than two occupied time blocks""}}}",offered-demand proxy using service times of dispatched calls; rejection prevents identifying all-arrival service demand,strict correct and on-time modeled service; measured live admission
/loads/46,Edge,RQ5a,Jev-1.13.0,load_8,seed_1/Jev-1.13.0,300,300,8.0,7.96801898339217,4,0.27776742512670655,0.5555348502534131,"[0.5544494010693553, 0.5599686342086327]",0.5551645776866793,2.0,0.9433333333333334,"{""ci95"": [0.8983050847457628, 0.9543568464730291], ""time_blocks"": 2, ""block_width_s"": 30, ""thin_time_coverage"": true, ""discarded_zero_denominator_draws"": 0}",1.0,"{""ci95"": [1.0, 1.0], ""time_blocks"": 2, ""block_width_s"": 30, ""thin_time_coverage"": true, ""discarded_zero_denominator_draws"": 0}",300,0.00208729132974117,0.07770224217425027,"{""60"": {""native"": {""ci95"": null, ""time_blocks"": 1, ""block_width_s"": 60, ""reason"": ""fewer than two occupied time blocks""}, ""slot_service"": {""ci95"": null, ""time_blocks"": 1, ""block_width_s"": 60, ""reason"": ""fewer than two occupied time blocks""}}, ""120"": {""native"": {""ci95"": null, ""time_blocks"": 1, ""block_width_s"": 120, ""reason"": ""fewer than two occupied time blocks""}, ""slot_service"": {""ci95"": null, ""time_blocks"": 1, ""block_width_s"": 120, ""reason"": ""fewer than two occupied time blocks""}}}",offered-demand proxy using service times of dispatched calls; rejection prevents identifying all-arrival service demand,strict correct and on-time modeled service; measured live admission
/loads/47,Edge,RQ5a,Laya,load_8,seed_1/Laya,300,300,8.0,7.96801898339217,4,0.11578852982881169,0.23157705965762337,"[0.21729369483635588, 0.23507381702050628]",0.2314227099669838,2.0,0.11666666666666667,"{""ci95"": [0.1016949152542373, 0.12033195020746888], ""time_blocks"": 2, ""block_width_s"": 30, ""thin_time_coverage"": true, ""discarded_zero_denominator_draws"": 0}",1.0,"{""ci95"": [1.0, 1.0], ""time_blocks"": 2, ""block_width_s"": 30, ""thin_time_coverage"": true, ""discarded_zero_denominator_draws"": 0}",300,0.0020952500995985446,0.002339797883441852,"{""60"": {""native"": {""ci95"": null, ""time_blocks"": 1, ""block_width_s"": 60, ""reason"": ""fewer than two occupied time blocks""}, ""slot_service"": {""ci95"": null, ""time_blocks"": 1, ""block_width_s"": 60, ""reason"": ""fewer than two occupied time blocks""}}, ""120"": {""native"": {""ci95"": null, ""time_blocks"": 1, ""block_width_s"": 120, ""reason"": ""fewer than two occupied time blocks""}, ""slot_service"": {""ci95"": null, ""time_blocks"": 1, ""block_width_s"": 120, ""reason"": ""fewer than two occupied time blocks""}}}",offered-demand proxy using service times of dispatched calls; rejection prevents identifying all-arrival service demand,strict correct and on-time modeled service; measured live admission
/loads/48,Edge,RQ5a,Qwen3.5-4B-JSON,load_8,seed_1/Qwen3.5-4B-JSON,300,39,8.0,7.96801898339217,4,4.2117762724654035,8.423552544930807,"[8.35171696475961, 8.818648235872388]",1.0943319552001647,2.0,0.0033333333333333335,"{""ci95"": [0.0, 0.004149377593360996], ""time_blocks"": 2, ""block_width_s"": 30, ""thin_time_coverage"": true, ""discarded_zero_denominator_draws"": 0}",0.006666666666666667,"{""ci95"": [0.0, 0.008298755186721992], ""time_blocks"": 2, ""block_width_s"": 30, ""thin_time_coverage"": true, ""discarded_zero_denominator_draws"": 0}",39,1.9013510825514786,1.9901889908485773,"{""60"": {""native"": {""ci95"": null, ""time_blocks"": 1, ""block_width_s"": 60, ""reason"": ""fewer than two occupied time blocks""}, ""slot_service"": {""ci95"": null, ""time_blocks"": 1, ""block_width_s"": 60, ""reason"": ""fewer than two occupied time blocks""}}, ""120"": {""native"": {""ci95"": null, ""time_blocks"": 1, ""block_width_s"": 120, ""reason"": ""fewer than two occupied time blocks""}, ""slot_service"": {""ci95"": null, ""time_blocks"": 1, ""block_width_s"": 120, ""reason"": ""fewer than two occupied time blocks""}}}",offered-demand proxy using service times of dispatched calls; rejection prevents identifying all-arrival service demand,strict correct and on-time modeled service; measured live admission
/loads/49,Edge,RQ5a,Qwen3.8-Flash,load_8,seed_1/Qwen3.8-Flash,300,110,8.0,7.96801898339217,4,1.4771641579710624,2.9543283159421247,"[2.9190546289425003, 2.963146737692031]",1.0825317104958134,2.0,0.013333333333333334,"{""ci95"": [0.0, 0.016597510373443983], ""time_blocks"": 2, ""block_width_s"": 30, ""thin_time_coverage"": true, ""discarded_zero_denominator_draws"": 0}",0.013333333333333334,"{""ci95"": [0.0, 0.016597510373443983], ""time_blocks"": 2, ""block_width_s"": 30, ""thin_time_coverage"": true, ""discarded_zero_denominator_draws"": 0}",110,1.862092771142482,1.9837090752887732,"{""60"": {""native"": {""ci95"": null, ""time_blocks"": 1, ""block_width_s"": 60, ""reason"": ""fewer than two occupied time blocks""}, ""slot_service"": {""ci95"": null, ""time_blocks"": 1, ""block_width_s"": 60, ""reason"": ""fewer than two occupied time blocks""}}, ""120"": {""native"": {""ci95"": null, ""time_blocks"": 1, ""block_width_s"": 120, ""reason"": ""fewer than two occupied time blocks""}, ""slot_service"": {""ci95"": null, ""time_blocks"": 1, ""block_width_s"": 120, ""reason"": ""fewer than two occupied time blocks""}}}",offered-demand proxy using service times of dispatched calls; rejection prevents identifying all-arrival service demand,strict correct and on-time modeled service; measured live admission
/loads/50,Edge,RQ5a,SemIf-Qwen3.5-4B,load_8,seed_1/SemIf-Qwen3.5-4B,300,63,8.0,7.96801898339217,4,2.58966492125321,5.17932984250642,"[5.150281875814293, 5.30278370094796]",1.086934325208807,2.0,0.01,"{""ci95"": [0.0, 0.012448132780082987], ""time_blocks"": 2, ""block_width_s"": 30, ""thin_time_coverage"": true, ""discarded_zero_denominator_draws"": 0}",0.01,"{""ci95"": [0.0, 0.012448132780082987], ""time_blocks"": 2, ""block_width_s"": 30, ""thin_time_coverage"": true, ""discarded_zero_denominator_draws"": 0}",63,1.9141453336824767,1.9807203291140443,"{""60"": {""native"": {""ci95"": null, ""time_blocks"": 1, ""block_width_s"": 60, ""reason"": ""fewer than two occupied time blocks""}, ""slot_service"": {""ci95"": null, ""time_blocks"": 1, ""block_width_s"": 60, ""reason"": ""fewer than two occupied time blocks""}}, ""120"": {""native"": {""ci95"": null, ""time_blocks"": 1, ""block_width_s"": 120, ""reason"": ""fewer than two occupied time blocks""}, ""slot_service"": {""ci95"": null, ""time_blocks"": 1, ""block_width_s"": 120, ""reason"": ""fewer than two occupied time blocks""}}}",offered-demand proxy using service times of dispatched calls; rejection prevents identifying all-arrival service demand,strict correct and on-time modeled service; measured live admission
/loads/51,Edge,RQ5a,fixed-latency-0.3,load_8,seed_1/fixed-latency-0.3,300,300,8.0,7.96801898339217,4,0.30745810983081656,0.6149162196616331,"[0.6149076496973572, 0.6149512257868961]",0.6145063684941023,2.0,1.0,"{""ci95"": [1.0, 1.0], ""time_blocks"": 2, ""block_width_s"": 30, ""thin_time_coverage"": true, ""discarded_zero_denominator_draws"": 0}",1.0,"{""ci95"": [1.0, 1.0], ""time_blocks"": 2, ""block_width_s"": 30, ""thin_time_coverage"": true, ""discarded_zero_denominator_draws"": 0}",300,0.0021805210186247592,0.12484531914632595,"{""60"": {""native"": {""ci95"": null, ""time_blocks"": 1, ""block_width_s"": 60, ""reason"": ""fewer than two occupied time blocks""}, ""slot_service"": {""ci95"": null, ""time_blocks"": 1, ""block_width_s"": 60, ""reason"": ""fewer than two occupied time blocks""}}, ""120"": {""native"": {""ci95"": null, ""time_blocks"": 1, ""block_width_s"": 120, ""reason"": ""fewer than two occupied time blocks""}, ""slot_service"": {""ci95"": null, ""time_blocks"": 1, ""block_width_s"": 120, ""reason"": ""fewer than two occupied time blocks""}}}",offered-demand proxy using service times of dispatched calls; rejection prevents identifying all-arrival service demand,strict correct and on-time modeled service; measured live admission
/loads/52,Edge,RQ5a,fixed-latency-0.6,load_8,seed_1/fixed-latency-0.6,300,258,8.0,7.96801898339217,4,0.6072595193332364,1.2145190386664728,"[1.213461908325553, 1.2147731565368862]",1.0437902069367482,2.0,0.19,"{""ci95"": [0.05084745762711865, 0.22406639004149378], ""time_blocks"": 2, ""block_width_s"": 30, ""thin_time_coverage"": true, ""discarded_zero_denominator_draws"": 0}",0.21333333333333335,"{""ci95"": [0.06779661016949153, 0.24896265560165975], ""time_blocks"": 2, ""block_width_s"": 30, ""thin_time_coverage"": true, ""discarded_zero_denominator_draws"": 0}",258,1.6831685207386906,1.9683876664370903,"{""60"": {""native"": {""ci95"": null, ""time_blocks"": 1, ""block_width_s"": 60, ""reason"": ""fewer than two occupied time blocks""}, ""slot_service"": {""ci95"": null, ""time_blocks"": 1, ""block_width_s"": 60, ""reason"": ""fewer than two occupied time blocks""}}, ""120"": {""native"": {""ci95"": null, ""time_blocks"": 1, ""block_width_s"": 120, ""reason"": ""fewer than two occupied time blocks""}, ""slot_service"": {""ci95"": null, ""time_blocks"": 1, ""block_width_s"": 120, ""reason"": ""fewer than two occupied time blocks""}}}",offered-demand proxy using service times of dispatched calls; rejection prevents identifying all-arrival service demand,strict correct and on-time modeled service; measured live admission
/loads/53,Edge,RQ5a,fixed-latency-1.2,load_8,seed_1/fixed-latency-1.2,300,131,8.0,7.96801898339217,4,1.20718045547633,2.41436091095266,"[2.4134619057016526, 2.4145523657746337]",1.0535682432404831,2.0,0.016666666666666666,"{""ci95"": [0.0, 0.02074688796680498], ""time_blocks"": 2, ""block_width_s"": 30, ""thin_time_coverage"": true, ""discarded_zero_denominator_draws"": 0}",0.016666666666666666,"{""ci95"": [0.0, 0.02074688796680498], ""time_blocks"": 2, ""block_width_s"": 30, ""thin_time_coverage"": true, ""discarded_zero_denominator_draws"": 0}",131,1.855021082553506,1.9869772702754132,"{""60"": {""native"": {""ci95"": null, ""time_blocks"": 1, ""block_width_s"": 60, ""reason"": ""fewer than two occupied time blocks""}, ""slot_service"": {""ci95"": null, ""time_blocks"": 1, ""block_width_s"": 60, ""reason"": ""fewer than two occupied time blocks""}}, ""120"": {""native"": {""ci95"": null, ""time_blocks"": 1, ""block_width_s"": 120, ""reason"": ""fewer than two occupied time blocks""}, ""slot_service"": {""ci95"": null, ""time_blocks"": 1, ""block_width_s"": 120, ""reason"": ""fewer than two occupied time blocks""}}}",offered-demand proxy using service times of dispatched calls; rejection prevents identifying all-arrival service demand,strict correct and on-time modeled service; measured live admission
/loads/54,Edge,RQ5a,oracle,load_8,seed_1/oracle,300,300,8.0,7.96801898339217,4,0.0006392260733991862,0.0012784521467983723,"[0.0012767298834947135, 0.0012854871545302665]",0.0012776000386765767,2.0,1.0,"{""ci95"": [1.0, 1.0], ""time_blocks"": 2, ""block_width_s"": 30, ""thin_time_coverage"": true, ""discarded_zero_denominator_draws"": 0}",1.0,"{""ci95"": [1.0, 1.0], ""time_blocks"": 2, ""block_width_s"": 30, ""thin_time_coverage"": true, ""discarded_zero_denominator_draws"": 0}",300,0.002144230108260814,0.002379163417491159,"{""60"": {""native"": {""ci95"": null, ""time_blocks"": 1, ""block_width_s"": 60, ""reason"": ""fewer than two occupied time blocks""}, ""slot_service"": {""ci95"": null, ""time_blocks"": 1, ""block_width_s"": 60, ""reason"": ""fewer than two occupied time blocks""}}, ""120"": {""native"": {""ci95"": null, ""time_blocks"": 1, ""block_width_s"": 120, ""reason"": ""fewer than two occupied time blocks""}, ""slot_service"": {""ci95"": null, ""time_blocks"": 1, ""block_width_s"": 120, ""reason"": ""fewer than two occupied time blocks""}}}",offered-demand proxy using service times of dispatched calls; rejection prevents identifying all-arrival service demand,strict correct and on-time modeled service; measured live admission
/loads/55,6G,RQ3,Jev-1.13.0,rate_0.1,main-hosted-v1/jev_1p13p0/rate_0p1__block1,300,300,0.1,0.10694016742284933,4,0.30979634046865007,0.007744908511716252,"[0.007583609578879664, 0.007917757034303655]",0.008282418129175868,1.0,1.0,"{""ci95"": [1.0, 1.0], ""time_blocks"": 92, ""block_width_s"": 30, ""thin_time_coverage"": false, ""discarded_zero_denominator_draws"": 0}",1.0,"{""ci95"": [1.0, 1.0], ""time_blocks"": 92, ""block_width_s"": 30, ""thin_time_coverage"": false, ""discarded_zero_denominator_draws"": 0}",300,0.0014585154376618448,0.002423216498709735,"{""60"": {""native"": {""ci95"": [1.0, 1.0], ""time_blocks"": 47, ""block_width_s"": 60, ""thin_time_coverage"": false, ""discarded_zero_denominator_draws"": 0}, ""slot_service"": {""ci95"": [0.303314855636851, 0.3164967843094281], ""time_blocks"": 47, ""block_width_s"": 60, ""thin_time_coverage"": false, ""discarded_zero_denominator_draws"": 0}}, ""120"": {""native"": {""ci95"": [1.0, 1.0], ""time_blocks"": 24, ""block_width_s"": 120, ""thin_time_coverage"": false, ""discarded_zero_denominator_draws"": 0}, ""slot_service"": {""ci95"": [0.3042038640959067, 0.315794944140507], ""time_blocks"": 24, ""block_width_s"": 120, ""thin_time_coverage"": false, ""discarded_zero_denominator_draws"": 0}}}",empirical offered utilization within the measured four-slot trace,scheduled installable policy plus documented A1/E2 delays; not measured radio success
/loads/56,6G,RQ3,Jev-1.13.0,rate_0.5,main-hosted-v1/jev_1p13p0/rate_0p5__block1,300,300,0.5,0.5347008371142469,4,0.30101670733342567,0.03762708841667821,"[0.036569354744278824, 0.03889644410131054]",0.04023847134913924,1.0,0.9966666666666667,"{""ci95"": [0.9893238434163701, 1.0], ""time_blocks"": 19, ""block_width_s"": 30, ""thin_time_coverage"": false, ""discarded_zero_denominator_draws"": 0}",0.9966666666666667,"{""ci95"": [0.9893238434163701, 1.0], ""time_blocks"": 19, ""block_width_s"": 30, ""thin_time_coverage"": false, ""discarded_zero_denominator_draws"": 0}",300,0.002111791195972046,0.0024111077251383504,"{""60"": {""native"": {""ci95"": [0.9892086330935251, 1.0], ""time_blocks"": 10, ""block_width_s"": 60, ""thin_time_coverage"": false, ""discarded_zero_denominator_draws"": 0}, ""slot_service"": {""ci95"": [0.2921640318495991, 0.31148333892666996], ""time_blocks"": 10, ""block_width_s"": 60, ""thin_time_coverage"": false, ""discarded_zero_denominator_draws"": 0}}, ""120"": {""native"": {""ci95"": [0.9903225806451613, 1.0], ""time_blocks"": 5, ""block_width_s"": 120, ""thin_time_coverage"": true, ""discarded_zero_denominator_draws"": 0}, ""slot_service"": {""ci95"": [0.2945270520811631, 0.3083077080186401], ""time_blocks"": 5, ""block_width_s"": 120, ""thin_time_coverage"": true, ""discarded_zero_denominator_draws"": 0}}}",empirical offered utilization within the measured four-slot trace,scheduled installable policy plus documented A1/E2 delays; not measured radio success
/loads/57,6G,RQ3,Jev-1.13.0,rate_1,main-hosted-v1/jev_1p13p0/rate_1__block1,300,300,1.0,1.0694016742284937,4,0.2960454747856905,0.07401136869642262,"[0.0726298497077293, 0.0756334879096239]",0.07914788159589668,1.0,1.0,"{""ci95"": [1.0, 1.0], ""time_blocks"": 10, ""block_width_s"": 30, ""thin_time_coverage"": false, ""discarded_zero_denominator_draws"": 0}",1.0,"{""ci95"": [1.0, 1.0], ""time_blocks"": 10, ""block_width_s"": 30, ""thin_time_coverage"": false, ""discarded_zero_denominator_draws"": 0}",300,0.0021067584455565225,0.002128021785049228,"{""60"": {""native"": {""ci95"": [1.0, 1.0], ""time_blocks"": 5, ""block_width_s"": 60, ""thin_time_coverage"": true, ""discarded_zero_denominator_draws"": 0}, ""slot_service"": {""ci95"": [0.29016892863349947, 0.3027667201323701], ""time_blocks"": 5, ""block_width_s"": 60, ""thin_time_coverage"": true, ""discarded_zero_denominator_draws"": 0}}, ""120"": {""native"": {""ci95"": [1.0, 1.0], ""time_blocks"": 3, ""block_width_s"": 120, ""thin_time_coverage"": true, ""discarded_zero_denominator_draws"": 0}, ""slot_service"": {""ci95"": [0.2926068842245189, 0.309326925581055], ""time_blocks"": 3, ""block_width_s"": 120, ""thin_time_coverage"": true, ""discarded_zero_denominator_draws"": 0}}}",empirical offered utilization within the measured four-slot trace,scheduled installable policy plus documented A1/E2 delays; not measured radio success
/loads/58,6G,RQ3,Jev-1.13.0,rate_2,main-hosted-v1/jev_1p13p0/rate_2__block1,300,300,2.0,2.1388033484569875,4,0.2978508127573878,0.1489254063786939,"[0.14648481653313394, 0.15172525040519935]",0.15926107891653404,1.0,0.9966666666666667,"{""ci95"": [0.9879032258064516, 1.0], ""time_blocks"": 5, ""block_width_s"": 30, ""thin_time_coverage"": true, ""discarded_zero_denominator_draws"": 0}",0.9966666666666667,"{""ci95"": [0.9879032258064516, 1.0], ""time_blocks"": 5, ""block_width_s"": 30, ""thin_time_coverage"": true, ""discarded_zero_denominator_draws"": 0}",300,0.002103956413101571,0.002130785285714154,"{""60"": {""native"": {""ci95"": [0.9761904761904762, 1.0], ""time_blocks"": 3, ""block_width_s"": 60, ""thin_time_coverage"": true, ""discarded_zero_denominator_draws"": 0}, ""slot_service"": {""ci95"": [0.29340891408006825, 0.3079923719079012], ""time_blocks"": 3, ""block_width_s"": 60, ""thin_time_coverage"": true, ""discarded_zero_denominator_draws"": 0}}, ""120"": {""native"": {""ci95"": [0.9761904761904762, 1.0], ""time_blocks"": 2, ""block_width_s"": 120, ""thin_time_coverage"": true, ""discarded_zero_denominator_draws"": 0}, ""slot_service"": {""ci95"": [0.2961998612677693, 0.3079923719079012], ""time_blocks"": 2, ""block_width_s"": 120, ""thin_time_coverage"": true, ""discarded_zero_denominator_draws"": 0}}}",empirical offered utilization within the measured four-slot trace,scheduled installable policy plus documented A1/E2 delays; not measured radio success
/loads/59,6G,RQ3,SemIf-Qwen3.5-4B,rate_0.1,selfhosted/main-v1/semif_qwen3p5_4b/rate_0p1__block1,300,300,0.1,0.10694016742284933,4,0.4443140978940452,0.01110785244735113,"[0.007267450588273142, 0.01922441231564986]",0.011878756004280365,1.0,0.9866666666666667,"{""ci95"": [0.9571428571428572, 1.0], ""time_blocks"": 92, ""block_width_s"": 30, ""thin_time_coverage"": false, ""discarded_zero_denominator_draws"": 0}",0.9866666666666667,"{""ci95"": [0.9571428571428572, 1.0], ""time_blocks"": 92, ""block_width_s"": 30, ""thin_time_coverage"": false, ""discarded_zero_denominator_draws"": 0}",300,0.0059217489014713465,0.027129754041351366,"{""60"": {""native"": {""ci95"": [0.9578947368421052, 1.0], ""time_blocks"": 47, ""block_width_s"": 60, ""thin_time_coverage"": false, ""discarded_zero_denominator_draws"": 0}, ""slot_service"": {""ci95"": [0.28869418954446197, 0.7627708153053018], ""time_blocks"": 47, ""block_width_s"": 60, ""thin_time_coverage"": false, ""discarded_zero_denominator_draws"": 0}}, ""120"": {""native"": {""ci95"": [0.9584775086505191, 1.0], ""time_blocks"": 24, ""block_width_s"": 120, ""thin_time_coverage"": false, ""discarded_zero_denominator_draws"": 0}, ""slot_service"": {""ci95"": [0.2854844409559113, 0.7619732126102949], ""time_blocks"": 24, ""block_width_s"": 120, ""thin_time_coverage"": false, ""discarded_zero_denominator_draws"": 0}}}",empirical offered utilization within the measured four-slot trace,scheduled installable policy plus documented A1/E2 delays; not measured radio success
/loads/60,6G,RQ3,SemIf-Qwen3.5-4B,rate_0.5,selfhosted/main-v1/semif_qwen3p5_4b/rate_0p5__block1,300,300,0.5,0.5347008371142469,4,0.3178444178697343,0.039730552233716784,"[0.037483700735851555, 0.04182076546835004]",0.04248791907675935,1.0,1.0,"{""ci95"": [1.0, 1.0], ""time_blocks"": 19, ""block_width_s"": 30, ""thin_time_coverage"": false, ""discarded_zero_denominator_draws"": 0}",1.0,"{""ci95"": [1.0, 1.0], ""time_blocks"": 19, ""block_width_s"": 30, ""thin_time_coverage"": false, ""discarded_zero_denominator_draws"": 0}",300,0.0016659112805115228,0.005987225927509599,"{""60"": {""native"": {""ci95"": [1.0, 1.0], ""time_blocks"": 10, ""block_width_s"": 60, ""thin_time_coverage"": false, ""discarded_zero_denominator_draws"": 0}, ""slot_service"": {""ci95"": [0.29541748585515865, 0.33828589997064834], ""time_blocks"": 10, ""block_width_s"": 60, ""thin_time_coverage"": false, ""discarded_zero_denominator_draws"": 0}}, ""120"": {""native"": {""ci95"": [1.0, 1.0], ""time_blocks"": 5, ""block_width_s"": 120, ""thin_time_coverage"": true, ""discarded_zero_denominator_draws"": 0}, ""slot_service"": {""ci95"": [0.286228888916706, 0.34541339156349443], ""time_blocks"": 5, ""block_width_s"": 120, ""thin_time_coverage"": true, ""discarded_zero_denominator_draws"": 0}}}",empirical offered utilization within the measured four-slot trace,scheduled installable policy plus documented A1/E2 delays; not measured radio success
/loads/61,6G,RQ3,SemIf-Qwen3.5-4B,rate_1,selfhosted/main-v1/semif_qwen3p5_4b/rate_1__block1,300,300,1.0,1.0694016742284937,4,0.38134255981383225,0.09533563995345806,"[0.08036173160566366, 0.11271171521893225]",0.10195209297987293,1.0,0.9733333333333334,"{""ci95"": [0.9316232356134636, 1.0], ""time_blocks"": 10, ""block_width_s"": 30, ""thin_time_coverage"": false, ""discarded_zero_denominator_draws"": 0}",0.9733333333333334,"{""ci95"": [0.9316232356134636, 1.0], ""time_blocks"": 10, ""block_width_s"": 30, ""thin_time_coverage"": false, ""discarded_zero_denominator_draws"": 0}",300,0.0010740054189781745,0.0034712213385404314,"{""60"": {""native"": {""ci95"": [0.9369369369369369, 1.0], ""time_blocks"": 5, ""block_width_s"": 60, ""thin_time_coverage"": true, ""discarded_zero_denominator_draws"": 0}, ""slot_service"": {""ci95"": [0.30994187139807955, 0.45627407284516747], ""time_blocks"": 5, ""block_width_s"": 60, ""thin_time_coverage"": true, ""discarded_zero_denominator_draws"": 0}}, ""120"": {""native"": {""ci95"": [0.9452054794520548, 1.0], ""time_blocks"": 3, ""block_width_s"": 120, ""thin_time_coverage"": true, ""discarded_zero_denominator_draws"": 0}, ""slot_service"": {""ci95"": [0.3032546618362955, 0.4515257005337371], ""time_blocks"": 3, ""block_width_s"": 120, ""thin_time_coverage"": true, ""discarded_zero_denominator_draws"": 0}}}",empirical offered utilization within the measured four-slot trace,scheduled installable policy plus documented A1/E2 delays; not measured radio success
/loads/62,6G,RQ3,SemIf-Qwen3.5-4B,rate_2,selfhosted/main-v1/semif_qwen3p5_4b/rate_2__block1,300,300,2.0,2.1388033484569875,4,0.5215317325588936,0.2607658662794468,"[0.19255262954402155, 0.3177376506950737]",0.27886345398088397,1.0,0.8866666666666667,"{""ci95"": [0.7948717948717948, 1.0], ""time_blocks"": 5, ""block_width_s"": 30, ""thin_time_coverage"": true, ""discarded_zero_denominator_draws"": 0}",0.9,"{""ci95"": [0.8130311614730878, 1.0], ""time_blocks"": 5, ""block_width_s"": 30, ""thin_time_coverage"": true, ""discarded_zero_denominator_draws"": 0}",300,0.000945015921928416,0.25933342278756927,"{""60"": {""native"": {""ci95"": [0.7671232876712328, 1.0], ""time_blocks"": 3, ""block_width_s"": 60, ""thin_time_coverage"": true, ""discarded_zero_denominator_draws"": 0}, ""slot_service"": {""ci95"": [0.3805068220743643, 0.6619060611135441], ""time_blocks"": 3, ""block_width_s"": 60, ""thin_time_coverage"": true, ""discarded_zero_denominator_draws"": 0}}, ""120"": {""native"": {""ci95"": [0.8682170542635659, 1.0], ""time_blocks"": 2, ""block_width_s"": 120, ""thin_time_coverage"": true, ""discarded_zero_denominator_draws"": 0}, ""slot_service"": {""ci95"": [0.4096302564943298, 0.5397482519182413], ""time_blocks"": 2, ""block_width_s"": 120, ""thin_time_coverage"": true, ""discarded_zero_denominator_draws"": 0}}}",empirical offered utilization within the measured four-slot trace,scheduled installable policy plus documented A1/E2 delays; not measured radio success
/loads/63,6G,RQ3,AnyJev-L0,rate_0.1,selfhosted-d12-idle/anyjev_l0/rate_0p1__block1,300,300,0.1,0.10694016742284933,4,0.6996168103596816,0.01749042025899204,"[0.016924267220528578, 0.018112981572298632]",0.018704284707926046,1.0,0.7433333333333333,"{""ci95"": [0.6899973867595818, 0.7966101694915254], ""time_blocks"": 92, ""block_width_s"": 30, ""thin_time_coverage"": false, ""discarded_zero_denominator_draws"": 0}",0.9266666666666666,"{""ci95"": [0.8863636363636364, 0.9635054623676705], ""time_blocks"": 92, ""block_width_s"": 30, ""thin_time_coverage"": false, ""discarded_zero_denominator_draws"": 0}",300,0.005245813013630141,0.02627722031223457,"{""60"": {""native"": {""ci95"": [0.6923076923076923, 0.7939211332118635], ""time_blocks"": 47, ""block_width_s"": 60, ""thin_time_coverage"": false, ""discarded_zero_denominator_draws"": 0}, ""slot_service"": {""ci95"": [0.6750015780212203, 0.7268737565191656], ""time_blocks"": 47, ""block_width_s"": 60, ""thin_time_coverage"": false, ""discarded_zero_denominator_draws"": 0}}, ""120"": {""native"": {""ci95"": [0.692028641097702, 0.7919828536014321], ""time_blocks"": 24, ""block_width_s"": 120, ""thin_time_coverage"": false, ""discarded_zero_denominator_draws"": 0}, ""slot_service"": {""ci95"": [0.6790620026186261, 0.7223722510316102], ""time_blocks"": 24, ""block_width_s"": 120, ""thin_time_coverage"": false, ""discarded_zero_denominator_draws"": 0}}}",empirical offered utilization within the measured four-slot trace,scheduled installable policy plus documented A1/E2 delays; not measured radio success
/loads/64,6G,RQ3,AnyJev-L0,rate_0.5,selfhosted-d12-idle/anyjev_l0/rate_0p5__block1,300,300,0.5,0.5347008371142469,4,0.9552078497068336,0.1194009812133542,"[0.10545672261405538, 0.13461169139463033]",0.1276876092140859,1.0,0.5233333333333333,"{""ci95"": [0.43477952075098814, 0.6156720076090137], ""time_blocks"": 19, ""block_width_s"": 30, ""thin_time_coverage"": false, ""discarded_zero_denominator_draws"": 0}",0.6366666666666667,"{""ci95"": [0.5395884073098397, 0.7416121364653243], ""time_blocks"": 19, ""block_width_s"": 30, ""thin_time_coverage"": false, ""discarded_zero_denominator_draws"": 0}",300,0.0014666619229544153,0.006006890613815586,"{""60"": {""native"": {""ci95"": [0.4297490052035507, 0.6228970028150357], ""time_blocks"": 10, ""block_width_s"": 60, ""thin_time_coverage"": false, ""discarded_zero_denominator_draws"": 0}, ""slot_service"": {""ci95"": [0.8322333107502443, 1.0920901857645902], ""time_blocks"": 10, ""block_width_s"": 60, ""thin_time_coverage"": false, ""discarded_zero_denominator_draws"": 0}}, ""120"": {""native"": {""ci95"": [0.4723127035830619, 0.5864661654135338], ""time_blocks"": 5, ""block_width_s"": 120, ""thin_time_coverage"": true, ""discarded_zero_denominator_draws"": 0}, ""slot_service"": {""ci95"": [0.826655359546605, 1.0598141398244456], ""time_blocks"": 5, ""block_width_s"": 120, ""thin_time_coverage"": true, ""discarded_zero_denominator_draws"": 0}}}",empirical offered utilization within the measured four-slot trace,scheduled installable policy plus documented A1/E2 delays; not measured radio success
/loads/65,6G,RQ3,AnyJev-L0,rate_1,selfhosted-d12-idle/anyjev_l0/rate_1__block1,300,300,1.0,1.0694016742284937,4,1.3889280171288798,0.34723200428221995,"[0.290532165576823, 0.40381372737309246]",0.37133048672512153,1.0,0.29,"{""ci95"": [0.21069182389937108, 0.37953855604538556], ""time_blocks"": 10, ""block_width_s"": 30, ""thin_time_coverage"": false, ""discarded_zero_denominator_draws"": 0}",0.36666666666666664,"{""ci95"": [0.2740103320176457, 0.4632420030055817], ""time_blocks"": 10, ""block_width_s"": 30, ""thin_time_coverage"": false, ""discarded_zero_denominator_draws"": 0}",300,0.0012371922843783523,1.4743005882655813,"{""60"": {""native"": {""ci95"": [0.2188449848024316, 0.3709090909090909], ""time_blocks"": 5, ""block_width_s"": 60, ""thin_time_coverage"": true, ""discarded_zero_denominator_draws"": 0}, ""slot_service"": {""ci95"": [1.1419175786139661, 1.6108476867318908], ""time_blocks"": 5, ""block_width_s"": 60, ""thin_time_coverage"": true, ""discarded_zero_denominator_draws"": 0}}, ""120"": {""native"": {""ci95"": [0.23972602739726026, 0.35714285714285715], ""time_blocks"": 3, ""block_width_s"": 120, ""thin_time_coverage"": true, ""discarded_zero_denominator_draws"": 0}, ""slot_service"": {""ci95"": [1.1200398376386147, 1.6288136568060783], ""time_blocks"": 3, ""block_width_s"": 120, ""thin_time_coverage"": true, ""discarded_zero_denominator_draws"": 0}}}",empirical offered utilization within the measured four-slot trace,scheduled installable policy plus documented A1/E2 delays; not measured radio success
/loads/66,6G,RQ3,AnyJev-L0,rate_2,selfhosted-d12-idle/anyjev_l0/rate_2__block1,300,300,2.0,2.1388033484569875,4,2.3373450220919523,1.1686725110459761,"[1.1335918731985914, 1.2101868178353956]",1.2497803399373848,1.0,0.006666666666666667,"{""ci95"": [0.0, 0.017964071856287425], ""time_blocks"": 5, ""block_width_s"": 30, ""thin_time_coverage"": true, ""discarded_zero_denominator_draws"": 0}",0.006666666666666667,"{""ci95"": [0.0, 0.017964071856287425], ""time_blocks"": 5, ""block_width_s"": 30, ""thin_time_coverage"": true, ""discarded_zero_denominator_draws"": 0}",300,25.171376351618747,34.5332568750677,"{""60"": {""native"": {""ci95"": [0.0, 0.0136986301369863], ""time_blocks"": 3, ""block_width_s"": 60, ""thin_time_coverage"": true, ""discarded_zero_denominator_draws"": 0}, ""slot_service"": {""ci95"": [2.3086743502062745, 2.359244791382592], ""time_blocks"": 3, ""block_width_s"": 60, ""thin_time_coverage"": true, ""discarded_zero_denominator_draws"": 0}}, ""120"": {""native"": {""ci95"": [0.0, 0.007751937984496124], ""time_blocks"": 2, ""block_width_s"": 120, ""thin_time_coverage"": true, ""discarded_zero_denominator_draws"": 0}, ""slot_service"": {""ci95"": [2.337291731647136, 2.337672377681537], ""time_blocks"": 2, ""block_width_s"": 120, ""thin_time_coverage"": true, ""discarded_zero_denominator_draws"": 0}}}",empirical offered utilization within the measured four-slot trace,scheduled installable policy plus documented A1/E2 delays; not measured radio success
/loads/67,6G,RQ3,DeepSeek-V4.1-Flash,rate_0.1,main-hosted-v1/deepseek_v4p1_flash/rate_0p1__block1,300,300,0.1,0.10694016742284933,4,0.8058036773962279,0.0201450919349057,"[0.017617348788270086, 0.023182312488537058]",0.02154319504267507,1.0,0.89,"{""ci95"": [0.8505338078291815, 0.9281045751633987], ""time_blocks"": 92, ""block_width_s"": 30, ""thin_time_coverage"": false, ""discarded_zero_denominator_draws"": 0}",0.89,"{""ci95"": [0.8505338078291815, 0.9281045751633987], ""time_blocks"": 92, ""block_width_s"": 30, ""thin_time_coverage"": false, ""discarded_zero_denominator_draws"": 0}",300,0.0014303266256092684,0.002493326731942236,"{""60"": {""native"": {""ci95"": [0.8508469894184849, 0.9283279229802893], ""time_blocks"": 47, ""block_width_s"": 60, ""thin_time_coverage"": false, ""discarded_zero_denominator_draws"": 0}, ""slot_service"": {""ci95"": [0.7064843665205491, 0.9161414337881463], ""time_blocks"": 47, ""block_width_s"": 60, ""thin_time_coverage"": false, ""discarded_zero_denominator_draws"": 0}}, ""120"": {""native"": {""ci95"": [0.8539652014652014, 0.9254237288135593], ""time_blocks"": 24, ""block_width_s"": 120, ""thin_time_coverage"": false, ""discarded_zero_denominator_draws"": 0}, ""slot_service"": {""ci95"": [0.7064937503665321, 0.9128455256046476], ""time_blocks"": 24, ""block_width_s"": 120, ""thin_time_coverage"": false, ""discarded_zero_denominator_draws"": 0}}}",empirical offered utilization within the measured four-slot trace,scheduled installable policy plus documented A1/E2 delays; not measured radio success
/loads/68,6G,RQ3,DeepSeek-V4.1-Flash,rate_0.5,main-hosted-v1/deepseek_v4p1_flash/rate_0p5__block1,300,300,0.5,0.5347008371142469,4,0.7628594069555402,0.09535742586944253,"[0.07203328497854443, 0.13356245477645642]",0.10197539087490132,1.0,0.9266666666666666,"{""ci95"": [0.8694029850746269, 0.9691793993677555], ""time_blocks"": 19, ""block_width_s"": 30, ""thin_time_coverage"": false, ""discarded_zero_denominator_draws"": 0}",0.93,"{""ci95"": [0.872791519434629, 0.971875], ""time_blocks"": 19, ""block_width_s"": 30, ""thin_time_coverage"": false, ""discarded_zero_denominator_draws"": 0}",300,0.0021115191248526344,0.0023190716759133425,"{""60"": {""native"": {""ci95"": [0.8885865683229813, 0.9627355422192378], ""time_blocks"": 10, ""block_width_s"": 60, ""thin_time_coverage"": false, ""discarded_zero_denominator_draws"": 0}, ""slot_service"": {""ci95"": [0.5895275060670871, 1.0027617176780828], ""time_blocks"": 10, ""block_width_s"": 60, ""thin_time_coverage"": false, ""discarded_zero_denominator_draws"": 0}}, ""120"": {""native"": {""ci95"": [0.8901098901098901, 0.9579579579579579], ""time_blocks"": 5, ""block_width_s"": 120, ""thin_time_coverage"": true, ""discarded_zero_denominator_draws"": 0}, ""slot_service"": {""ci95"": [0.5950475501552521, 1.0020280643907045], ""time_blocks"": 5, ""block_width_s"": 120, ""thin_time_coverage"": true, ""discarded_zero_denominator_draws"": 0}}}",empirical offered utilization within the measured four-slot trace,scheduled installable policy plus documented A1/E2 delays; not measured radio success
/loads/69,6G,RQ3,DeepSeek-V4.1-Flash,rate_1,main-hosted-v1/deepseek_v4p1_flash/rate_1__block1,300,300,1.0,1.0694016742284937,4,0.882904667754968,0.220726166938742,"[0.16137260478255866, 0.2980425209821799]",0.2360449324703287,1.0,0.84,"{""ci95"": [0.7024221453287197, 0.9448051948051948], ""time_blocks"": 10, ""block_width_s"": 30, ""thin_time_coverage"": false, ""discarded_zero_denominator_draws"": 0}",0.84,"{""ci95"": [0.7024221453287197, 0.9448051948051948], ""time_blocks"": 10, ""block_width_s"": 30, ""thin_time_coverage"": false, ""discarded_zero_denominator_draws"": 0}",300,0.002107156507479502,0.9138905248626014,"{""60"": {""native"": {""ci95"": [0.7165109034267912, 0.9470226160639682], ""time_blocks"": 5, ""block_width_s"": 60, ""thin_time_coverage"": true, ""discarded_zero_denominator_draws"": 0}, ""slot_service"": {""ci95"": [0.6433773601198929, 1.1451257301993885], ""time_blocks"": 5, ""block_width_s"": 60, ""thin_time_coverage"": true, ""discarded_zero_denominator_draws"": 0}}, ""120"": {""native"": {""ci95"": [0.7053571428571429, 0.9285714285714286], ""time_blocks"": 3, ""block_width_s"": 120, ""thin_time_coverage"": true, ""discarded_zero_denominator_draws"": 0}, ""slot_service"": {""ci95"": [0.6862935029591123, 1.147557923320814], ""time_blocks"": 3, ""block_width_s"": 120, ""thin_time_coverage"": true, ""discarded_zero_denominator_draws"": 0}}}",empirical offered utilization within the measured four-slot trace,scheduled installable policy plus documented A1/E2 delays; not measured radio success
/loads/70,6G,RQ3,DeepSeek-V4.1-Flash,rate_2,main-hosted-v1/deepseek_v4p1_flash/rate_2__block1,300,300,2.0,2.1388033484569875,4,0.8068830582158019,0.40344152910790093,"[0.2900873733519135, 0.5994000484508167]",0.43144104668129285,1.0,0.8466666666666667,"{""ci95"": [0.6323529411764706, 0.9871382636655949], ""time_blocks"": 5, ""block_width_s"": 30, ""thin_time_coverage"": true, ""discarded_zero_denominator_draws"": 0}",0.8466666666666667,"{""ci95"": [0.6323529411764706, 0.9871382636655949], ""time_blocks"": 5, ""block_width_s"": 30, ""thin_time_coverage"": true, ""discarded_zero_denominator_draws"": 0}",300,0.0021057452747612615,6.366267340264813,"{""60"": {""native"": {""ci95"": [0.3333333333333333, 0.9821428571428571], ""time_blocks"": 3, ""block_width_s"": 60, ""thin_time_coverage"": true, ""discarded_zero_denominator_draws"": 0}, ""slot_service"": {""ci95"": [0.5588620490494317, 1.7456320496497764], ""time_blocks"": 3, ""block_width_s"": 60, ""thin_time_coverage"": true, ""discarded_zero_denominator_draws"": 0}}, ""120"": {""native"": {""ci95"": [0.3333333333333333, 0.9302325581395349], ""time_blocks"": 2, ""block_width_s"": 120, ""thin_time_coverage"": true, ""discarded_zero_denominator_draws"": 0}, ""slot_service"": {""ci95"": [0.6540634549591083, 1.7456320496497764], ""time_blocks"": 2, ""block_width_s"": 120, ""thin_time_coverage"": true, ""discarded_zero_denominator_draws"": 0}}}",empirical offered utilization within the measured four-slot trace,scheduled installable policy plus documented A1/E2 delays; not measured radio success
/loads/71,6G,RQ3,GLM-5.3-Flash,rate_0.1,main-hosted-v1/glm_5p3_flash/rate_0p1__block1,300,300,0.1,0.10694016742284933,4,1.553892735245948,0.0388473183811487,"[0.03481587689682466, 0.04370716898478137]",0.04154338731608774,1.0,0.22,"{""ci95"": [0.16433441558441558, 0.27960526315789475], ""time_blocks"": 92, ""block_width_s"": 30, ""thin_time_coverage"": false, ""discarded_zero_denominator_draws"": 0}",0.23333333333333334,"{""ci95"": [0.17665151233995177, 0.29524350649350645], ""time_blocks"": 92, ""block_width_s"": 30, ""thin_time_coverage"": false, ""discarded_zero_denominator_draws"": 0}",300,0.0014320958481448542,0.0024480025812067653,"{""60"": {""native"": {""ci95"": [0.15460526315789475, 0.2902100659592773], ""time_blocks"": 47, ""block_width_s"": 60, ""thin_time_coverage"": false, ""discarded_zero_denominator_draws"": 0}, ""slot_service"": {""ci95"": [1.3901770683910826, 1.7402164209541415], ""time_blocks"": 47, ""block_width_s"": 60, ""thin_time_coverage"": false, ""discarded_zero_denominator_draws"": 0}}, ""120"": {""native"": {""ci95"": [0.14779874213836477, 0.2932884484622844], ""time_blocks"": 24, ""block_width_s"": 120, ""thin_time_coverage"": false, ""discarded_zero_denominator_draws"": 0}, ""slot_service"": {""ci95"": [1.3962803576520906, 1.736881144233692], ""time_blocks"": 24, ""block_width_s"": 120, ""thin_time_coverage"": false, ""discarded_zero_denominator_draws"": 0}}}",empirical offered utilization within the measured four-slot trace,scheduled installable policy plus documented A1/E2 delays; not measured radio success
/loads/72,6G,RQ3,GLM-5.3-Flash,rate_0.5,main-hosted-v1/glm_5p3_flash/rate_0p5__block1,300,300,0.5,0.5347008371142469,4,1.9826948901917785,0.2478368612739723,"[0.18724641219321345, 0.31015559247177155]",0.26503715438192094,1.0,0.24666666666666667,"{""ci95"": [0.14144653774587984, 0.36363636363636365], ""time_blocks"": 19, ""block_width_s"": 30, ""thin_time_coverage"": false, ""discarded_zero_denominator_draws"": 0}",0.25333333333333335,"{""ci95"": [0.1461311074312507, 0.37162384423897576], ""time_blocks"": 19, ""block_width_s"": 30, ""thin_time_coverage"": false, ""discarded_zero_denominator_draws"": 0}",300,0.0021147994528547542,1.4372222192178685,"{""60"": {""native"": {""ci95"": [0.11451101402218722, 0.4094524508237208], ""time_blocks"": 10, ""block_width_s"": 60, ""thin_time_coverage"": false, ""discarded_zero_denominator_draws"": 0}, ""slot_service"": {""ci95"": [1.377901629197022, 2.5491157901391444], ""time_blocks"": 10, ""block_width_s"": 60, ""thin_time_coverage"": false, ""discarded_zero_denominator_draws"": 0}}, ""120"": {""native"": {""ci95"": [0.09915014164305949, 0.4437341872232737], ""time_blocks"": 5, ""block_width_s"": 120, ""thin_time_coverage"": true, ""discarded_zero_denominator_draws"": 0}, ""slot_service"": {""ci95"": [1.3523226637067651, 2.5071401410809453], ""time_blocks"": 5, ""block_width_s"": 120, ""thin_time_coverage"": true, ""discarded_zero_denominator_draws"": 0}}}",empirical offered utilization within the measured four-slot trace,scheduled installable policy plus documented A1/E2 delays; not measured radio success
/loads/73,6G,RQ3,GLM-5.3-Flash,rate_1,main-hosted-v1/glm_5p3_flash/rate_1__block1,300,300,1.0,1.0694016742284937,4,0.9282452296776076,0.2320613074194019,"[0.20589803328450032, 0.2557964793531875]",0.24816675067796157,1.0,0.7066666666666667,"{""ci95"": [0.5945121951219512, 0.8360669444596743], ""time_blocks"": 10, ""block_width_s"": 30, ""thin_time_coverage"": false, ""discarded_zero_denominator_draws"": 0}",0.73,"{""ci95"": [0.6137724550898204, 0.8576645753027694], ""time_blocks"": 10, ""block_width_s"": 30, ""thin_time_coverage"": false, ""discarded_zero_denominator_draws"": 0}",300,0.0021062841033412383,0.002135009148720712,"{""60"": {""native"": {""ci95"": [0.5808383233532934, 0.8646616541353384], ""time_blocks"": 5, ""block_width_s"": 60, ""thin_time_coverage"": true, ""discarded_zero_denominator_draws"": 0}, ""slot_service"": {""ci95"": [0.7983195221800681, 1.0373472411155937], ""time_blocks"": 5, ""block_width_s"": 60, ""thin_time_coverage"": true, ""discarded_zero_denominator_draws"": 0}}, ""120"": {""native"": {""ci95"": [0.5547945205479452, 0.8839285714285714], ""time_blocks"": 3, ""block_width_s"": 120, ""thin_time_coverage"": true, ""discarded_zero_denominator_draws"": 0}, ""slot_service"": {""ci95"": [0.7772992622256945, 1.1314688730275346], ""time_blocks"": 3, ""block_width_s"": 120, ""thin_time_coverage"": true, ""discarded_zero_denominator_draws"": 0}}}",empirical offered utilization within the measured four-slot trace,scheduled installable policy plus documented A1/E2 delays; not measured radio success
/loads/74,6G,RQ3,GLM-5.3-Flash,rate_2,main-hosted-v1/glm_5p3_flash/rate_2__block1,300,300,2.0,2.1388033484569875,4,0.7000086032350858,0.3500043016175429,"[0.333893226893534, 0.3611278910375026]",0.3742951861369751,1.0,0.9133333333333333,"{""ci95"": [0.8775510204081632, 0.9523809523809523], ""time_blocks"": 5, ""block_width_s"": 30, ""thin_time_coverage"": true, ""discarded_zero_denominator_draws"": 0}",0.9266666666666666,"{""ci95"": [0.9008498583569405, 0.9568627450980393], ""time_blocks"": 5, ""block_width_s"": 30, ""thin_time_coverage"": true, ""discarded_zero_denominator_draws"": 0}",300,0.0021057847524357243,0.23092459405221985,"{""60"": {""native"": {""ci95"": [0.9041095890410958, 0.9523809523809523], ""time_blocks"": 3, ""block_width_s"": 60, ""thin_time_coverage"": true, ""discarded_zero_denominator_draws"": 0}, ""slot_service"": {""ci95"": [0.6684183074338805, 0.7162557249595347], ""time_blocks"": 3, ""block_width_s"": 60, ""thin_time_coverage"": true, ""discarded_zero_denominator_draws"": 0}}, ""120"": {""native"": {""ci95"": [0.9069767441860465, 0.9523809523809523], ""time_blocks"": 2, ""block_width_s"": 120, ""thin_time_coverage"": true, ""discarded_zero_denominator_draws"": 0}, ""slot_service"": {""ci95"": [0.6684183074338805, 0.7051512095283052], ""time_blocks"": 2, ""block_width_s"": 120, ""thin_time_coverage"": true, ""discarded_zero_denominator_draws"": 0}}}",empirical offered utilization within the measured four-slot trace,scheduled installable policy plus documented A1/E2 delays; not measured radio success
/loads/75,6G,RQ3,Qwen3.8-Flash,rate_0.1,main-hosted-v1-qwen-offpeak/qwen3p8_flash/rate_0p1__block1,300,300,0.1,0.10694016742284933,4,2.3405486003868283,0.05851371500967071,"[0.054579930021016514, 0.06306505796151532]",0.06257466479667077,1.0,0.0,"{""ci95"": [0.0, 0.0], ""time_blocks"": 92, ""block_width_s"": 30, ""thin_time_coverage"": false, ""discarded_zero_denominator_draws"": 0}",0.0,"{""ci95"": [0.0, 0.0], ""time_blocks"": 92, ""block_width_s"": 30, ""thin_time_coverage"": false, ""discarded_zero_denominator_draws"": 0}",300,0.0021679894493900065,0.0023376534579483636,"{""60"": {""native"": {""ci95"": [0.0, 0.0], ""time_blocks"": 47, ""block_width_s"": 60, ""thin_time_coverage"": false, ""discarded_zero_denominator_draws"": 0}, ""slot_service"": {""ci95"": [2.1622792148080863, 2.550945348316691], ""time_blocks"": 47, ""block_width_s"": 60, ""thin_time_coverage"": false, ""discarded_zero_denominator_draws"": 0}}, ""120"": {""native"": {""ci95"": [0.0, 0.0], ""time_blocks"": 24, ""block_width_s"": 120, ""thin_time_coverage"": false, ""discarded_zero_denominator_draws"": 0}, ""slot_service"": {""ci95"": [2.137687770894035, 2.6066636105756307], ""time_blocks"": 24, ""block_width_s"": 120, ""thin_time_coverage"": false, ""discarded_zero_denominator_draws"": 0}}}",empirical offered utilization within the measured four-slot trace,scheduled installable policy plus documented A1/E2 delays; not measured radio success
/loads/76,6G,RQ3,Qwen3.8-Flash,rate_0.5,main-hosted-v1-qwen-offpeak2/qwen3p8_flash/rate_0p5__block2,300,300,0.5,0.5347008371142469,4,2.2136721521864335,0.2767090190233042,"[0.26709107684806593, 0.2877504790109008]",0.2959130882176456,1.0,0.0,"{""ci95"": [0.0, 0.0], ""time_blocks"": 19, ""block_width_s"": 30, ""thin_time_coverage"": false, ""discarded_zero_denominator_draws"": 0}",0.0,"{""ci95"": [0.0, 0.0], ""time_blocks"": 19, ""block_width_s"": 30, ""thin_time_coverage"": false, ""discarded_zero_denominator_draws"": 0}",300,0.0021649023014305158,0.0022533849272377894,"{""60"": {""native"": {""ci95"": [0.0, 0.0], ""time_blocks"": 10, ""block_width_s"": 60, ""thin_time_coverage"": false, ""discarded_zero_denominator_draws"": 0}, ""slot_service"": {""ci95"": [2.14656727613666, 2.2802683752389927], ""time_blocks"": 10, ""block_width_s"": 60, ""thin_time_coverage"": false, ""discarded_zero_denominator_draws"": 0}}, ""120"": {""native"": {""ci95"": [0.0, 0.0], ""time_blocks"": 5, ""block_width_s"": 120, ""thin_time_coverage"": true, ""discarded_zero_denominator_draws"": 0}, ""slot_service"": {""ci95"": [2.1511727576612825, 2.275343740161582], ""time_blocks"": 5, ""block_width_s"": 120, ""thin_time_coverage"": true, ""discarded_zero_denominator_draws"": 0}}}",empirical offered utilization within the measured four-slot trace,scheduled installable policy plus documented A1/E2 delays; not measured radio success
/loads/77,6G,RQ3,Qwen3.8-Flash,rate_1,main-hosted-v1-qwen-offpeak/qwen3p8_flash/rate_1__block1,300,300,1.0,1.0694016742284937,4,2.0975662007369102,0.5243915501842276,"[0.5128357092823816, 0.5375167820199882]",0.5607852017182882,1.0,0.0,"{""ci95"": [0.0, 0.0], ""time_blocks"": 10, ""block_width_s"": 30, ""thin_time_coverage"": false, ""discarded_zero_denominator_draws"": 0}",0.0,"{""ci95"": [0.0, 0.0], ""time_blocks"": 10, ""block_width_s"": 30, ""thin_time_coverage"": false, ""discarded_zero_denominator_draws"": 0}",300,0.002178623444397232,1.2598075315186394,"{""60"": {""native"": {""ci95"": [0.0, 0.0], ""time_blocks"": 5, ""block_width_s"": 60, ""thin_time_coverage"": true, ""discarded_zero_denominator_draws"": 0}, ""slot_service"": {""ci95"": [2.0436971690867742, 2.1550878607106547], ""time_blocks"": 5, ""block_width_s"": 60, ""thin_time_coverage"": true, ""discarded_zero_denominator_draws"": 0}}, ""120"": {""native"": {""ci95"": [0.0, 0.0], ""time_blocks"": 3, ""block_width_s"": 120, ""thin_time_coverage"": true, ""discarded_zero_denominator_draws"": 0}, ""slot_service"": {""ci95"": [2.073464810582144, 2.1121641757821488], ""time_blocks"": 3, ""block_width_s"": 120, ""thin_time_coverage"": true, ""discarded_zero_denominator_draws"": 0}}}",empirical offered utilization within the measured four-slot trace,scheduled installable policy plus documented A1/E2 delays; not measured radio success
/loads/78,6G,RQ3,Qwen3.8-Flash,rate_2,main-hosted-v1-qwen-offpeak/qwen3p8_flash/rate_2__block1,300,300,2.0,2.1388033484569875,4,2.170062699327245,1.0850313496636226,"[1.0651275193985634, 1.1107751190216655]",1.1603343419206802,1.0,0.0,"{""ci95"": [0.0, 0.0], ""time_blocks"": 5, ""block_width_s"": 30, ""thin_time_coverage"": true, ""discarded_zero_denominator_draws"": 0}",0.0,"{""ci95"": [0.0, 0.0], ""time_blocks"": 5, ""block_width_s"": 30, ""thin_time_coverage"": true, ""discarded_zero_denominator_draws"": 0}",300,15.226737004289031,20.295399016940827,"{""60"": {""native"": {""ci95"": [0.0, 0.0], ""time_blocks"": 3, ""block_width_s"": 60, ""thin_time_coverage"": true, ""discarded_zero_denominator_draws"": 0}, ""slot_service"": {""ci95"": [2.131782893825016, 2.2699298808528554], ""time_blocks"": 3, ""block_width_s"": 60, ""thin_time_coverage"": true, ""discarded_zero_denominator_draws"": 0}}, ""120"": {""native"": {""ci95"": [0.0, 0.0], ""time_blocks"": 2, ""block_width_s"": 120, ""thin_time_coverage"": true, ""discarded_zero_denominator_draws"": 0}, ""slot_service"": {""ci95"": [2.1538052511719137, 2.2699298808528554], ""time_blocks"": 2, ""block_width_s"": 120, ""thin_time_coverage"": true, ""discarded_zero_denominator_draws"": 0}}}",empirical offered utilization within the measured four-slot trace,scheduled installable policy plus documented A1/E2 delays; not measured radio success
/loads/79,6G,RQ3,Qwen3.5-4B-JSON,rate_0.1,selfhosted/main-v1c/qwen3p5_4b_json/rate_0p1__block1,300,300,0.1,0.10694016742284933,4,0.41960053307625156,0.01049001332690629,"[0.010345207574910115, 0.010767924001484193]",0.011218037814472791,1.0,0.9966666666666667,"{""ci95"": [0.9892857142857143, 1.0], ""time_blocks"": 92, ""block_width_s"": 30, ""thin_time_coverage"": false, ""discarded_zero_denominator_draws"": 0}",0.9966666666666667,"{""ci95"": [0.9892857142857143, 1.0], ""time_blocks"": 92, ""block_width_s"": 30, ""thin_time_coverage"": false, ""discarded_zero_denominator_draws"": 0}",300,0.006136773196089962,0.02815778254390296,"{""60"": {""native"": {""ci95"": [0.9894736842105263, 1.0], ""time_blocks"": 47, ""block_width_s"": 60, ""thin_time_coverage"": false, ""discarded_zero_denominator_draws"": 0}, ""slot_service"": {""ci95"": [0.4136581676994835, 0.43040122293465227], ""time_blocks"": 47, ""block_width_s"": 60, ""thin_time_coverage"": false, ""discarded_zero_denominator_draws"": 0}}, ""120"": {""native"": {""ci95"": [0.9896193771626297, 1.0], ""time_blocks"": 24, ""block_width_s"": 120, ""thin_time_coverage"": false, ""discarded_zero_denominator_draws"": 0}, ""slot_service"": {""ci95"": [0.41371801622441606, 0.4299104754953723], ""time_blocks"": 24, ""block_width_s"": 120, ""thin_time_coverage"": false, ""discarded_zero_denominator_draws"": 0}}}",empirical offered utilization within the measured four-slot trace,scheduled installable policy plus documented A1/E2 delays; not measured radio success
/loads/80,6G,RQ3,Qwen3.5-4B-JSON,rate_0.5,selfhosted/main-v1c/qwen3p5_4b_json/rate_0p5__block1,300,300,0.5,0.5347008371142469,4,0.416375913155886,0.05204698914448575,"[0.05178595961375382, 0.052289589279955716]",0.0556591373296653,1.0,1.0,"{""ci95"": [1.0, 1.0], ""time_blocks"": 19, ""block_width_s"": 30, ""thin_time_coverage"": false, ""discarded_zero_denominator_draws"": 0}",1.0,"{""ci95"": [1.0, 1.0], ""time_blocks"": 19, ""block_width_s"": 30, ""thin_time_coverage"": false, ""discarded_zero_denominator_draws"": 0}",300,0.0016531140135214173,0.005961815705050811,"{""60"": {""native"": {""ci95"": [1.0, 1.0], ""time_blocks"": 10, ""block_width_s"": 60, ""thin_time_coverage"": false, ""discarded_zero_denominator_draws"": 0}, ""slot_service"": {""ci95"": [0.41441498954666284, 0.4180240212060233], ""time_blocks"": 10, ""block_width_s"": 60, ""thin_time_coverage"": false, ""discarded_zero_denominator_draws"": 0}}, ""120"": {""native"": {""ci95"": [1.0, 1.0], ""time_blocks"": 5, ""block_width_s"": 120, ""thin_time_coverage"": true, ""discarded_zero_denominator_draws"": 0}, ""slot_service"": {""ci95"": [0.41429138872004356, 0.41816593909095373], ""time_blocks"": 5, ""block_width_s"": 120, ""thin_time_coverage"": true, ""discarded_zero_denominator_draws"": 0}}}",empirical offered utilization within the measured four-slot trace,scheduled installable policy plus documented A1/E2 delays; not measured radio success
/loads/81,6G,RQ3,Qwen3.5-4B-JSON,rate_1,selfhosted/main-v1c/qwen3p5_4b_json/rate_1__block1,300,300,1.0,1.0694016742284937,4,0.42229941085136186,0.10557485271284046,"[0.10443853900845039, 0.10668204498749113]",0.11290192424753823,1.0,1.0,"{""ci95"": [1.0, 1.0], ""time_blocks"": 10, ""block_width_s"": 30, ""thin_time_coverage"": false, ""discarded_zero_denominator_draws"": 0}",1.0,"{""ci95"": [1.0, 1.0], ""time_blocks"": 10, ""block_width_s"": 30, ""thin_time_coverage"": false, ""discarded_zero_denominator_draws"": 0}",300,0.0011118541243133606,0.0032036229342601533,"{""60"": {""native"": {""ci95"": [1.0, 1.0], ""time_blocks"": 5, ""block_width_s"": 60, ""thin_time_coverage"": true, ""discarded_zero_denominator_draws"": 0}, ""slot_service"": {""ci95"": [0.4172474268379208, 0.4263077952026848], ""time_blocks"": 5, ""block_width_s"": 60, ""thin_time_coverage"": true, ""discarded_zero_denominator_draws"": 0}}, ""120"": {""native"": {""ci95"": [1.0, 1.0], ""time_blocks"": 3, ""block_width_s"": 120, ""thin_time_coverage"": true, ""discarded_zero_denominator_draws"": 0}, ""slot_service"": {""ci95"": [0.4162208736192302, 0.42684072302654386], ""time_blocks"": 3, ""block_width_s"": 120, ""thin_time_coverage"": true, ""discarded_zero_denominator_draws"": 0}}}",empirical offered utilization within the measured four-slot trace,scheduled installable policy plus documented A1/E2 delays; not measured radio success
/loads/82,6G,RQ3,Qwen3.5-4B-JSON,rate_2,selfhosted/main-v1c/qwen3p5_4b_json/rate_2__block1,300,300,2.0,2.1388033484569875,4,0.4346699640636022,0.2173349820318011,"[0.21469523270502405, 0.21950654219983826]",0.2324183936532277,1.0,1.0,"{""ci95"": [1.0, 1.0], ""time_blocks"": 5, ""block_width_s"": 30, ""thin_time_coverage"": true, ""discarded_zero_denominator_draws"": 0}",1.0,"{""ci95"": [1.0, 1.0], ""time_blocks"": 5, ""block_width_s"": 30, ""thin_time_coverage"": true, ""discarded_zero_denominator_draws"": 0}",300,0.0009044625462308886,0.002355885054384288,"{""60"": {""native"": {""ci95"": [1.0, 1.0], ""time_blocks"": 3, ""block_width_s"": 60, ""thin_time_coverage"": true, ""discarded_zero_denominator_draws"": 0}, ""slot_service"": {""ci95"": [0.4288192777603399, 0.4398005789668899], ""time_blocks"": 3, ""block_width_s"": 60, ""thin_time_coverage"": true, ""discarded_zero_denominator_draws"": 0}}, ""120"": {""native"": {""ci95"": [1.0, 1.0], ""time_blocks"": 2, ""block_width_s"": 120, ""thin_time_coverage"": true, ""discarded_zero_denominator_draws"": 0}, ""slot_service"": {""ci95"": [0.43243679954182535, 0.435033502474124], ""time_blocks"": 2, ""block_width_s"": 120, ""thin_time_coverage"": true, ""discarded_zero_denominator_draws"": 0}}}",empirical offered utilization within the measured four-slot trace,scheduled installable policy plus documented A1/E2 delays; not measured radio success
