source_pointer,study,task,method,condition,collection_phase,n,supported_n,correct_service_n,cache_hits,observed_lambda,stages,correct_all_probability,correct_supported_probability,correct_all_ci,correct_supported_ci,sensitivity,endpoint,direct_success_n,final_success_n
/physical_paths/0,Edge,RQ5b,DeepSeek-V4.1-Flash,bursty_changing_off,bursty_changing_off/seed_1/DeepSeek-V4.1-Flash,240,180,84,0,3.598646698042148,"{""decision_queue"": {""n"": 240, ""p50_s"": 0.07275174973461063, ""p95_s"": 1.5150901228470914}, ""decision_slot"": {""n"": 240, ""p50_s"": 0.3916401877067983, ""p95_s"": 0.6659225897863507}, ""return_from_arrival"": {""n"": 240, ""p50_s"": 0.5287512699253245, ""p95_s"": 1.9608065246881672}, ""service_queue"": {""n"": 170, ""p50_s"": 2.8437934815883636e-05, ""p95_s"": 0.05831472468562423}, ""dispatch_to_terminal"": {""n"": 170, ""p50_s"": 0.060794103890657425, ""p95_s"": 0.08392295027151703}, ""all_terminal"": {""n"": 240, ""p50_s"": 0.5854740417904836, ""p95_s"": 1.9716398779764317}, ""correct_service_terminal"": {""n"": 84, ""p50_s"": 0.597433228515893, ""p95_s"": 1.8642372995750847}}",0.35,0.4666666666666667,"{""ci95"": [0.2978723404255319, 0.38461538461538464], ""time_blocks"": 3, ""block_width_s"": 30, ""thin_time_coverage"": true, ""discarded_zero_denominator_draws"": 0}","{""ci95"": [0.4, 0.5121951219512195], ""time_blocks"": 3, ""block_width_s"": 30, ""thin_time_coverage"": true, ""discarded_zero_denominator_draws"": 0}","{""60"": {""ci95"": [0.45323741007194246, 0.5121951219512195], ""time_blocks"": 2, ""block_width_s"": 60, ""thin_time_coverage"": true, ""discarded_zero_denominator_draws"": 0}, ""120"": {""ci95"": null, ""time_blocks"": 1, ""block_width_s"": 120, ""reason"": ""fewer than two occupied time blocks""}}",real OCR correct completion; all terminal events include failures/unsupported; API actuation acknowledgement unavailable,,
/physical_paths/1,Edge,RQ5b,GLM-5.3-Flash,bursty_changing_off,bursty_changing_off/seed_1/GLM-5.3-Flash,240,180,30,0,3.598646698042148,"{""decision_queue"": {""n"": 209, ""p50_s"": 1.5547126249001622, ""p95_s"": 1.9580904662694834}, ""decision_slot"": {""n"": 209, ""p50_s"": 0.6353553328663111, ""p95_s"": 0.9056499579921364}, ""return_from_arrival"": {""n"": 209, ""p50_s"": 2.1642087072758684, ""p95_s"": 2.610047624379218}, ""service_queue"": {""n"": 55, ""p50_s"": 3.116670995950699e-05, ""p95_s"": 0.06804349226877092}, ""dispatch_to_terminal"": {""n"": 55, ""p50_s"": 0.06417695805430412, ""p95_s"": 0.08313814252614975}, ""all_terminal"": {""n"": 240, ""p50_s"": 2.068025770706834, ""p95_s"": 2.569924545714256}, ""correct_service_terminal"": {""n"": 30, ""p50_s"": 1.2702698534460666, ""p95_s"": 1.9519851121622247}}",0.125,0.16666666666666666,"{""ci95"": [0.10989010989010989, 0.13829787234042554], ""time_blocks"": 3, ""block_width_s"": 30, ""thin_time_coverage"": true, ""discarded_zero_denominator_draws"": 0}","{""ci95"": [0.14492753623188406, 0.18571428571428572], ""time_blocks"": 3, ""block_width_s"": 30, ""thin_time_coverage"": true, ""discarded_zero_denominator_draws"": 0}","{""60"": {""ci95"": [0.16546762589928057, 0.17073170731707318], ""time_blocks"": 2, ""block_width_s"": 60, ""thin_time_coverage"": true, ""discarded_zero_denominator_draws"": 0}, ""120"": {""ci95"": null, ""time_blocks"": 1, ""block_width_s"": 120, ""reason"": ""fewer than two occupied time blocks""}}",real OCR correct completion; all terminal events include failures/unsupported; API actuation acknowledgement unavailable,,
/physical_paths/2,Edge,RQ5b,Jev-1.13.0,bursty_changing_off,bursty_changing_off/seed_1/Jev-1.13.0,240,180,92,0,3.598646698042148,"{""decision_queue"": {""n"": 240, ""p50_s"": 0.0010625213504429354, ""p95_s"": 0.10497023571114353}, ""decision_slot"": {""n"": 240, ""p50_s"": 0.26691704243421555, ""p95_s"": 0.36623178240843113}, ""return_from_arrival"": {""n"": 240, ""p50_s"": 0.2727568125748636, ""p95_s"": 0.4082790858750156}, ""service_queue"": {""n"": 180, ""p50_s"": 2.8895679861307144e-05, ""p95_s"": 0.05216856873594221}, ""dispatch_to_terminal"": {""n"": 180, ""p50_s"": 0.05902610393241048, ""p95_s"": 0.0783767662942409}, ""all_terminal"": {""n"": 240, ""p50_s"": 0.3305971253925577, ""p95_s"": 0.4743350230919875}, ""correct_service_terminal"": {""n"": 92, ""p50_s"": 0.35045337527355436, ""p95_s"": 0.45933889200184075}}",0.38333333333333336,0.5111111111111111,"{""ci95"": [0.38181818181818183, 0.38461538461538464], ""time_blocks"": 3, ""block_width_s"": 30, ""thin_time_coverage"": true, ""discarded_zero_denominator_draws"": 0}","{""ci95"": [0.5072463768115942, 0.5142857142857142], ""time_blocks"": 3, ""block_width_s"": 30, ""thin_time_coverage"": true, ""discarded_zero_denominator_draws"": 0}","{""60"": {""ci95"": [0.5107913669064749, 0.5121951219512195], ""time_blocks"": 2, ""block_width_s"": 60, ""thin_time_coverage"": true, ""discarded_zero_denominator_draws"": 0}, ""120"": {""ci95"": null, ""time_blocks"": 1, ""block_width_s"": 120, ""reason"": ""fewer than two occupied time blocks""}}",real OCR correct completion; all terminal events include failures/unsupported; API actuation acknowledgement unavailable,,
/physical_paths/3,Edge,RQ5b,Laya,bursty_changing_off,bursty_changing_off/seed_1/Laya,240,180,46,0,3.598646698042148,"{""decision_queue"": {""n"": 240, ""p50_s"": 0.00207760395026213, ""p95_s"": 0.002321662828047444}, ""decision_slot"": {""n"": 240, ""p50_s"": 0.10124566592276096, ""p95_s"": 0.23489037561230355}, ""return_from_arrival"": {""n"": 240, ""p50_s"": 0.10265758379739509, ""p95_s"": 0.23569935067997785}, ""service_queue"": {""n"": 109, ""p50_s"": 4.537496715784073e-05, ""p95_s"": 0.007781549915671342}, ""dispatch_to_terminal"": {""n"": 109, ""p50_s"": 0.07095666602253914, ""p95_s"": 0.09477289989590644}, ""all_terminal"": {""n"": 240, ""p50_s"": 0.14347827067977192, ""p95_s"": 0.2665789268152263}, ""correct_service_terminal"": {""n"": 46, ""p50_s"": 0.168452437289476, ""p95_s"": 0.24921757310070092}}",0.19166666666666668,0.25555555555555554,"{""ci95"": [0.16363636363636364, 0.21978021978021978], ""time_blocks"": 3, ""block_width_s"": 30, ""thin_time_coverage"": true, ""discarded_zero_denominator_draws"": 0}","{""ci95"": [0.21951219512195122, 0.2898550724637681], ""time_blocks"": 3, ""block_width_s"": 30, ""thin_time_coverage"": true, ""discarded_zero_denominator_draws"": 0}","{""60"": {""ci95"": [0.21951219512195122, 0.26618705035971224], ""time_blocks"": 2, ""block_width_s"": 60, ""thin_time_coverage"": true, ""discarded_zero_denominator_draws"": 0}, ""120"": {""ci95"": null, ""time_blocks"": 1, ""block_width_s"": 120, ""reason"": ""fewer than two occupied time blocks""}}",real OCR correct completion; all terminal events include failures/unsupported; API actuation acknowledgement unavailable,,
/physical_paths/4,Edge,RQ5b,Qwen3.5-4B-JSON,bursty_changing_off,bursty_changing_off/seed_1/Qwen3.5-4B-JSON,240,180,4,0,3.598646698042148,"{""decision_queue"": {""n"": 67, ""p50_s"": 1.4223756669573184, ""p95_s"": 1.9627699244980747}, ""decision_slot"": {""n"": 67, ""p50_s"": 3.0856025833636522, ""p95_s"": 3.2397699374705553}, ""return_from_arrival"": {""n"": 67, ""p50_s"": 4.511223166298091, ""p95_s"": 5.142000958229208}, ""service_queue"": {""n"": 11, ""p50_s"": 3.183353692293167e-05, ""p95_s"": 6.012478843331337e-05}, ""dispatch_to_terminal"": {""n"": 11, ""p50_s"": 0.07585187535732985, ""p95_s"": 0.0897003123536706}, ""all_terminal"": {""n"": 240, ""p50_s"": 2.0020881666873382, ""p95_s"": 5.049729898138704}, ""correct_service_terminal"": {""n"": 4, ""p50_s"": 0.9674268128385232, ""p95_s"": 1.5417642900121176}}",0.016666666666666666,0.022222222222222223,"{""ci95"": [0.0, 0.02197802197802198], ""time_blocks"": 3, ""block_width_s"": 30, ""thin_time_coverage"": true, ""discarded_zero_denominator_draws"": 0}","{""ci95"": [0.0, 0.028985507246376812], ""time_blocks"": 3, ""block_width_s"": 30, ""thin_time_coverage"": true, ""discarded_zero_denominator_draws"": 0}","{""60"": {""ci95"": [0.0, 0.02877697841726619], ""time_blocks"": 2, ""block_width_s"": 60, ""thin_time_coverage"": true, ""discarded_zero_denominator_draws"": 0}, ""120"": {""ci95"": null, ""time_blocks"": 1, ""block_width_s"": 120, ""reason"": ""fewer than two occupied time blocks""}}",real OCR correct completion; all terminal events include failures/unsupported; API actuation acknowledgement unavailable,,
/physical_paths/5,Edge,RQ5b,Qwen3.8-Flash,bursty_changing_off,bursty_changing_off/seed_1/Qwen3.8-Flash,240,180,7,0,3.598646698042148,"{""decision_queue"": {""n"": 106, ""p50_s"": 1.7224954173247227, ""p95_s"": 1.973372271866202}, ""decision_slot"": {""n"": 106, ""p50_s"": 1.4326741872355342, ""p95_s"": 2.260089801857248}, ""return_from_arrival"": {""n"": 106, ""p50_s"": 3.032766855074346, ""p95_s"": 3.937192094208611}, ""service_queue"": {""n"": 17, ""p50_s"": 2.8625130653381348e-05, ""p95_s"": 0.03090751748532052}, ""dispatch_to_terminal"": {""n"": 17, ""p50_s"": 0.06250320747494698, ""p95_s"": 0.08565019220113754}, ""all_terminal"": {""n"": 240, ""p50_s"": 2.0010521670408252, ""p95_s"": 3.633568550159276}, ""correct_service_terminal"": {""n"": 7, ""p50_s"": 1.5103104170642467, ""p95_s"": 1.7476452837042216}}",0.029166666666666667,0.03888888888888889,"{""ci95"": [0.0, 0.07446808510638298], ""time_blocks"": 3, ""block_width_s"": 30, ""thin_time_coverage"": true, ""discarded_zero_denominator_draws"": 0}","{""ci95"": [0.0, 0.1], ""time_blocks"": 3, ""block_width_s"": 30, ""thin_time_coverage"": true, ""discarded_zero_denominator_draws"": 0}","{""60"": {""ci95"": [0.0, 0.050359712230215826], ""time_blocks"": 2, ""block_width_s"": 60, ""thin_time_coverage"": true, ""discarded_zero_denominator_draws"": 0}, ""120"": {""ci95"": null, ""time_blocks"": 1, ""block_width_s"": 120, ""reason"": ""fewer than two occupied time blocks""}}",real OCR correct completion; all terminal events include failures/unsupported; API actuation acknowledgement unavailable,,
/physical_paths/6,Edge,RQ5b,SemIf-Qwen3.5-4B,bursty_changing_off,bursty_changing_off/seed_1/SemIf-Qwen3.5-4B,240,180,10,0,3.598646698042148,"{""decision_queue"": {""n"": 91, ""p50_s"": 1.7057363328301847, ""p95_s"": 1.987866291428535}, ""decision_slot"": {""n"": 91, ""p50_s"": 1.9147894587367773, ""p95_s"": 2.129203812684864}, ""return_from_arrival"": {""n"": 91, ""p50_s"": 3.646322999696075, ""p95_s"": 4.059351062773256}, ""service_queue"": {""n"": 22, ""p50_s"": 2.843746915459633e-05, ""p95_s"": 7.888125255703923e-05}, ""dispatch_to_terminal"": {""n"": 22, ""p50_s"": 0.07040368765592575, ""p95_s"": 0.09472977058030664}, ""all_terminal"": {""n"": 240, ""p50_s"": 2.002076937435895, ""p95_s"": 4.022387545769564}, ""correct_service_terminal"": {""n"": 10, ""p50_s"": 0.6143425000866339, ""p95_s"": 1.2418120810415305}}",0.041666666666666664,0.05555555555555555,"{""ci95"": [0.0, 0.0851063829787234], ""time_blocks"": 3, ""block_width_s"": 30, ""thin_time_coverage"": true, ""discarded_zero_denominator_draws"": 0}","{""ci95"": [0.0, 0.11428571428571428], ""time_blocks"": 3, ""block_width_s"": 30, ""thin_time_coverage"": true, ""discarded_zero_denominator_draws"": 0}","{""60"": {""ci95"": [0.0, 0.07194244604316546], ""time_blocks"": 2, ""block_width_s"": 60, ""thin_time_coverage"": true, ""discarded_zero_denominator_draws"": 0}, ""120"": {""ci95"": null, ""time_blocks"": 1, ""block_width_s"": 120, ""reason"": ""fewer than two occupied time blocks""}}",real OCR correct completion; all terminal events include failures/unsupported; API actuation acknowledgement unavailable,,
/physical_paths/7,Edge,RQ5b,DeepSeek-V4.1-Flash,bursty_changing_on,bursty_changing_on/seed_1/DeepSeek-V4.1-Flash,240,180,91,0,3.598646698042148,"{""decision_queue"": {""n"": 240, ""p50_s"": 0.05655750108361168, ""p95_s"": 0.7317687896166539}, ""decision_slot"": {""n"": 240, ""p50_s"": 0.41648716665804386, ""p95_s"": 0.5670056554488836}, ""return_from_arrival"": {""n"": 240, ""p50_s"": 0.5156390625749836, ""p95_s"": 1.2298560486199317}, ""service_queue"": {""n"": 180, ""p50_s"": 0.00010687438771128654, ""p95_s"": 0.09864270738326013}, ""dispatch_to_terminal"": {""n"": 180, ""p50_s"": 0.06859679147601128, ""p95_s"": 0.09855731585994362}, ""all_terminal"": {""n"": 240, ""p50_s"": 0.5861982509436938, ""p95_s"": 1.284333216590387}, ""correct_service_terminal"": {""n"": 91, ""p50_s"": 0.5755402924790403, ""p95_s"": 1.3572233761159467}}",0.37916666666666665,0.5055555555555555,"{""ci95"": [0.3723404255319149, 0.38461538461538464], ""time_blocks"": 3, ""block_width_s"": 30, ""thin_time_coverage"": true, ""discarded_zero_denominator_draws"": 0}","{""ci95"": [0.5, 0.5121951219512195], ""time_blocks"": 3, ""block_width_s"": 30, ""thin_time_coverage"": true, ""discarded_zero_denominator_draws"": 0}","{""60"": {""ci95"": [0.5035971223021583, 0.5121951219512195], ""time_blocks"": 2, ""block_width_s"": 60, ""thin_time_coverage"": true, ""discarded_zero_denominator_draws"": 0}, ""120"": {""ci95"": null, ""time_blocks"": 1, ""block_width_s"": 120, ""reason"": ""fewer than two occupied time blocks""}}",real OCR correct completion; all terminal events include failures/unsupported; API actuation acknowledgement unavailable,,
/physical_paths/8,Edge,RQ5b,GLM-5.3-Flash,bursty_changing_on,bursty_changing_on/seed_1/GLM-5.3-Flash,240,180,38,0,3.598646698042148,"{""decision_queue"": {""n"": 205, ""p50_s"": 1.3660312086513073, ""p95_s"": 1.9429552163687716}, ""decision_slot"": {""n"": 205, ""p50_s"": 0.6371166249737144, ""p95_s"": 0.8740387918427587}, ""return_from_arrival"": {""n"": 205, ""p50_s"": 1.9749375000594824, ""p95_s"": 2.624147608269857}, ""service_queue"": {""n"": 77, ""p50_s"": 8.88332724571228e-05, ""p95_s"": 0.07493289206176997}, ""dispatch_to_terminal"": {""n"": 77, ""p50_s"": 0.07443770952522755, ""p95_s"": 0.10367796737700702}, ""all_terminal"": {""n"": 240, ""p50_s"": 2.0018921460525085, ""p95_s"": 2.6126748847654975}, ""correct_service_terminal"": {""n"": 38, ""p50_s"": 1.2460441876763113, ""p95_s"": 1.9602041021041259}}",0.15833333333333333,0.2111111111111111,"{""ci95"": [0.12727272727272726, 0.19148936170212766], ""time_blocks"": 3, ""block_width_s"": 30, ""thin_time_coverage"": true, ""discarded_zero_denominator_draws"": 0}","{""ci95"": [0.17073170731707318, 0.2571428571428571], ""time_blocks"": 3, ""block_width_s"": 30, ""thin_time_coverage"": true, ""discarded_zero_denominator_draws"": 0}","{""60"": {""ci95"": [0.17073170731707318, 0.22302158273381295], ""time_blocks"": 2, ""block_width_s"": 60, ""thin_time_coverage"": true, ""discarded_zero_denominator_draws"": 0}, ""120"": {""ci95"": null, ""time_blocks"": 1, ""block_width_s"": 120, ""reason"": ""fewer than two occupied time blocks""}}",real OCR correct completion; all terminal events include failures/unsupported; API actuation acknowledgement unavailable,,
/physical_paths/9,Edge,RQ5b,Jev-1.13.0,bursty_changing_on,bursty_changing_on/seed_1/Jev-1.13.0,240,180,92,0,3.598646698042148,"{""decision_queue"": {""n"": 240, ""p50_s"": 0.002081333156615628, ""p95_s"": 0.1009918105292562}, ""decision_slot"": {""n"": 240, ""p50_s"": 0.261668021325022, ""p95_s"": 0.3425432584714144}, ""return_from_arrival"": {""n"": 240, ""p50_s"": 0.2703572499328857, ""p95_s"": 0.3992503603887846}, ""service_queue"": {""n"": 180, ""p50_s"": 8.491659536957741e-05, ""p95_s"": 0.05564163867384194}, ""dispatch_to_terminal"": {""n"": 180, ""p50_s"": 0.06148112565279007, ""p95_s"": 0.09110437300987541}, ""all_terminal"": {""n"": 240, ""p50_s"": 0.33637327016821494, ""p95_s"": 0.45865847746098987}, ""correct_service_terminal"": {""n"": 92, ""p50_s"": 0.34726822916564615, ""p95_s"": 0.4494392513579726}}",0.38333333333333336,0.5111111111111111,"{""ci95"": [0.38181818181818183, 0.38461538461538464], ""time_blocks"": 3, ""block_width_s"": 30, ""thin_time_coverage"": true, ""discarded_zero_denominator_draws"": 0}","{""ci95"": [0.5072463768115942, 0.5142857142857142], ""time_blocks"": 3, ""block_width_s"": 30, ""thin_time_coverage"": true, ""discarded_zero_denominator_draws"": 0}","{""60"": {""ci95"": [0.5107913669064749, 0.5121951219512195], ""time_blocks"": 2, ""block_width_s"": 60, ""thin_time_coverage"": true, ""discarded_zero_denominator_draws"": 0}, ""120"": {""ci95"": null, ""time_blocks"": 1, ""block_width_s"": 120, ""reason"": ""fewer than two occupied time blocks""}}",real OCR correct completion; all terminal events include failures/unsupported; API actuation acknowledgement unavailable,,
/physical_paths/10,Edge,RQ5b,Laya,bursty_changing_on,bursty_changing_on/seed_1/Laya,240,180,46,0,3.598646698042148,"{""decision_queue"": {""n"": 240, ""p50_s"": 0.0020796040335291366, ""p95_s"": 0.0025143501157828024}, ""decision_slot"": {""n"": 240, ""p50_s"": 0.09566966677084565, ""p95_s"": 0.214702459843829}, ""return_from_arrival"": {""n"": 240, ""p50_s"": 0.09791927140718748, ""p95_s"": 0.21665058578215415}, ""service_queue"": {""n"": 109, ""p50_s"": 3.9458274841308594e-05, ""p95_s"": 0.007768158428370935}, ""dispatch_to_terminal"": {""n"": 109, ""p50_s"": 0.06816262472420931, ""p95_s"": 0.09574229214340448}, ""all_terminal"": {""n"": 240, ""p50_s"": 0.14291645852259016, ""p95_s"": 0.2615658435453433}, ""correct_service_terminal"": {""n"": 46, ""p50_s"": 0.17089241697213353, ""p95_s"": 0.2621784901228814}}",0.19166666666666668,0.25555555555555554,"{""ci95"": [0.16363636363636364, 0.21978021978021978], ""time_blocks"": 3, ""block_width_s"": 30, ""thin_time_coverage"": true, ""discarded_zero_denominator_draws"": 0}","{""ci95"": [0.21951219512195122, 0.2898550724637681], ""time_blocks"": 3, ""block_width_s"": 30, ""thin_time_coverage"": true, ""discarded_zero_denominator_draws"": 0}","{""60"": {""ci95"": [0.21951219512195122, 0.26618705035971224], ""time_blocks"": 2, ""block_width_s"": 60, ""thin_time_coverage"": true, ""discarded_zero_denominator_draws"": 0}, ""120"": {""ci95"": null, ""time_blocks"": 1, ""block_width_s"": 120, ""reason"": ""fewer than two occupied time blocks""}}",real OCR correct completion; all terminal events include failures/unsupported; API actuation acknowledgement unavailable,,
/physical_paths/11,Edge,RQ5b,Qwen3.5-4B-JSON,bursty_changing_on,bursty_changing_on/seed_1/Qwen3.5-4B-JSON,240,180,4,0,3.598646698042148,"{""decision_queue"": {""n"": 66, ""p50_s"": 1.2807541249939813, ""p95_s"": 1.9845506767639494}, ""decision_slot"": {""n"": 66, ""p50_s"": 3.108940187841654, ""p95_s"": 3.259533541277051}, ""return_from_arrival"": {""n"": 66, ""p50_s"": 4.441340041595103, ""p95_s"": 5.158790624912964}, ""service_queue"": {""n"": 11, ""p50_s"": 3.366731107234955e-05, ""p95_s"": 4.2228493839502335e-05}, ""dispatch_to_terminal"": {""n"": 11, ""p50_s"": 0.0763934999704361, ""p95_s"": 0.08871237561106682}, ""all_terminal"": {""n"": 240, ""p50_s"": 2.002085000098141, ""p95_s"": 5.100162860379992}, ""correct_service_terminal"": {""n"": 4, ""p50_s"": 0.9526625416276441, ""p95_s"": 1.5374263605680156}}",0.016666666666666666,0.022222222222222223,"{""ci95"": [0.0, 0.02197802197802198], ""time_blocks"": 3, ""block_width_s"": 30, ""thin_time_coverage"": true, ""discarded_zero_denominator_draws"": 0}","{""ci95"": [0.0, 0.028985507246376812], ""time_blocks"": 3, ""block_width_s"": 30, ""thin_time_coverage"": true, ""discarded_zero_denominator_draws"": 0}","{""60"": {""ci95"": [0.0, 0.02877697841726619], ""time_blocks"": 2, ""block_width_s"": 60, ""thin_time_coverage"": true, ""discarded_zero_denominator_draws"": 0}, ""120"": {""ci95"": null, ""time_blocks"": 1, ""block_width_s"": 120, ""reason"": ""fewer than two occupied time blocks""}}",real OCR correct completion; all terminal events include failures/unsupported; API actuation acknowledgement unavailable,,
/physical_paths/12,Edge,RQ5b,Qwen3.8-Flash,bursty_changing_on,bursty_changing_on/seed_1/Qwen3.8-Flash,240,180,8,0,3.598646698042148,"{""decision_queue"": {""n"": 109, ""p50_s"": 1.7275768325442016, ""p95_s"": 1.9905866826205283}, ""decision_slot"": {""n"": 109, ""p50_s"": 1.3605634178966284, ""p95_s"": 2.332871107943355}, ""return_from_arrival"": {""n"": 109, ""p50_s"": 2.9946722080160377, ""p95_s"": 3.8032238407995123}, ""service_queue"": {""n"": 19, ""p50_s"": 3.1624920666217804e-05, ""p95_s"": 0.0006345040164887808}, ""dispatch_to_terminal"": {""n"": 19, ""p50_s"": 0.07124070823192596, ""p95_s"": 0.08876453749835486}, ""all_terminal"": {""n"": 240, ""p50_s"": 2.002069019913705, ""p95_s"": 3.546307061781245}, ""correct_service_terminal"": {""n"": 8, ""p50_s"": 1.4477044369018373, ""p95_s"": 1.981059051216126}}",0.03333333333333333,0.044444444444444446,"{""ci95"": [0.0, 0.06382978723404255], ""time_blocks"": 3, ""block_width_s"": 30, ""thin_time_coverage"": true, ""discarded_zero_denominator_draws"": 0}","{""ci95"": [0.0, 0.08571428571428572], ""time_blocks"": 3, ""block_width_s"": 30, ""thin_time_coverage"": true, ""discarded_zero_denominator_draws"": 0}","{""60"": {""ci95"": [0.0, 0.05755395683453238], ""time_blocks"": 2, ""block_width_s"": 60, ""thin_time_coverage"": true, ""discarded_zero_denominator_draws"": 0}, ""120"": {""ci95"": null, ""time_blocks"": 1, ""block_width_s"": 120, ""reason"": ""fewer than two occupied time blocks""}}",real OCR correct completion; all terminal events include failures/unsupported; API actuation acknowledgement unavailable,,
/physical_paths/13,Edge,RQ5b,SemIf-Qwen3.5-4B,bursty_changing_on,bursty_changing_on/seed_1/SemIf-Qwen3.5-4B,240,180,10,0,3.598646698042148,"{""decision_queue"": {""n"": 88, ""p50_s"": 1.7413610218377418, ""p95_s"": 1.993361271187847}, ""decision_slot"": {""n"": 88, ""p50_s"": 1.9687474169768393, ""p95_s"": 2.237048264686018}, ""return_from_arrival"": {""n"": 88, ""p50_s"": 3.750418479596407, ""p95_s"": 4.158378371282493}, ""service_queue"": {""n"": 22, ""p50_s"": 3.083283081650734e-05, ""p95_s"": 9.183478541672229e-05}, ""dispatch_to_terminal"": {""n"": 22, ""p50_s"": 0.07821989571675658, ""p95_s"": 0.09696911601349711}, ""all_terminal"": {""n"": 240, ""p50_s"": 2.0020836259396955, ""p95_s"": 4.089565995794573}, ""correct_service_terminal"": {""n"": 10, ""p50_s"": 0.623880584383519, ""p95_s"": 1.2635892657682009}}",0.041666666666666664,0.05555555555555555,"{""ci95"": [0.0, 0.0851063829787234], ""time_blocks"": 3, ""block_width_s"": 30, ""thin_time_coverage"": true, ""discarded_zero_denominator_draws"": 0}","{""ci95"": [0.0, 0.11428571428571428], ""time_blocks"": 3, ""block_width_s"": 30, ""thin_time_coverage"": true, ""discarded_zero_denominator_draws"": 0}","{""60"": {""ci95"": [0.0, 0.07194244604316546], ""time_blocks"": 2, ""block_width_s"": 60, ""thin_time_coverage"": true, ""discarded_zero_denominator_draws"": 0}, ""120"": {""ci95"": null, ""time_blocks"": 1, ""block_width_s"": 120, ""reason"": ""fewer than two occupied time blocks""}}",real OCR correct completion; all terminal events include failures/unsupported; API actuation acknowledgement unavailable,,
/physical_paths/14,Edge,RQ5b,DeepSeek-V4.1-Flash,bursty_repeated_off,bursty_repeated_off/seed_1/DeepSeek-V4.1-Flash,240,180,80,0,3.594577392003254,"{""decision_queue"": {""n"": 238, ""p50_s"": 0.7768791882129022, ""p95_s"": 1.7776447753030553}, ""decision_slot"": {""n"": 238, ""p50_s"": 0.4221499375998974, ""p95_s"": 0.6817832995671775}, ""return_from_arrival"": {""n"": 238, ""p50_s"": 1.2971802713278233, ""p95_s"": 2.2560527067016065}, ""service_queue"": {""n"": 151, ""p50_s"": 0.00010879244655370712, ""p95_s"": 0.08137243706732988}, ""dispatch_to_terminal"": {""n"": 151, ""p50_s"": 0.07197316735982895, ""p95_s"": 0.09851385466754436}, ""all_terminal"": {""n"": 240, ""p50_s"": 1.366897812969892, ""p95_s"": 2.2528019338496623}, ""correct_service_terminal"": {""n"": 80, ""p50_s"": 1.324870417184174, ""p95_s"": 1.8700047065356253}}",0.3333333333333333,0.4444444444444444,"{""ci95"": [0.2815533980582524, 0.4222222222222222], ""time_blocks"": 3, ""block_width_s"": 30, ""thin_time_coverage"": true, ""discarded_zero_denominator_draws"": 0}","{""ci95"": [0.3717948717948718, 0.5757575757575758], ""time_blocks"": 3, ""block_width_s"": 30, ""thin_time_coverage"": true, ""discarded_zero_denominator_draws"": 0}","{""60"": {""ci95"": [0.41496598639455784, 0.5757575757575758], ""time_blocks"": 2, ""block_width_s"": 60, ""thin_time_coverage"": true, ""discarded_zero_denominator_draws"": 0}, ""120"": {""ci95"": null, ""time_blocks"": 1, ""block_width_s"": 120, ""reason"": ""fewer than two occupied time blocks""}}",real OCR correct completion; all terminal events include failures/unsupported; API actuation acknowledgement unavailable,,
/physical_paths/15,Edge,RQ5b,GLM-5.3-Flash,bursty_repeated_off,bursty_repeated_off/seed_1/GLM-5.3-Flash,240,180,20,0,3.594577392003254,"{""decision_queue"": {""n"": 193, ""p50_s"": 1.7082370417604444, ""p95_s"": 1.970453024839935}, ""decision_slot"": {""n"": 193, ""p50_s"": 0.6649065418168902, ""p95_s"": 1.1781620245426876}, ""return_from_arrival"": {""n"": 193, ""p50_s"": 2.3683709171670095, ""p95_s"": 2.694447124390139}, ""service_queue"": {""n"": 35, ""p50_s"": 8.695852011442184e-05, ""p95_s"": 0.050471170991659105}, ""dispatch_to_terminal"": {""n"": 35, ""p50_s"": 0.07752766739577055, ""p95_s"": 0.09054635828360914}, ""all_terminal"": {""n"": 240, ""p50_s"": 2.24946772863254, ""p95_s"": 2.6897214121444506}, ""correct_service_terminal"": {""n"": 20, ""p50_s"": 1.339381958502651, ""p95_s"": 1.997002255979878}}",0.08333333333333333,0.1111111111111111,"{""ci95"": [0.0, 0.15217391304347827], ""time_blocks"": 3, ""block_width_s"": 30, ""thin_time_coverage"": true, ""discarded_zero_denominator_draws"": 0}","{""ci95"": [0.0, 0.2028985507246377], ""time_blocks"": 3, ""block_width_s"": 30, ""thin_time_coverage"": true, ""discarded_zero_denominator_draws"": 0}","{""60"": {""ci95"": [0.0, 0.1360544217687075], ""time_blocks"": 2, ""block_width_s"": 60, ""thin_time_coverage"": true, ""discarded_zero_denominator_draws"": 0}, ""120"": {""ci95"": null, ""time_blocks"": 1, ""block_width_s"": 120, ""reason"": ""fewer than two occupied time blocks""}}",real OCR correct completion; all terminal events include failures/unsupported; API actuation acknowledgement unavailable,,
/physical_paths/16,Edge,RQ5b,Jev-1.13.0,bursty_repeated_off,bursty_repeated_off/seed_1/Jev-1.13.0,240,180,90,0,3.594577392003254,"{""decision_queue"": {""n"": 240, ""p50_s"": 0.002175624867916781, ""p95_s"": 0.15124522909227175}, ""decision_slot"": {""n"": 240, ""p50_s"": 0.2711175004951656, ""p95_s"": 0.33693019580096}, ""return_from_arrival"": {""n"": 240, ""p50_s"": 0.2836257089833296, ""p95_s"": 0.4429005974935257}, ""service_queue"": {""n"": 180, ""p50_s"": 9.912485256791115e-05, ""p95_s"": 0.060169329540803965}, ""dispatch_to_terminal"": {""n"": 180, ""p50_s"": 0.06378783378750086, ""p95_s"": 0.08932135542854662}, ""all_terminal"": {""n"": 240, ""p50_s"": 0.3481715209158338, ""p95_s"": 0.5093215536981774}, ""correct_service_terminal"": {""n"": 90, ""p50_s"": 0.36448349987465, ""p95_s"": 0.5184021124335875}}",0.375,0.5,"{""ci95"": [0.33980582524271846, 0.4222222222222222], ""time_blocks"": 3, ""block_width_s"": 30, ""thin_time_coverage"": true, ""discarded_zero_denominator_draws"": 0}","{""ci95"": [0.44871794871794873, 0.5757575757575758], ""time_blocks"": 3, ""block_width_s"": 30, ""thin_time_coverage"": true, ""discarded_zero_denominator_draws"": 0}","{""60"": {""ci95"": [0.48299319727891155, 0.5757575757575758], ""time_blocks"": 2, ""block_width_s"": 60, ""thin_time_coverage"": true, ""discarded_zero_denominator_draws"": 0}, ""120"": {""ci95"": null, ""time_blocks"": 1, ""block_width_s"": 120, ""reason"": ""fewer than two occupied time blocks""}}",real OCR correct completion; all terminal events include failures/unsupported; API actuation acknowledgement unavailable,,
/physical_paths/17,Edge,RQ5b,Laya,bursty_repeated_off,bursty_repeated_off/seed_1/Laya,240,180,42,0,3.594577392003254,"{""decision_queue"": {""n"": 240, ""p50_s"": 0.0020793965570646833, ""p95_s"": 0.0023457378182559553}, ""decision_slot"": {""n"": 240, ""p50_s"": 0.08856149949133396, ""p95_s"": 0.21272208713926374}, ""return_from_arrival"": {""n"": 240, ""p50_s"": 0.09015262548983216, ""p95_s"": 0.2140123986729394}, ""service_queue"": {""n"": 90, ""p50_s"": 4.577077925205231e-05, ""p95_s"": 0.013591149728745209}, ""dispatch_to_terminal"": {""n"": 90, ""p50_s"": 0.07189308339729905, ""p95_s"": 0.09713959381915628}, ""all_terminal"": {""n"": 240, ""p50_s"": 0.1268108749897472, ""p95_s"": 0.24472258211414383}, ""correct_service_terminal"": {""n"": 42, ""p50_s"": 0.1692108961420935, ""p95_s"": 0.2758053297469114}}",0.175,0.23333333333333334,"{""ci95"": [0.13592233009708737, 0.26666666666666666], ""time_blocks"": 3, ""block_width_s"": 30, ""thin_time_coverage"": true, ""discarded_zero_denominator_draws"": 0}","{""ci95"": [0.1794871794871795, 0.36363636363636365], ""time_blocks"": 3, ""block_width_s"": 30, ""thin_time_coverage"": true, ""discarded_zero_denominator_draws"": 0}","{""60"": {""ci95"": [0.20408163265306123, 0.36363636363636365], ""time_blocks"": 2, ""block_width_s"": 60, ""thin_time_coverage"": true, ""discarded_zero_denominator_draws"": 0}, ""120"": {""ci95"": null, ""time_blocks"": 1, ""block_width_s"": 120, ""reason"": ""fewer than two occupied time blocks""}}",real OCR correct completion; all terminal events include failures/unsupported; API actuation acknowledgement unavailable,,
/physical_paths/18,Edge,RQ5b,Qwen3.5-4B-JSON,bursty_repeated_off,bursty_repeated_off/seed_1/Qwen3.5-4B-JSON,240,180,5,0,3.594577392003254,"{""decision_queue"": {""n"": 56, ""p50_s"": 0.8201492700045723, ""p95_s"": 1.9856108327704085}, ""decision_slot"": {""n"": 56, ""p50_s"": 3.747312874533236, ""p95_s"": 4.647162864450365}, ""return_from_arrival"": {""n"": 56, ""p50_s"": 4.952868541569591, ""p95_s"": 6.558909864114476}, ""service_queue"": {""n"": 15, ""p50_s"": 3.420934081077576e-05, ""p95_s"": 4.779640585184097e-05}, ""dispatch_to_terminal"": {""n"": 15, ""p50_s"": 0.07680420856922865, ""p95_s"": 0.10855849236249916}, ""all_terminal"": {""n"": 240, ""p50_s"": 2.002094395395785, ""p95_s"": 5.9516147824111885}, ""correct_service_terminal"": {""n"": 5, ""p50_s"": 0.9058730830582977, ""p95_s"": 1.133554266033779}}",0.020833333333333332,0.027777777777777776,"{""ci95"": [0.0, 0.03260869565217391], ""time_blocks"": 3, ""block_width_s"": 30, ""thin_time_coverage"": true, ""discarded_zero_denominator_draws"": 0}","{""ci95"": [0.0, 0.043478260869565216], ""time_blocks"": 3, ""block_width_s"": 30, ""thin_time_coverage"": true, ""discarded_zero_denominator_draws"": 0}","{""60"": {""ci95"": [0.0, 0.034013605442176874], ""time_blocks"": 2, ""block_width_s"": 60, ""thin_time_coverage"": true, ""discarded_zero_denominator_draws"": 0}, ""120"": {""ci95"": null, ""time_blocks"": 1, ""block_width_s"": 120, ""reason"": ""fewer than two occupied time blocks""}}",real OCR correct completion; all terminal events include failures/unsupported; API actuation acknowledgement unavailable,,
/physical_paths/19,Edge,RQ5b,Qwen3.8-Flash,bursty_repeated_off,bursty_repeated_off/seed_1/Qwen3.8-Flash,240,180,5,0,3.594577392003254,"{""decision_queue"": {""n"": 69, ""p50_s"": 1.5376040413820746, ""p95_s"": 1.9857738250976809}, ""decision_slot"": {""n"": 69, ""p50_s"": 1.5503672501072288, ""p95_s"": 5.949742949753999}, ""return_from_arrival"": {""n"": 69, ""p50_s"": 3.1897368335239307, ""p95_s"": 7.659417892103491}, ""service_queue"": {""n"": 12, ""p50_s"": 9.354110807180405e-05, ""p95_s"": 0.011062552360817773}, ""dispatch_to_terminal"": {""n"": 12, ""p50_s"": 0.0801294157281518, ""p95_s"": 0.0885358898434788}, ""all_terminal"": {""n"": 240, ""p50_s"": 2.0021183960854394, ""p95_s"": 6.273930191427759}, ""correct_service_terminal"": {""n"": 5, ""p50_s"": 1.5212406245874774, ""p95_s"": 1.6891627744270195}}",0.020833333333333332,0.027777777777777776,"{""ci95"": [0.0, 0.02912621359223301], ""time_blocks"": 3, ""block_width_s"": 30, ""thin_time_coverage"": true, ""discarded_zero_denominator_draws"": 0}","{""ci95"": [0.0, 0.038461538461538464], ""time_blocks"": 3, ""block_width_s"": 30, ""thin_time_coverage"": true, ""discarded_zero_denominator_draws"": 0}","{""60"": {""ci95"": [0.0, 0.034013605442176874], ""time_blocks"": 2, ""block_width_s"": 60, ""thin_time_coverage"": true, ""discarded_zero_denominator_draws"": 0}, ""120"": {""ci95"": null, ""time_blocks"": 1, ""block_width_s"": 120, ""reason"": ""fewer than two occupied time blocks""}}",real OCR correct completion; all terminal events include failures/unsupported; API actuation acknowledgement unavailable,,
/physical_paths/20,Edge,RQ5b,SemIf-Qwen3.5-4B,bursty_repeated_off,bursty_repeated_off/seed_1/SemIf-Qwen3.5-4B,240,180,10,0,3.594577392003254,"{""decision_queue"": {""n"": 75, ""p50_s"": 1.5740464582735285, ""p95_s"": 1.9758232875268598}, ""decision_slot"": {""n"": 75, ""p50_s"": 2.61388308275491, ""p95_s"": 2.7834556084126234}, ""return_from_arrival"": {""n"": 75, ""p50_s"": 3.9005661252813937, ""p95_s"": 4.712420470338552}, ""service_queue"": {""n"": 20, ""p50_s"": 3.2916199415922165e-05, ""p95_s"": 0.00010166233405470849}, ""dispatch_to_terminal"": {""n"": 20, ""p50_s"": 0.08064789604395628, ""p95_s"": 0.08919545887038112}, ""all_terminal"": {""n"": 240, ""p50_s"": 2.0020811866196997, ""p95_s"": 4.634109562217174}, ""correct_service_terminal"": {""n"": 10, ""p50_s"": 0.655119353874535, ""p95_s"": 1.8433385953260315}}",0.041666666666666664,0.05555555555555555,"{""ci95"": [0.0, 0.05825242718446602], ""time_blocks"": 3, ""block_width_s"": 30, ""thin_time_coverage"": true, ""discarded_zero_denominator_draws"": 0}","{""ci95"": [0.0, 0.07692307692307693], ""time_blocks"": 3, ""block_width_s"": 30, ""thin_time_coverage"": true, ""discarded_zero_denominator_draws"": 0}","{""60"": {""ci95"": [0.0, 0.06802721088435375], ""time_blocks"": 2, ""block_width_s"": 60, ""thin_time_coverage"": true, ""discarded_zero_denominator_draws"": 0}, ""120"": {""ci95"": null, ""time_blocks"": 1, ""block_width_s"": 120, ""reason"": ""fewer than two occupied time blocks""}}",real OCR correct completion; all terminal events include failures/unsupported; API actuation acknowledgement unavailable,,
/physical_paths/21,Edge,RQ5b,DeepSeek-V4.1-Flash,bursty_repeated_on,bursty_repeated_on/seed_1/DeepSeek-V4.1-Flash,240,180,90,232,3.594577392003254,"{""decision_queue"": {""n"": 240, ""p50_s"": 0.002051062294899708, ""p95_s"": 0.0022330453110626534}, ""decision_slot"": {""n"": 240, ""p50_s"": 1.3041310012340546e-05, ""p95_s"": 3.589536063373088e-05}, ""return_from_arrival"": {""n"": 240, ""p50_s"": 0.0020594787310965756, ""p95_s"": 0.0022761125214163513}, ""service_queue"": {""n"": 180, ""p50_s"": 8.912524208426476e-05, ""p95_s"": 0.05545939649455247}, ""dispatch_to_terminal"": {""n"": 180, ""p50_s"": 0.05936799896880984, ""p95_s"": 0.08705519200302661}, ""all_terminal"": {""n"": 240, ""p50_s"": 0.062323687333496025, ""p95_s"": 0.12910520385638583}, ""correct_service_terminal"": {""n"": 90, ""p50_s"": 0.0714546667211362, ""p95_s"": 0.14438550395608193}}",0.375,0.5,"{""ci95"": [0.33980582524271846, 0.4222222222222222], ""time_blocks"": 3, ""block_width_s"": 30, ""thin_time_coverage"": true, ""discarded_zero_denominator_draws"": 0}","{""ci95"": [0.44871794871794873, 0.5757575757575758], ""time_blocks"": 3, ""block_width_s"": 30, ""thin_time_coverage"": true, ""discarded_zero_denominator_draws"": 0}","{""60"": {""ci95"": [0.48299319727891155, 0.5757575757575758], ""time_blocks"": 2, ""block_width_s"": 60, ""thin_time_coverage"": true, ""discarded_zero_denominator_draws"": 0}, ""120"": {""ci95"": null, ""time_blocks"": 1, ""block_width_s"": 120, ""reason"": ""fewer than two occupied time blocks""}}",real OCR correct completion; all terminal events include failures/unsupported; API actuation acknowledgement unavailable,,
/physical_paths/22,Edge,RQ5b,GLM-5.3-Flash,bursty_repeated_on,bursty_repeated_on/seed_1/GLM-5.3-Flash,240,180,90,232,3.594577392003254,"{""decision_queue"": {""n"": 240, ""p50_s"": 0.0018760838832854176, ""p95_s"": 0.0022739378612072867}, ""decision_slot"": {""n"": 240, ""p50_s"": 2.147909253835678e-05, ""p95_s"": 3.834636881947515e-05}, ""return_from_arrival"": {""n"": 240, ""p50_s"": 0.0019238760054101078, ""p95_s"": 0.0023927280456822668}, ""service_queue"": {""n"": 180, ""p50_s"": 0.00010737590491771698, ""p95_s"": 0.04912490844726562}, ""dispatch_to_terminal"": {""n"": 180, ""p50_s"": 0.06334231235086918, ""p95_s"": 0.08824044619686902}, ""all_terminal"": {""n"": 240, ""p50_s"": 0.06879281368103562, ""p95_s"": 0.14180802348078228}, ""correct_service_terminal"": {""n"": 90, ""p50_s"": 0.0757220634800504, ""p95_s"": 0.14631086935161705}}",0.375,0.5,"{""ci95"": [0.33980582524271846, 0.4222222222222222], ""time_blocks"": 3, ""block_width_s"": 30, ""thin_time_coverage"": true, ""discarded_zero_denominator_draws"": 0}","{""ci95"": [0.44871794871794873, 0.5757575757575758], ""time_blocks"": 3, ""block_width_s"": 30, ""thin_time_coverage"": true, ""discarded_zero_denominator_draws"": 0}","{""60"": {""ci95"": [0.48299319727891155, 0.5757575757575758], ""time_blocks"": 2, ""block_width_s"": 60, ""thin_time_coverage"": true, ""discarded_zero_denominator_draws"": 0}, ""120"": {""ci95"": null, ""time_blocks"": 1, ""block_width_s"": 120, ""reason"": ""fewer than two occupied time blocks""}}",real OCR correct completion; all terminal events include failures/unsupported; API actuation acknowledgement unavailable,,
/physical_paths/23,Edge,RQ5b,Jev-1.13.0,bursty_repeated_on,bursty_repeated_on/seed_1/Jev-1.13.0,240,180,90,232,3.594577392003254,"{""decision_queue"": {""n"": 240, ""p50_s"": 0.0019157089394603588, ""p95_s"": 0.002278112879810656}, ""decision_slot"": {""n"": 240, ""p50_s"": 2.0312145352363586e-05, ""p95_s"": 3.864765167236327e-05}, ""return_from_arrival"": {""n"": 240, ""p50_s"": 0.0020317921758898905, ""p95_s"": 0.002777556416157267}, ""service_queue"": {""n"": 180, ""p50_s"": 0.00010539544746279716, ""p95_s"": 0.04819323983974746}, ""dispatch_to_terminal"": {""n"": 180, ""p50_s"": 0.06220804154872894, ""p95_s"": 0.0898070216178894}, ""all_terminal"": {""n"": 240, ""p50_s"": 0.06593037524413958, ""p95_s"": 0.14117964663551186}, ""correct_service_terminal"": {""n"": 90, ""p50_s"": 0.07574795840680792, ""p95_s"": 0.14437097928359266}}",0.375,0.5,"{""ci95"": [0.33980582524271846, 0.4222222222222222], ""time_blocks"": 3, ""block_width_s"": 30, ""thin_time_coverage"": true, ""discarded_zero_denominator_draws"": 0}","{""ci95"": [0.44871794871794873, 0.5757575757575758], ""time_blocks"": 3, ""block_width_s"": 30, ""thin_time_coverage"": true, ""discarded_zero_denominator_draws"": 0}","{""60"": {""ci95"": [0.48299319727891155, 0.5757575757575758], ""time_blocks"": 2, ""block_width_s"": 60, ""thin_time_coverage"": true, ""discarded_zero_denominator_draws"": 0}, ""120"": {""ci95"": null, ""time_blocks"": 1, ""block_width_s"": 120, ""reason"": ""fewer than two occupied time blocks""}}",real OCR correct completion; all terminal events include failures/unsupported; API actuation acknowledgement unavailable,,
/physical_paths/24,Edge,RQ5b,Laya,bursty_repeated_on,bursty_repeated_on/seed_1/Laya,240,180,42,232,3.594577392003254,"{""decision_queue"": {""n"": 240, ""p50_s"": 0.002099437668442228, ""p95_s"": 0.0023877570054419367}, ""decision_slot"": {""n"": 240, ""p50_s"": 2.258317545056343e-05, ""p95_s"": 4.170248284935943e-05}, ""return_from_arrival"": {""n"": 240, ""p50_s"": 0.0021226668128075943, ""p95_s"": 0.003928514749998123}, ""service_queue"": {""n"": 90, ""p50_s"": 0.00010729208588600159, ""p95_s"": 0.030263550113886584}, ""dispatch_to_terminal"": {""n"": 90, ""p50_s"": 0.08121258346363902, ""p95_s"": 0.10092549850232899}, ""all_terminal"": {""n"": 240, ""p50_s"": 0.0023068128131633614, ""p95_s"": 0.10454394854062873}, ""correct_service_terminal"": {""n"": 42, ""p50_s"": 0.08479883336529248, ""p95_s"": 0.10429551523141924}}",0.175,0.23333333333333334,"{""ci95"": [0.13592233009708737, 0.26666666666666666], ""time_blocks"": 3, ""block_width_s"": 30, ""thin_time_coverage"": true, ""discarded_zero_denominator_draws"": 0}","{""ci95"": [0.1794871794871795, 0.36363636363636365], ""time_blocks"": 3, ""block_width_s"": 30, ""thin_time_coverage"": true, ""discarded_zero_denominator_draws"": 0}","{""60"": {""ci95"": [0.20408163265306123, 0.36363636363636365], ""time_blocks"": 2, ""block_width_s"": 60, ""thin_time_coverage"": true, ""discarded_zero_denominator_draws"": 0}, ""120"": {""ci95"": null, ""time_blocks"": 1, ""block_width_s"": 120, ""reason"": ""fewer than two occupied time blocks""}}",real OCR correct completion; all terminal events include failures/unsupported; API actuation acknowledgement unavailable,,
/physical_paths/25,Edge,RQ5b,Qwen3.5-4B-JSON,bursty_repeated_on,bursty_repeated_on/seed_1/Qwen3.5-4B-JSON,240,180,90,232,3.594577392003254,"{""decision_queue"": {""n"": 240, ""p50_s"": 0.0018139370492704643, ""p95_s"": 0.002265268739731141}, ""decision_slot"": {""n"": 240, ""p50_s"": 2.1353829652071e-05, ""p95_s"": 4.724953323602642e-05}, ""return_from_arrival"": {""n"": 240, ""p50_s"": 0.0019349789406053475, ""p95_s"": 0.0023484203856373384}, ""service_queue"": {""n"": 180, ""p50_s"": 0.00011206232011318207, ""p95_s"": 0.053353774501010746}, ""dispatch_to_terminal"": {""n"": 180, ""p50_s"": 0.06391837447881699, ""p95_s"": 0.09015671662054954}, ""all_terminal"": {""n"": 240, ""p50_s"": 0.06985618761807544, ""p95_s"": 0.14360583735638294}, ""correct_service_terminal"": {""n"": 90, ""p50_s"": 0.07715985405597436, ""p95_s"": 0.15022973723582084}}",0.375,0.5,"{""ci95"": [0.33980582524271846, 0.4222222222222222], ""time_blocks"": 3, ""block_width_s"": 30, ""thin_time_coverage"": true, ""discarded_zero_denominator_draws"": 0}","{""ci95"": [0.44871794871794873, 0.5757575757575758], ""time_blocks"": 3, ""block_width_s"": 30, ""thin_time_coverage"": true, ""discarded_zero_denominator_draws"": 0}","{""60"": {""ci95"": [0.48299319727891155, 0.5757575757575758], ""time_blocks"": 2, ""block_width_s"": 60, ""thin_time_coverage"": true, ""discarded_zero_denominator_draws"": 0}, ""120"": {""ci95"": null, ""time_blocks"": 1, ""block_width_s"": 120, ""reason"": ""fewer than two occupied time blocks""}}",real OCR correct completion; all terminal events include failures/unsupported; API actuation acknowledgement unavailable,,
/physical_paths/26,Edge,RQ5b,Qwen3.8-Flash,bursty_repeated_on,bursty_repeated_on/seed_1/Qwen3.8-Flash,240,180,90,232,3.594577392003254,"{""decision_queue"": {""n"": 240, ""p50_s"": 0.0020503330369283645, ""p95_s"": 0.002230449621185926}, ""decision_slot"": {""n"": 240, ""p50_s"": 6.3749030232429504e-06, ""p95_s"": 3.6235060542821876e-05}, ""return_from_arrival"": {""n"": 240, ""p50_s"": 0.002056165622590811, ""p95_s"": 0.0022746904480897}, ""service_queue"": {""n"": 179, ""p50_s"": 2.8874725103378296e-05, ""p95_s"": 0.04457080326974388}, ""dispatch_to_terminal"": {""n"": 179, ""p50_s"": 0.057232500053942204, ""p95_s"": 0.08480950817465782}, ""all_terminal"": {""n"": 240, ""p50_s"": 0.059041874302685926, ""p95_s"": 0.12132664955540251}, ""correct_service_terminal"": {""n"": 90, ""p50_s"": 0.06152812452039491, ""p95_s"": 0.1292859741737718}}",0.375,0.5,"{""ci95"": [0.33980582524271846, 0.4222222222222222], ""time_blocks"": 3, ""block_width_s"": 30, ""thin_time_coverage"": true, ""discarded_zero_denominator_draws"": 0}","{""ci95"": [0.44871794871794873, 0.5757575757575758], ""time_blocks"": 3, ""block_width_s"": 30, ""thin_time_coverage"": true, ""discarded_zero_denominator_draws"": 0}","{""60"": {""ci95"": [0.48299319727891155, 0.5757575757575758], ""time_blocks"": 2, ""block_width_s"": 60, ""thin_time_coverage"": true, ""discarded_zero_denominator_draws"": 0}, ""120"": {""ci95"": null, ""time_blocks"": 1, ""block_width_s"": 120, ""reason"": ""fewer than two occupied time blocks""}}",real OCR correct completion; all terminal events include failures/unsupported; API actuation acknowledgement unavailable,,
/physical_paths/27,Edge,RQ5b,SemIf-Qwen3.5-4B,bursty_repeated_on,bursty_repeated_on/seed_1/SemIf-Qwen3.5-4B,240,180,90,232,3.594577392003254,"{""decision_queue"": {""n"": 240, ""p50_s"": 0.0019217499773205304, ""p95_s"": 0.002374552251813089}, ""decision_slot"": {""n"": 240, ""p50_s"": 1.7791520804166794e-05, ""p95_s"": 3.5574473440647114e-05}, ""return_from_arrival"": {""n"": 240, ""p50_s"": 0.0020603533368106497, ""p95_s"": 0.0034552956842970736}, ""service_queue"": {""n"": 180, ""p50_s"": 0.0001008128747344017, ""p95_s"": 0.053861468425020556}, ""dispatch_to_terminal"": {""n"": 180, ""p50_s"": 0.061515520326793194, ""p95_s"": 0.08824315951205787}, ""all_terminal"": {""n"": 240, ""p50_s"": 0.0680233125939651, ""p95_s"": 0.13876917286784377}, ""correct_service_terminal"": {""n"": 90, ""p50_s"": 0.07416108303257474, ""p95_s"": 0.15941107052250852}}",0.375,0.5,"{""ci95"": [0.33980582524271846, 0.4222222222222222], ""time_blocks"": 3, ""block_width_s"": 30, ""thin_time_coverage"": true, ""discarded_zero_denominator_draws"": 0}","{""ci95"": [0.44871794871794873, 0.5757575757575758], ""time_blocks"": 3, ""block_width_s"": 30, ""thin_time_coverage"": true, ""discarded_zero_denominator_draws"": 0}","{""60"": {""ci95"": [0.48299319727891155, 0.5757575757575758], ""time_blocks"": 2, ""block_width_s"": 60, ""thin_time_coverage"": true, ""discarded_zero_denominator_draws"": 0}, ""120"": {""ci95"": null, ""time_blocks"": 1, ""block_width_s"": 120, ""reason"": ""fewer than two occupied time blocks""}}",real OCR correct completion; all terminal events include failures/unsupported; API actuation acknowledgement unavailable,,
/physical_paths/28,Edge,RQ5b,DeepSeek-V4.1-Flash,steady_changing_off,steady_changing_off/seed_1/DeepSeek-V4.1-Flash,240,180,74,0,2.026499353453436,"{""decision_queue"": {""n"": 213, ""p50_s"": 0.002074624914286005, ""p95_s"": 0.08335273252541359}, ""decision_slot"": {""n"": 213, ""p50_s"": 0.41726400051265955, ""p95_s"": 2.169931816495952}, ""return_from_arrival"": {""n"": 213, ""p50_s"": 0.4303326250221744, ""p95_s"": 2.2935440654397214}, ""service_queue"": {""n"": 149, ""p50_s"": 2.841651439666748e-05, ""p95_s"": 0.04715029951184986}, ""dispatch_to_terminal"": {""n"": 149, ""p50_s"": 0.06151929125189781, ""p95_s"": 0.0863196663558483}, ""all_terminal"": {""n"": 240, ""p50_s"": 0.5119438745154135, ""p95_s"": 2.125591940957732}, ""correct_service_terminal"": {""n"": 74, ""p50_s"": 0.4756119575724611, ""p95_s"": 1.0677352828583477}}",0.30833333333333335,0.4111111111111111,"{""ci95"": [0.24, 0.3805309734513274], ""time_blocks"": 4, ""block_width_s"": 30, ""thin_time_coverage"": true, ""discarded_zero_denominator_draws"": 0}","{""ci95"": [0.32142857142857145, 0.5058823529411764], ""time_blocks"": 4, ""block_width_s"": 30, ""thin_time_coverage"": true, ""discarded_zero_denominator_draws"": 0}","{""60"": {""ci95"": [0.4074074074074074, 0.41414141414141414], ""time_blocks"": 2, ""block_width_s"": 60, ""thin_time_coverage"": true, ""discarded_zero_denominator_draws"": 0}, ""120"": {""ci95"": null, ""time_blocks"": 1, ""block_width_s"": 120, ""reason"": ""fewer than two occupied time blocks""}}",real OCR correct completion; all terminal events include failures/unsupported; API actuation acknowledgement unavailable,,
/physical_paths/29,Edge,RQ5b,GLM-5.3-Flash,steady_changing_off,steady_changing_off/seed_1/GLM-5.3-Flash,240,180,81,0,2.026499353453436,"{""decision_queue"": {""n"": 238, ""p50_s"": 0.002075250262855377, ""p95_s"": 0.6434958608317349}, ""decision_slot"": {""n"": 238, ""p50_s"": 0.6388504994101822, ""p95_s"": 1.1494737088680242}, ""return_from_arrival"": {""n"": 238, ""p50_s"": 0.6532334167354108, ""p95_s"": 2.306843237316405}, ""service_queue"": {""n"": 163, ""p50_s"": 3.1334348022937775e-05, ""p95_s"": 0.024913295824080705}, ""dispatch_to_terminal"": {""n"": 163, ""p50_s"": 0.06388883292675018, ""p95_s"": 0.08834181670099497}, ""all_terminal"": {""n"": 240, ""p50_s"": 0.714310729609996, ""p95_s"": 2.3029641317289467}, ""correct_service_terminal"": {""n"": 81, ""p50_s"": 0.7121199163617504, ""p95_s"": 1.0502575413460136}}",0.3375,0.45,"{""ci95"": [0.2755905511811024, 0.40707964601769914], ""time_blocks"": 4, ""block_width_s"": 30, ""thin_time_coverage"": true, ""discarded_zero_denominator_draws"": 0}","{""ci95"": [0.3684210526315789, 0.5411764705882353], ""time_blocks"": 4, ""block_width_s"": 30, ""thin_time_coverage"": true, ""discarded_zero_denominator_draws"": 0}","{""60"": {""ci95"": [0.4444444444444444, 0.45454545454545453], ""time_blocks"": 2, ""block_width_s"": 60, ""thin_time_coverage"": true, ""discarded_zero_denominator_draws"": 0}, ""120"": {""ci95"": null, ""time_blocks"": 1, ""block_width_s"": 120, ""reason"": ""fewer than two occupied time blocks""}}",real OCR correct completion; all terminal events include failures/unsupported; API actuation acknowledgement unavailable,,
/physical_paths/30,Edge,RQ5b,Jev-1.13.0,steady_changing_off,steady_changing_off/seed_1/Jev-1.13.0,240,180,92,0,2.026499353453436,"{""decision_queue"": {""n"": 240, ""p50_s"": 0.002066749941832313, ""p95_s"": 0.002219834939417375}, ""decision_slot"": {""n"": 240, ""p50_s"": 0.2679947083815932, ""p95_s"": 0.3580352579243481}, ""return_from_arrival"": {""n"": 240, ""p50_s"": 0.26973427113649073, ""p95_s"": 0.3607224359859912}, ""service_queue"": {""n"": 180, ""p50_s"": 2.895807847380638e-05, ""p95_s"": 0.021795943751931165}, ""dispatch_to_terminal"": {""n"": 180, ""p50_s"": 0.06221935385838151, ""p95_s"": 0.08316432288847862}, ""all_terminal"": {""n"": 240, ""p50_s"": 0.3297014166366168, ""p95_s"": 0.43643084149291866}, ""correct_service_terminal"": {""n"": 92, ""p50_s"": 0.3402100625272695, ""p95_s"": 0.4210571476976598}}",0.38333333333333336,0.5111111111111111,"{""ci95"": [0.3466666666666667, 0.40707964601769914], ""time_blocks"": 4, ""block_width_s"": 30, ""thin_time_coverage"": true, ""discarded_zero_denominator_draws"": 0}","{""ci95"": [0.4642857142857143, 0.5411764705882353], ""time_blocks"": 4, ""block_width_s"": 30, ""thin_time_coverage"": true, ""discarded_zero_denominator_draws"": 0}","{""60"": {""ci95"": [0.49382716049382713, 0.5252525252525253], ""time_blocks"": 2, ""block_width_s"": 60, ""thin_time_coverage"": true, ""discarded_zero_denominator_draws"": 0}, ""120"": {""ci95"": null, ""time_blocks"": 1, ""block_width_s"": 120, ""reason"": ""fewer than two occupied time blocks""}}",real OCR correct completion; all terminal events include failures/unsupported; API actuation acknowledgement unavailable,,
/physical_paths/31,Edge,RQ5b,Laya,steady_changing_off,steady_changing_off/seed_1/Laya,240,180,46,0,2.026499353453436,"{""decision_queue"": {""n"": 240, ""p50_s"": 0.0020801249766932983, ""p95_s"": 0.0023696944176045064}, ""decision_slot"": {""n"": 240, ""p50_s"": 0.09773562476038933, ""p95_s"": 0.168612892832607}, ""return_from_arrival"": {""n"": 240, ""p50_s"": 0.09977639578432118, ""p95_s"": 0.1706960995623312}, ""service_queue"": {""n"": 109, ""p50_s"": 4.0374696254730225e-05, ""p95_s"": 0.01618031691759823}, ""dispatch_to_terminal"": {""n"": 109, ""p50_s"": 0.07903337478637695, ""p95_s"": 0.09674394186586141}, ""all_terminal"": {""n"": 240, ""p50_s"": 0.13493410366275782, ""p95_s"": 0.23345532437574476}, ""correct_service_terminal"": {""n"": 46, ""p50_s"": 0.17753902088302098, ""p95_s"": 0.23258353108795277}}",0.19166666666666668,0.25555555555555554,"{""ci95"": [0.1630901287553648, 0.21296296296296297], ""time_blocks"": 4, ""block_width_s"": 30, ""thin_time_coverage"": true, ""discarded_zero_denominator_draws"": 0}","{""ci95"": [0.21714285714285714, 0.2839506172839506], ""time_blocks"": 4, ""block_width_s"": 30, ""thin_time_coverage"": true, ""discarded_zero_denominator_draws"": 0}","{""60"": {""ci95"": [0.23232323232323232, 0.2839506172839506], ""time_blocks"": 2, ""block_width_s"": 60, ""thin_time_coverage"": true, ""discarded_zero_denominator_draws"": 0}, ""120"": {""ci95"": null, ""time_blocks"": 1, ""block_width_s"": 120, ""reason"": ""fewer than two occupied time blocks""}}",real OCR correct completion; all terminal events include failures/unsupported; API actuation acknowledgement unavailable,,
/physical_paths/32,Edge,RQ5b,Qwen3.5-4B-JSON,steady_changing_off,steady_changing_off/seed_1/Qwen3.5-4B-JSON,240,180,2,0,2.026499353453436,"{""decision_queue"": {""n"": 140, ""p50_s"": 1.5618046256054683, ""p95_s"": 1.9586755545284666}, ""decision_slot"": {""n"": 140, ""p50_s"": 3.382832333445549, ""p95_s"": 4.379826606204731}, ""return_from_arrival"": {""n"": 140, ""p50_s"": 4.919412437838913, ""p95_s"": 6.20423307197746}, ""service_queue"": {""n"": 6, ""p50_s"": 3.3978838473558426e-05, ""p95_s"": 4.0822429582476616e-05}, ""dispatch_to_terminal"": {""n"": 6, ""p50_s"": 0.07286868756636977, ""p95_s"": 0.10116795892827213}, ""all_terminal"": {""n"": 240, ""p50_s"": 3.8886886466380064, ""p95_s"": 5.743059947973355}, ""correct_service_terminal"": {""n"": 2, ""p50_s"": 1.031932896661997, ""p95_s"": 1.1535864027635634}}",0.008333333333333333,0.011111111111111112,"{""ci95"": [0.0, 0.0273972602739726], ""time_blocks"": 4, ""block_width_s"": 30, ""thin_time_coverage"": true, ""discarded_zero_denominator_draws"": 0}","{""ci95"": [0.0, 0.03636363636363636], ""time_blocks"": 4, ""block_width_s"": 30, ""thin_time_coverage"": true, ""discarded_zero_denominator_draws"": 0}","{""60"": {""ci95"": [0.0, 0.024691358024691357], ""time_blocks"": 2, ""block_width_s"": 60, ""thin_time_coverage"": true, ""discarded_zero_denominator_draws"": 0}, ""120"": {""ci95"": null, ""time_blocks"": 1, ""block_width_s"": 120, ""reason"": ""fewer than two occupied time blocks""}}",real OCR correct completion; all terminal events include failures/unsupported; API actuation acknowledgement unavailable,,
/physical_paths/33,Edge,RQ5b,Qwen3.8-Flash,steady_changing_off,steady_changing_off/seed_1/Qwen3.8-Flash,240,180,57,0,2.026499353453436,"{""decision_queue"": {""n"": 234, ""p50_s"": 0.0023247708713718396, ""p95_s"": 1.4876459479436852}, ""decision_slot"": {""n"": 234, ""p50_s"": 1.3229609788395464, ""p95_s"": 2.304334641667083}, ""return_from_arrival"": {""n"": 234, ""p50_s"": 1.477333187731296, ""p95_s"": 3.275394369262122}, ""service_queue"": {""n"": 125, ""p50_s"": 8.858274668455124e-05, ""p95_s"": 0.00026169177144765824}, ""dispatch_to_terminal"": {""n"": 125, ""p50_s"": 0.08202208299189806, ""p95_s"": 0.10389653258025645}, ""all_terminal"": {""n"": 240, ""p50_s"": 1.559029812540234, ""p95_s"": 3.271975150102227}, ""correct_service_terminal"": {""n"": 57, ""p50_s"": 1.388903249462075, ""p95_s"": 1.8390522338786837}}",0.2375,0.31666666666666665,"{""ci95"": [0.10408921933085502, 0.34513274336283184], ""time_blocks"": 4, ""block_width_s"": 30, ""thin_time_coverage"": true, ""discarded_zero_denominator_draws"": 0}","{""ci95"": [0.13861386138613863, 0.4588235294117647], ""time_blocks"": 4, ""block_width_s"": 30, ""thin_time_coverage"": true, ""discarded_zero_denominator_draws"": 0}","{""60"": {""ci95"": [0.23232323232323232, 0.41975308641975306], ""time_blocks"": 2, ""block_width_s"": 60, ""thin_time_coverage"": true, ""discarded_zero_denominator_draws"": 0}, ""120"": {""ci95"": null, ""time_blocks"": 1, ""block_width_s"": 120, ""reason"": ""fewer than two occupied time blocks""}}",real OCR correct completion; all terminal events include failures/unsupported; API actuation acknowledgement unavailable,,
/physical_paths/34,Edge,RQ5b,SemIf-Qwen3.5-4B,steady_changing_off,steady_changing_off/seed_1/SemIf-Qwen3.5-4B,240,180,27,0,2.026499353453436,"{""decision_queue"": {""n"": 215, ""p50_s"": 0.48530129214810813, ""p95_s"": 1.8153407372443806}, ""decision_slot"": {""n"": 215, ""p50_s"": 2.1835607504472136, ""p95_s"": 2.2949239376932384}, ""return_from_arrival"": {""n"": 215, ""p50_s"": 2.7074373340677056, ""p95_s"": 4.062538916747239}, ""service_queue"": {""n"": 58, ""p50_s"": 2.947961911559105e-05, ""p95_s"": 8.206302300095557e-05}, ""dispatch_to_terminal"": {""n"": 58, ""p50_s"": 0.0705192293971777, ""p95_s"": 0.09224208458326756}, ""all_terminal"": {""n"": 240, ""p50_s"": 2.512709562348217, ""p95_s"": 4.0603955250602795}, ""correct_service_terminal"": {""n"": 27, ""p50_s"": 1.078507374443472, ""p95_s"": 1.6758827920023756}}",0.1125,0.15,"{""ci95"": [0.030303030303030304, 0.21296296296296297], ""time_blocks"": 4, ""block_width_s"": 30, ""thin_time_coverage"": true, ""discarded_zero_denominator_draws"": 0}","{""ci95"": [0.04040404040404041, 0.2839506172839506], ""time_blocks"": 4, ""block_width_s"": 30, ""thin_time_coverage"": true, ""discarded_zero_denominator_draws"": 0}","{""60"": {""ci95"": [0.04040404040404041, 0.2839506172839506], ""time_blocks"": 2, ""block_width_s"": 60, ""thin_time_coverage"": true, ""discarded_zero_denominator_draws"": 0}, ""120"": {""ci95"": null, ""time_blocks"": 1, ""block_width_s"": 120, ""reason"": ""fewer than two occupied time blocks""}}",real OCR correct completion; all terminal events include failures/unsupported; API actuation acknowledgement unavailable,,
/physical_paths/35,Edge,RQ5b,DeepSeek-V4.1-Flash,steady_changing_on,steady_changing_on/seed_1/DeepSeek-V4.1-Flash,240,180,91,0,2.026499353453436,"{""decision_queue"": {""n"": 240, ""p50_s"": 0.0020821040447636108, ""p95_s"": 0.002295506769906552}, ""decision_slot"": {""n"": 240, ""p50_s"": 0.4134550839662552, ""p95_s"": 0.7202529138885433}, ""return_from_arrival"": {""n"": 240, ""p50_s"": 0.4179620201876766, ""p95_s"": 0.7537198582867318}, ""service_queue"": {""n"": 180, ""p50_s"": 2.8687994927167892e-05, ""p95_s"": 0.038841981161385666}, ""dispatch_to_terminal"": {""n"": 180, ""p50_s"": 0.06304127117618918, ""p95_s"": 0.08698511780239641}, ""all_terminal"": {""n"": 240, ""p50_s"": 0.4774050618160359, ""p95_s"": 0.7966518107332481}, ""correct_service_terminal"": {""n"": 91, ""p50_s"": 0.4801666248927745, ""p95_s"": 0.694122375257967}}",0.37916666666666665,0.5055555555555555,"{""ci95"": [0.3466666666666667, 0.40707964601769914], ""time_blocks"": 4, ""block_width_s"": 30, ""thin_time_coverage"": true, ""discarded_zero_denominator_draws"": 0}","{""ci95"": [0.4642857142857143, 0.5411764705882353], ""time_blocks"": 4, ""block_width_s"": 30, ""thin_time_coverage"": true, ""discarded_zero_denominator_draws"": 0}","{""60"": {""ci95"": [0.49382716049382713, 0.5151515151515151], ""time_blocks"": 2, ""block_width_s"": 60, ""thin_time_coverage"": true, ""discarded_zero_denominator_draws"": 0}, ""120"": {""ci95"": null, ""time_blocks"": 1, ""block_width_s"": 120, ""reason"": ""fewer than two occupied time blocks""}}",real OCR correct completion; all terminal events include failures/unsupported; API actuation acknowledgement unavailable,,
/physical_paths/36,Edge,RQ5b,GLM-5.3-Flash,steady_changing_on,steady_changing_on/seed_1/GLM-5.3-Flash,240,180,81,0,2.026499353453436,"{""decision_queue"": {""n"": 240, ""p50_s"": 0.002083479030222435, ""p95_s"": 1.0124974691180844}, ""decision_slot"": {""n"": 240, ""p50_s"": 0.6755739999935031, ""p95_s"": 2.4264870539773242}, ""return_from_arrival"": {""n"": 240, ""p50_s"": 0.6984945827704931, ""p95_s"": 2.73084032948904}, ""service_queue"": {""n"": 163, ""p50_s"": 3.6874786019325256e-05, ""p95_s"": 0.030807666666805813}, ""dispatch_to_terminal"": {""n"": 163, ""p50_s"": 0.06605529133230448, ""p95_s"": 0.09141538329422474}, ""all_terminal"": {""n"": 240, ""p50_s"": 0.760256541929337, ""p95_s"": 2.7308824917192784}, ""correct_service_terminal"": {""n"": 81, ""p50_s"": 0.7522794997717739, ""p95_s"": 1.5698057921361936}}",0.3375,0.45,"{""ci95"": [0.30638297872340425, 0.3852813852813853], ""time_blocks"": 4, ""block_width_s"": 30, ""thin_time_coverage"": true, ""discarded_zero_denominator_draws"": 0}","{""ci95"": [0.4090909090909091, 0.5114942528735632], ""time_blocks"": 4, ""block_width_s"": 30, ""thin_time_coverage"": true, ""discarded_zero_denominator_draws"": 0}","{""60"": {""ci95"": [0.41414141414141414, 0.49382716049382713], ""time_blocks"": 2, ""block_width_s"": 60, ""thin_time_coverage"": true, ""discarded_zero_denominator_draws"": 0}, ""120"": {""ci95"": null, ""time_blocks"": 1, ""block_width_s"": 120, ""reason"": ""fewer than two occupied time blocks""}}",real OCR correct completion; all terminal events include failures/unsupported; API actuation acknowledgement unavailable,,
/physical_paths/37,Edge,RQ5b,Jev-1.13.0,steady_changing_on,steady_changing_on/seed_1/Jev-1.13.0,240,180,92,0,2.026499353453436,"{""decision_queue"": {""n"": 240, ""p50_s"": 0.0020751874833715434, ""p95_s"": 0.002219544303556553}, ""decision_slot"": {""n"": 240, ""p50_s"": 0.26698720874264836, ""p95_s"": 0.35375505657866585}, ""return_from_arrival"": {""n"": 240, ""p50_s"": 0.26936020852518183, ""p95_s"": 0.36048132019158563}, ""service_queue"": {""n"": 180, ""p50_s"": 2.9542017728090286e-05, ""p95_s"": 0.03259636419825235}, ""dispatch_to_terminal"": {""n"": 180, ""p50_s"": 0.06286329217255116, ""p95_s"": 0.08294535367749631}, ""all_terminal"": {""n"": 240, ""p50_s"": 0.32197483308347863, ""p95_s"": 0.4401244664088583}, ""correct_service_terminal"": {""n"": 92, ""p50_s"": 0.33763381278264504, ""p95_s"": 0.4761832938674328}}",0.38333333333333336,0.5111111111111111,"{""ci95"": [0.3466666666666667, 0.40707964601769914], ""time_blocks"": 4, ""block_width_s"": 30, ""thin_time_coverage"": true, ""discarded_zero_denominator_draws"": 0}","{""ci95"": [0.4642857142857143, 0.5411764705882353], ""time_blocks"": 4, ""block_width_s"": 30, ""thin_time_coverage"": true, ""discarded_zero_denominator_draws"": 0}","{""60"": {""ci95"": [0.49382716049382713, 0.5252525252525253], ""time_blocks"": 2, ""block_width_s"": 60, ""thin_time_coverage"": true, ""discarded_zero_denominator_draws"": 0}, ""120"": {""ci95"": null, ""time_blocks"": 1, ""block_width_s"": 120, ""reason"": ""fewer than two occupied time blocks""}}",real OCR correct completion; all terminal events include failures/unsupported; API actuation acknowledgement unavailable,,
/physical_paths/38,Edge,RQ5b,Laya,steady_changing_on,steady_changing_on/seed_1/Laya,240,180,46,0,2.026499353453436,"{""decision_queue"": {""n"": 240, ""p50_s"": 0.002142541118857366, ""p95_s"": 0.002423479039102272}, ""decision_slot"": {""n"": 240, ""p50_s"": 0.0964776249602437, ""p95_s"": 0.1600811893586069}, ""return_from_arrival"": {""n"": 240, ""p50_s"": 0.09848006221905337, ""p95_s"": 0.16184166161019248}, ""service_queue"": {""n"": 109, ""p50_s"": 4.929210990667343e-05, ""p95_s"": 0.01671897526830434}, ""dispatch_to_terminal"": {""n"": 109, ""p50_s"": 0.08222316578030586, ""p95_s"": 0.09705954976379871}, ""all_terminal"": {""n"": 240, ""p50_s"": 0.13559516633063495, ""p95_s"": 0.22189970379237844}, ""correct_service_terminal"": {""n"": 46, ""p50_s"": 0.1791897080927809, ""p95_s"": 0.22275715596696344}}",0.19166666666666668,0.25555555555555554,"{""ci95"": [0.1630901287553648, 0.21296296296296297], ""time_blocks"": 4, ""block_width_s"": 30, ""thin_time_coverage"": true, ""discarded_zero_denominator_draws"": 0}","{""ci95"": [0.21714285714285714, 0.2839506172839506], ""time_blocks"": 4, ""block_width_s"": 30, ""thin_time_coverage"": true, ""discarded_zero_denominator_draws"": 0}","{""60"": {""ci95"": [0.23232323232323232, 0.2839506172839506], ""time_blocks"": 2, ""block_width_s"": 60, ""thin_time_coverage"": true, ""discarded_zero_denominator_draws"": 0}, ""120"": {""ci95"": null, ""time_blocks"": 1, ""block_width_s"": 120, ""reason"": ""fewer than two occupied time blocks""}}",real OCR correct completion; all terminal events include failures/unsupported; API actuation acknowledgement unavailable,,
/physical_paths/39,Edge,RQ5b,Qwen3.5-4B-JSON,steady_changing_on,steady_changing_on/seed_1/Qwen3.5-4B-JSON,240,180,2,0,2.026499353453436,"{""decision_queue"": {""n"": 76, ""p50_s"": 1.4800477087468202, ""p95_s"": 1.9796936769602596}, ""decision_slot"": {""n"": 76, ""p50_s"": 6.548609062097967, ""p95_s"": 7.889899791916832}, ""return_from_arrival"": {""n"": 76, ""p50_s"": 8.126619937469897, ""p95_s"": 9.689140792494381}, ""service_queue"": {""n"": 3, ""p50_s"": 3.3750198781490326e-05, ""p95_s"": 3.881203010678291e-05}, ""dispatch_to_terminal"": {""n"": 3, ""p50_s"": 0.07779737561941147, ""p95_s"": 0.10132048781961202}, ""all_terminal"": {""n"": 240, ""p50_s"": 2.002147375779, ""p95_s"": 9.111747604713678}, ""correct_service_terminal"": {""n"": 2, ""p50_s"": 1.1037916673416794, ""p95_s"": 1.1962182176252336}}",0.008333333333333333,0.011111111111111112,"{""ci95"": [0.0, 0.0273972602739726], ""time_blocks"": 4, ""block_width_s"": 30, ""thin_time_coverage"": true, ""discarded_zero_denominator_draws"": 0}","{""ci95"": [0.0, 0.03636363636363636], ""time_blocks"": 4, ""block_width_s"": 30, ""thin_time_coverage"": true, ""discarded_zero_denominator_draws"": 0}","{""60"": {""ci95"": [0.0, 0.024691358024691357], ""time_blocks"": 2, ""block_width_s"": 60, ""thin_time_coverage"": true, ""discarded_zero_denominator_draws"": 0}, ""120"": {""ci95"": null, ""time_blocks"": 1, ""block_width_s"": 120, ""reason"": ""fewer than two occupied time blocks""}}",real OCR correct completion; all terminal events include failures/unsupported; API actuation acknowledgement unavailable,,
/physical_paths/40,Edge,RQ5b,Qwen3.8-Flash,steady_changing_on,steady_changing_on/seed_1/Qwen3.8-Flash,240,180,50,0,2.026499353453436,"{""decision_queue"": {""n"": 237, ""p50_s"": 0.0023474573887583006, ""p95_s"": 1.454255316642758}, ""decision_slot"": {""n"": 237, ""p50_s"": 1.4190707495436072, ""p95_s"": 2.5616183500736946}, ""return_from_arrival"": {""n"": 237, ""p50_s"": 1.7154060830222306, ""p95_s"": 3.3258823325748574}, ""service_queue"": {""n"": 109, ""p50_s"": 4.516728222370148e-05, ""p95_s"": 0.0001753335818648337}, ""dispatch_to_terminal"": {""n"": 109, ""p50_s"": 0.07322091609239578, ""p95_s"": 0.09340172465890646}, ""all_terminal"": {""n"": 240, ""p50_s"": 1.7789703954701395, ""p95_s"": 3.3214688446223493}, ""correct_service_terminal"": {""n"": 50, ""p50_s"": 1.541223790983409, ""p95_s"": 1.9525744655058703}}",0.20833333333333334,0.2777777777777778,"{""ci95"": [0.13284132841328414, 0.28703703703703703], ""time_blocks"": 4, ""block_width_s"": 30, ""thin_time_coverage"": true, ""discarded_zero_denominator_draws"": 0}","{""ci95"": [0.17733990147783252, 0.38271604938271603], ""time_blocks"": 4, ""block_width_s"": 30, ""thin_time_coverage"": true, ""discarded_zero_denominator_draws"": 0}","{""60"": {""ci95"": [0.1919191919191919, 0.38271604938271603], ""time_blocks"": 2, ""block_width_s"": 60, ""thin_time_coverage"": true, ""discarded_zero_denominator_draws"": 0}, ""120"": {""ci95"": null, ""time_blocks"": 1, ""block_width_s"": 120, ""reason"": ""fewer than two occupied time blocks""}}",real OCR correct completion; all terminal events include failures/unsupported; API actuation acknowledgement unavailable,,
/physical_paths/41,Edge,RQ5b,SemIf-Qwen3.5-4B,steady_changing_on,steady_changing_on/seed_1/SemIf-Qwen3.5-4B,240,180,7,0,2.026499353453436,"{""decision_queue"": {""n"": 150, ""p50_s"": 1.2333087911495575, ""p95_s"": 1.9146537519127922}, ""decision_slot"": {""n"": 150, ""p50_s"": 3.2150892703793943, ""p95_s"": 4.736597918672485}, ""return_from_arrival"": {""n"": 150, ""p50_s"": 4.539476124501526, ""p95_s"": 6.301244758118202}, ""service_queue"": {""n"": 15, ""p50_s"": 2.933293581008911e-05, ""p95_s"": 6.925035268068311e-05}, ""dispatch_to_terminal"": {""n"": 15, ""p50_s"": 0.06946375034749508, ""p95_s"": 0.09305189577862619}, ""all_terminal"": {""n"": 240, ""p50_s"": 2.651653665587604, ""p95_s"": 5.807723393550934}, ""correct_service_terminal"": {""n"": 7, ""p50_s"": 0.698774666395247, ""p95_s"": 1.7228812535056703}}",0.029166666666666667,0.03888888888888889,"{""ci95"": [0.0, 0.0958904109589041], ""time_blocks"": 4, ""block_width_s"": 30, ""thin_time_coverage"": true, ""discarded_zero_denominator_draws"": 0}","{""ci95"": [0.0, 0.12727272727272726], ""time_blocks"": 4, ""block_width_s"": 30, ""thin_time_coverage"": true, ""discarded_zero_denominator_draws"": 0}","{""60"": {""ci95"": [0.0, 0.08641975308641975], ""time_blocks"": 2, ""block_width_s"": 60, ""thin_time_coverage"": true, ""discarded_zero_denominator_draws"": 0}, ""120"": {""ci95"": null, ""time_blocks"": 1, ""block_width_s"": 120, ""reason"": ""fewer than two occupied time blocks""}}",real OCR correct completion; all terminal events include failures/unsupported; API actuation acknowledgement unavailable,,
/physical_paths/42,Edge,RQ5b,DeepSeek-V4.1-Flash,steady_repeated_off,steady_repeated_off/seed_1/DeepSeek-V4.1-Flash,240,180,89,0,2.048188317872554,"{""decision_queue"": {""n"": 240, ""p50_s"": 0.0020676048427219484, ""p95_s"": 0.002352664908929824}, ""decision_slot"": {""n"": 240, ""p50_s"": 0.42290516663342714, ""p95_s"": 1.0577831397764377}, ""return_from_arrival"": {""n"": 240, ""p50_s"": 0.42813618850708224, ""p95_s"": 1.0645698771682823}, ""service_queue"": {""n"": 178, ""p50_s"": 3.854231908917427e-05, ""p95_s"": 0.05986697901971639}, ""dispatch_to_terminal"": {""n"": 178, ""p50_s"": 0.062087082769721746, ""p95_s"": 0.08513447511941195}, ""all_terminal"": {""n"": 240, ""p50_s"": 0.4792998125900638, ""p95_s"": 1.1095099944747149}, ""correct_service_terminal"": {""n"": 89, ""p50_s"": 0.4845642090354545, ""p95_s"": 0.7642879669768945}}",0.37083333333333335,0.49444444444444446,"{""ci95"": [0.304, 0.4434782608695652], ""time_blocks"": 4, ""block_width_s"": 30, ""thin_time_coverage"": true, ""discarded_zero_denominator_draws"": 0}","{""ci95"": [0.40425531914893614, 0.5930232558139535], ""time_blocks"": 4, ""block_width_s"": 30, ""thin_time_coverage"": true, ""discarded_zero_denominator_draws"": 0}","{""60"": {""ci95"": [0.4943820224719101, 0.4945054945054945], ""time_blocks"": 2, ""block_width_s"": 60, ""thin_time_coverage"": true, ""discarded_zero_denominator_draws"": 0}, ""120"": {""ci95"": null, ""time_blocks"": 1, ""block_width_s"": 120, ""reason"": ""fewer than two occupied time blocks""}}",real OCR correct completion; all terminal events include failures/unsupported; API actuation acknowledgement unavailable,,
/physical_paths/43,Edge,RQ5b,GLM-5.3-Flash,steady_repeated_off,steady_repeated_off/seed_1/GLM-5.3-Flash,240,180,81,0,2.048188317872554,"{""decision_queue"": {""n"": 240, ""p50_s"": 0.0020700418084587113, ""p95_s"": 0.9471683314820347}, ""decision_slot"": {""n"": 240, ""p50_s"": 0.5951896454207599, ""p95_s"": 1.7001614538021377}, ""return_from_arrival"": {""n"": 240, ""p50_s"": 0.6189740209770767, ""p95_s"": 2.11209911480597}, ""service_queue"": {""n"": 167, ""p50_s"": 2.779252827167511e-05, ""p95_s"": 0.0045535454526543576}, ""dispatch_to_terminal"": {""n"": 167, ""p50_s"": 0.060056875459849834, ""p95_s"": 0.0715505469590425}, ""all_terminal"": {""n"": 240, ""p50_s"": 0.6568034999856636, ""p95_s"": 2.1121048149657877}, ""correct_service_terminal"": {""n"": 81, ""p50_s"": 0.6498758330284353, ""p95_s"": 1.318920125497101}}",0.3375,0.45,"{""ci95"": [0.2765957446808511, 0.4072398190045249], ""time_blocks"": 4, ""block_width_s"": 30, ""thin_time_coverage"": true, ""discarded_zero_denominator_draws"": 0}","{""ci95"": [0.3672316384180791, 0.5454545454545454], ""time_blocks"": 4, ""block_width_s"": 30, ""thin_time_coverage"": true, ""discarded_zero_denominator_draws"": 0}","{""60"": {""ci95"": [0.4065934065934066, 0.4943820224719101], ""time_blocks"": 2, ""block_width_s"": 60, ""thin_time_coverage"": true, ""discarded_zero_denominator_draws"": 0}, ""120"": {""ci95"": null, ""time_blocks"": 1, ""block_width_s"": 120, ""reason"": ""fewer than two occupied time blocks""}}",real OCR correct completion; all terminal events include failures/unsupported; API actuation acknowledgement unavailable,,
/physical_paths/44,Edge,RQ5b,Jev-1.13.0,steady_repeated_off,steady_repeated_off/seed_1/Jev-1.13.0,240,180,90,0,2.048188317872554,"{""decision_queue"": {""n"": 240, ""p50_s"": 0.0020865842898487585, ""p95_s"": 0.0023670094816830465}, ""decision_slot"": {""n"": 240, ""p50_s"": 0.2640057704411447, ""p95_s"": 0.3623787204269318}, ""return_from_arrival"": {""n"": 240, ""p50_s"": 0.26548389645877535, ""p95_s"": 0.3646121248795035}, ""service_queue"": {""n"": 180, ""p50_s"": 8.575012907385826e-05, ""p95_s"": 0.023906337656080568}, ""dispatch_to_terminal"": {""n"": 180, ""p50_s"": 0.0756727084517479, ""p95_s"": 0.09018594180233776}, ""all_terminal"": {""n"": 240, ""p50_s"": 0.3252747507701823, ""p95_s"": 0.44051866556681274}, ""correct_service_terminal"": {""n"": 90, ""p50_s"": 0.33631852111145477, ""p95_s"": 0.4701119128886603}}",0.375,0.5,"{""ci95"": [0.312, 0.4434782608695652], ""time_blocks"": 4, ""block_width_s"": 30, ""thin_time_coverage"": true, ""discarded_zero_denominator_draws"": 0}","{""ci95"": [0.4148936170212766, 0.5930232558139535], ""time_blocks"": 4, ""block_width_s"": 30, ""thin_time_coverage"": true, ""discarded_zero_denominator_draws"": 0}","{""60"": {""ci95"": [0.4945054945054945, 0.5056179775280899], ""time_blocks"": 2, ""block_width_s"": 60, ""thin_time_coverage"": true, ""discarded_zero_denominator_draws"": 0}, ""120"": {""ci95"": null, ""time_blocks"": 1, ""block_width_s"": 120, ""reason"": ""fewer than two occupied time blocks""}}",real OCR correct completion; all terminal events include failures/unsupported; API actuation acknowledgement unavailable,,
/physical_paths/45,Edge,RQ5b,Laya,steady_repeated_off,steady_repeated_off/seed_1/Laya,240,180,42,0,2.048188317872554,"{""decision_queue"": {""n"": 240, ""p50_s"": 0.0021034373671713347, ""p95_s"": 0.002380247698163873}, ""decision_slot"": {""n"": 240, ""p50_s"": 0.08597858343273401, ""p95_s"": 0.14547980832867322}, ""return_from_arrival"": {""n"": 240, ""p50_s"": 0.08765264581999332, ""p95_s"": 0.14754831877187727}, ""service_queue"": {""n"": 90, ""p50_s"": 5.2167102694511414e-05, ""p95_s"": 0.006566035235300627}, ""dispatch_to_terminal"": {""n"": 90, ""p50_s"": 0.0824649790301919, ""p95_s"": 0.09875958929769695}, ""all_terminal"": {""n"": 240, ""p50_s"": 0.10904162463918254, ""p95_s"": 0.2177067253220759}, ""correct_service_terminal"": {""n"": 42, ""p50_s"": 0.17194368732106824, ""p95_s"": 0.22282262511761033}}",0.175,0.23333333333333334,"{""ci95"": [0.136, 0.22171945701357465], ""time_blocks"": 4, ""block_width_s"": 30, ""thin_time_coverage"": true, ""discarded_zero_denominator_draws"": 0}","{""ci95"": [0.18085106382978725, 0.296969696969697], ""time_blocks"": 4, ""block_width_s"": 30, ""thin_time_coverage"": true, ""discarded_zero_denominator_draws"": 0}","{""60"": {""ci95"": [0.2087912087912088, 0.25842696629213485], ""time_blocks"": 2, ""block_width_s"": 60, ""thin_time_coverage"": true, ""discarded_zero_denominator_draws"": 0}, ""120"": {""ci95"": null, ""time_blocks"": 1, ""block_width_s"": 120, ""reason"": ""fewer than two occupied time blocks""}}",real OCR correct completion; all terminal events include failures/unsupported; API actuation acknowledgement unavailable,,
/physical_paths/46,Edge,RQ5b,Qwen3.5-4B-JSON,steady_repeated_off,steady_repeated_off/seed_1/Qwen3.5-4B-JSON,240,180,2,0,2.048188317872554,"{""decision_queue"": {""n"": 100, ""p50_s"": 1.5254110620893826, ""p95_s"": 1.9627156797459222}, ""decision_slot"": {""n"": 100, ""p50_s"": 4.84444135427475, ""p95_s"": 5.32406997368671}, ""return_from_arrival"": {""n"": 100, ""p50_s"": 6.393249062357842, ""p95_s"": 6.892848306253042}, ""service_queue"": {""n"": 2, ""p50_s"": 3.8874801248311996e-05, ""p95_s"": 4.0487060323357583e-05}, ""dispatch_to_terminal"": {""n"": 2, ""p50_s"": 0.09264729171991348, ""p95_s"": 0.09987537898123264}, ""all_terminal"": {""n"": 240, ""p50_s"": 2.0021506453119216, ""p95_s"": 6.808178091187114}, ""correct_service_terminal"": {""n"": 2, ""p50_s"": 1.6380251875655354, ""p95_s"": 1.830572969107458}}",0.008333333333333333,0.011111111111111112,"{""ci95"": [0.0, 0.024096385542168676], ""time_blocks"": 4, ""block_width_s"": 30, ""thin_time_coverage"": true, ""discarded_zero_denominator_draws"": 0}","{""ci95"": [0.0, 0.03208556149732621], ""time_blocks"": 4, ""block_width_s"": 30, ""thin_time_coverage"": true, ""discarded_zero_denominator_draws"": 0}","{""60"": {""ci95"": [0.0, 0.02197802197802198], ""time_blocks"": 2, ""block_width_s"": 60, ""thin_time_coverage"": true, ""discarded_zero_denominator_draws"": 0}, ""120"": {""ci95"": null, ""time_blocks"": 1, ""block_width_s"": 120, ""reason"": ""fewer than two occupied time blocks""}}",real OCR correct completion; all terminal events include failures/unsupported; API actuation acknowledgement unavailable,,
/physical_paths/47,Edge,RQ5b,Qwen3.8-Flash,steady_repeated_off,steady_repeated_off/seed_1/Qwen3.8-Flash,240,180,58,0,2.048188317872554,"{""decision_queue"": {""n"": 231, ""p50_s"": 0.0021942089462214653, ""p95_s"": 1.7379529379630974}, ""decision_slot"": {""n"": 231, ""p50_s"": 1.3407696671783924, ""p95_s"": 2.394923895597458}, ""return_from_arrival"": {""n"": 231, ""p50_s"": 1.6377637088932993, ""p95_s"": 3.4091298749872463}, ""service_queue"": {""n"": 110, ""p50_s"": 2.9062386602163315e-05, ""p95_s"": 8.782688528299331e-05}, ""dispatch_to_terminal"": {""n"": 110, ""p50_s"": 0.06125318771228194, ""p95_s"": 0.0824097122065723}, ""all_terminal"": {""n"": 240, ""p50_s"": 1.710720041744052, ""p95_s"": 3.3777367272443293}, ""correct_service_terminal"": {""n"": 58, ""p50_s"": 1.4121474371089668, ""p95_s"": 1.9232627359626895}}",0.24166666666666667,0.32222222222222224,"{""ci95"": [0.152, 0.3391304347826087], ""time_blocks"": 4, ""block_width_s"": 30, ""thin_time_coverage"": true, ""discarded_zero_denominator_draws"": 0}","{""ci95"": [0.20212765957446807, 0.45348837209302323], ""time_blocks"": 4, ""block_width_s"": 30, ""thin_time_coverage"": true, ""discarded_zero_denominator_draws"": 0}","{""60"": {""ci95"": [0.3146067415730337, 0.32967032967032966], ""time_blocks"": 2, ""block_width_s"": 60, ""thin_time_coverage"": true, ""discarded_zero_denominator_draws"": 0}, ""120"": {""ci95"": null, ""time_blocks"": 1, ""block_width_s"": 120, ""reason"": ""fewer than two occupied time blocks""}}",real OCR correct completion; all terminal events include failures/unsupported; API actuation acknowledgement unavailable,,
/physical_paths/48,Edge,RQ5b,SemIf-Qwen3.5-4B,steady_repeated_off,steady_repeated_off/seed_1/SemIf-Qwen3.5-4B,240,180,2,0,2.048188317872554,"{""decision_queue"": {""n"": 154, ""p50_s"": 1.4286196667420263, ""p95_s"": 1.9569197334796598}, ""decision_slot"": {""n"": 154, ""p50_s"": 3.0826586661860347, ""p95_s"": 3.4787078561261295}, ""return_from_arrival"": {""n"": 154, ""p50_s"": 4.51053179176864, ""p95_s"": 5.080533683486177}, ""service_queue"": {""n"": 3, ""p50_s"": 3.429129719734192e-05, ""p95_s"": 4.389192909002304e-05}, ""dispatch_to_terminal"": {""n"": 3, ""p50_s"": 0.07850099913775921, ""p95_s"": 0.0867771377786994}, ""all_terminal"": {""n"": 240, ""p50_s"": 4.027707062432171, ""p95_s"": 5.0559037709385155}, ""correct_service_terminal"": {""n"": 2, ""p50_s"": 1.0979508540169896, ""p95_s"": 1.1354444222660154}}",0.008333333333333333,0.011111111111111112,"{""ci95"": [0.0, 0.024096385542168676], ""time_blocks"": 4, ""block_width_s"": 30, ""thin_time_coverage"": true, ""discarded_zero_denominator_draws"": 0}","{""ci95"": [0.0, 0.03208556149732621], ""time_blocks"": 4, ""block_width_s"": 30, ""thin_time_coverage"": true, ""discarded_zero_denominator_draws"": 0}","{""60"": {""ci95"": [0.0, 0.02197802197802198], ""time_blocks"": 2, ""block_width_s"": 60, ""thin_time_coverage"": true, ""discarded_zero_denominator_draws"": 0}, ""120"": {""ci95"": null, ""time_blocks"": 1, ""block_width_s"": 120, ""reason"": ""fewer than two occupied time blocks""}}",real OCR correct completion; all terminal events include failures/unsupported; API actuation acknowledgement unavailable,,
/physical_paths/49,Edge,RQ5b,DeepSeek-V4.1-Flash,steady_repeated_on,steady_repeated_on/seed_1/DeepSeek-V4.1-Flash,240,180,90,232,2.048188317872554,"{""decision_queue"": {""n"": 240, ""p50_s"": 0.0020564379488536844, ""p95_s"": 0.0022291809644869433}, ""decision_slot"": {""n"": 240, ""p50_s"": 6.875023245811462e-06, ""p95_s"": 3.650784492492676e-05}, ""return_from_arrival"": {""n"": 240, ""p50_s"": 0.002063770951806987, ""p95_s"": 0.0023181515673620363}, ""service_queue"": {""n"": 180, ""p50_s"": 2.904096618294716e-05, ""p95_s"": 0.016019425401464067}, ""dispatch_to_terminal"": {""n"": 180, ""p50_s"": 0.06093470845371485, ""p95_s"": 0.08413654691539704}, ""all_terminal"": {""n"": 240, ""p50_s"": 0.06214935449439096, ""p95_s"": 0.11743561461662995}, ""correct_service_terminal"": {""n"": 90, ""p50_s"": 0.06283362501785028, ""p95_s"": 0.11848926048483754}}",0.375,0.5,"{""ci95"": [0.312, 0.4434782608695652], ""time_blocks"": 4, ""block_width_s"": 30, ""thin_time_coverage"": true, ""discarded_zero_denominator_draws"": 0}","{""ci95"": [0.4148936170212766, 0.5930232558139535], ""time_blocks"": 4, ""block_width_s"": 30, ""thin_time_coverage"": true, ""discarded_zero_denominator_draws"": 0}","{""60"": {""ci95"": [0.4945054945054945, 0.5056179775280899], ""time_blocks"": 2, ""block_width_s"": 60, ""thin_time_coverage"": true, ""discarded_zero_denominator_draws"": 0}, ""120"": {""ci95"": null, ""time_blocks"": 1, ""block_width_s"": 120, ""reason"": ""fewer than two occupied time blocks""}}",real OCR correct completion; all terminal events include failures/unsupported; API actuation acknowledgement unavailable,,
/physical_paths/50,Edge,RQ5b,GLM-5.3-Flash,steady_repeated_on,steady_repeated_on/seed_1/GLM-5.3-Flash,240,180,90,232,2.048188317872554,"{""decision_queue"": {""n"": 240, ""p50_s"": 0.0020581247171733708, ""p95_s"": 0.002319759912963093}, ""decision_slot"": {""n"": 240, ""p50_s"": 2.293754369020462e-05, ""p95_s"": 3.954535350203514e-05}, ""return_from_arrival"": {""n"": 240, ""p50_s"": 0.0020666661642465556, ""p95_s"": 0.002944349364730625}, ""service_queue"": {""n"": 180, ""p50_s"": 9.541679173707962e-05, ""p95_s"": 0.03162296973168847}, ""dispatch_to_terminal"": {""n"": 180, ""p50_s"": 0.07795993750914931, ""p95_s"": 0.0883590999059379}, ""all_terminal"": {""n"": 240, ""p50_s"": 0.0715116868352279, ""p95_s"": 0.1259769883303475}, ""correct_service_terminal"": {""n"": 90, ""p50_s"": 0.080873770291511, ""p95_s"": 0.13054350947346582}}",0.375,0.5,"{""ci95"": [0.312, 0.4434782608695652], ""time_blocks"": 4, ""block_width_s"": 30, ""thin_time_coverage"": true, ""discarded_zero_denominator_draws"": 0}","{""ci95"": [0.4148936170212766, 0.5930232558139535], ""time_blocks"": 4, ""block_width_s"": 30, ""thin_time_coverage"": true, ""discarded_zero_denominator_draws"": 0}","{""60"": {""ci95"": [0.4945054945054945, 0.5056179775280899], ""time_blocks"": 2, ""block_width_s"": 60, ""thin_time_coverage"": true, ""discarded_zero_denominator_draws"": 0}, ""120"": {""ci95"": null, ""time_blocks"": 1, ""block_width_s"": 120, ""reason"": ""fewer than two occupied time blocks""}}",real OCR correct completion; all terminal events include failures/unsupported; API actuation acknowledgement unavailable,,
/physical_paths/51,Edge,RQ5b,Jev-1.13.0,steady_repeated_on,steady_repeated_on/seed_1/Jev-1.13.0,240,180,90,232,2.048188317872554,"{""decision_queue"": {""n"": 240, ""p50_s"": 0.0011402292120124002, ""p95_s"": 0.00234114549470531}, ""decision_slot"": {""n"": 240, ""p50_s"": 1.754099503159523e-05, ""p95_s"": 3.904611803591251e-05}, ""return_from_arrival"": {""n"": 240, ""p50_s"": 0.001161020733029261, ""p95_s"": 0.003055999067199974}, ""service_queue"": {""n"": 180, ""p50_s"": 7.558288052678108e-05, ""p95_s"": 0.027929807966574884}, ""dispatch_to_terminal"": {""n"": 180, ""p50_s"": 0.07119483267888427, ""p95_s"": 0.08871327657252548}, ""all_terminal"": {""n"": 240, ""p50_s"": 0.06827972945630734, ""p95_s"": 0.1167076644851218}, ""correct_service_terminal"": {""n"": 90, ""p50_s"": 0.07374531195863909, ""p95_s"": 0.12608831632348938}}",0.375,0.5,"{""ci95"": [0.312, 0.4434782608695652], ""time_blocks"": 4, ""block_width_s"": 30, ""thin_time_coverage"": true, ""discarded_zero_denominator_draws"": 0}","{""ci95"": [0.4148936170212766, 0.5930232558139535], ""time_blocks"": 4, ""block_width_s"": 30, ""thin_time_coverage"": true, ""discarded_zero_denominator_draws"": 0}","{""60"": {""ci95"": [0.4945054945054945, 0.5056179775280899], ""time_blocks"": 2, ""block_width_s"": 60, ""thin_time_coverage"": true, ""discarded_zero_denominator_draws"": 0}, ""120"": {""ci95"": null, ""time_blocks"": 1, ""block_width_s"": 120, ""reason"": ""fewer than two occupied time blocks""}}",real OCR correct completion; all terminal events include failures/unsupported; API actuation acknowledgement unavailable,,
/physical_paths/52,Edge,RQ5b,Laya,steady_repeated_on,steady_repeated_on/seed_1/Laya,240,180,42,232,2.048188317872554,"{""decision_queue"": {""n"": 240, ""p50_s"": 0.0020643963927930997, ""p95_s"": 0.002344442059474572}, ""decision_slot"": {""n"": 240, ""p50_s"": 2.8541777282953262e-05, ""p95_s"": 4.164041019976097e-05}, ""return_from_arrival"": {""n"": 240, ""p50_s"": 0.0020794168991438156, ""p95_s"": 0.0026981795203347707}, ""service_queue"": {""n"": 90, ""p50_s"": 0.00010881200432777405, ""p95_s"": 0.024742469144984968}, ""dispatch_to_terminal"": {""n"": 90, ""p50_s"": 0.08392831357195973, ""p95_s"": 0.09814863568171858}, ""all_terminal"": {""n"": 240, ""p50_s"": 0.0023299581775688694, ""p95_s"": 0.09894548357111431}, ""correct_service_terminal"": {""n"": 42, ""p50_s"": 0.08730199980750797, ""p95_s"": 0.1276023232513857}}",0.175,0.23333333333333334,"{""ci95"": [0.136, 0.22171945701357465], ""time_blocks"": 4, ""block_width_s"": 30, ""thin_time_coverage"": true, ""discarded_zero_denominator_draws"": 0}","{""ci95"": [0.18085106382978725, 0.296969696969697], ""time_blocks"": 4, ""block_width_s"": 30, ""thin_time_coverage"": true, ""discarded_zero_denominator_draws"": 0}","{""60"": {""ci95"": [0.2087912087912088, 0.25842696629213485], ""time_blocks"": 2, ""block_width_s"": 60, ""thin_time_coverage"": true, ""discarded_zero_denominator_draws"": 0}, ""120"": {""ci95"": null, ""time_blocks"": 1, ""block_width_s"": 120, ""reason"": ""fewer than two occupied time blocks""}}",real OCR correct completion; all terminal events include failures/unsupported; API actuation acknowledgement unavailable,,
/physical_paths/53,Edge,RQ5b,Qwen3.5-4B-JSON,steady_repeated_on,steady_repeated_on/seed_1/Qwen3.5-4B-JSON,240,180,88,229,2.048188317872554,"{""decision_queue"": {""n"": 240, ""p50_s"": 0.002132000081241703, ""p95_s"": 0.0023971835614482015}, ""decision_slot"": {""n"": 240, ""p50_s"": 2.7666334062814713e-05, ""p95_s"": 4.021096974611282e-05}, ""return_from_arrival"": {""n"": 240, ""p50_s"": 0.0021516882150436345, ""p95_s"": 0.007067375089545078}, ""service_queue"": {""n"": 175, ""p50_s"": 0.00010287482291460037, ""p95_s"": 0.012537928577512495}, ""dispatch_to_terminal"": {""n"": 175, ""p50_s"": 0.08200983237475157, ""p95_s"": 0.11047648778185246}, ""all_terminal"": {""n"": 240, ""p50_s"": 0.08290156334957288, ""p95_s"": 0.15117100636435343}, ""correct_service_terminal"": {""n"": 88, ""p50_s"": 0.08385556315281839, ""p95_s"": 0.13269261691885775}}",0.36666666666666664,0.4888888888888889,"{""ci95"": [0.312, 0.4260869565217391], ""time_blocks"": 4, ""block_width_s"": 30, ""thin_time_coverage"": true, ""discarded_zero_denominator_draws"": 0}","{""ci95"": [0.4148936170212766, 0.5697674418604651], ""time_blocks"": 4, ""block_width_s"": 30, ""thin_time_coverage"": true, ""discarded_zero_denominator_draws"": 0}","{""60"": {""ci95"": [0.4725274725274725, 0.5056179775280899], ""time_blocks"": 2, ""block_width_s"": 60, ""thin_time_coverage"": true, ""discarded_zero_denominator_draws"": 0}, ""120"": {""ci95"": null, ""time_blocks"": 1, ""block_width_s"": 120, ""reason"": ""fewer than two occupied time blocks""}}",real OCR correct completion; all terminal events include failures/unsupported; API actuation acknowledgement unavailable,,
/physical_paths/54,Edge,RQ5b,Qwen3.8-Flash,steady_repeated_on,steady_repeated_on/seed_1/Qwen3.8-Flash,240,180,90,232,2.048188317872554,"{""decision_queue"": {""n"": 240, ""p50_s"": 0.002071729733827965, ""p95_s"": 0.0022824605764371953}, ""decision_slot"": {""n"": 240, ""p50_s"": 2.7062837034463882e-05, ""p95_s"": 3.746612928807735e-05}, ""return_from_arrival"": {""n"": 240, ""p50_s"": 0.0020832496747686946, ""p95_s"": 0.0023554622636950723}, ""service_queue"": {""n"": 180, ""p50_s"": 0.00010287528857588768, ""p95_s"": 0.03828978007659301}, ""dispatch_to_terminal"": {""n"": 180, ""p50_s"": 0.08104722993448377, ""p95_s"": 0.08839057930745184}, ""all_terminal"": {""n"": 240, ""p50_s"": 0.08011941600674533, ""p95_s"": 0.12179518945433339}, ""correct_service_terminal"": {""n"": 90, ""p50_s"": 0.08339981247287831, ""p95_s"": 0.12501751246686366}}",0.375,0.5,"{""ci95"": [0.312, 0.4434782608695652], ""time_blocks"": 4, ""block_width_s"": 30, ""thin_time_coverage"": true, ""discarded_zero_denominator_draws"": 0}","{""ci95"": [0.4148936170212766, 0.5930232558139535], ""time_blocks"": 4, ""block_width_s"": 30, ""thin_time_coverage"": true, ""discarded_zero_denominator_draws"": 0}","{""60"": {""ci95"": [0.4945054945054945, 0.5056179775280899], ""time_blocks"": 2, ""block_width_s"": 60, ""thin_time_coverage"": true, ""discarded_zero_denominator_draws"": 0}, ""120"": {""ci95"": null, ""time_blocks"": 1, ""block_width_s"": 120, ""reason"": ""fewer than two occupied time blocks""}}",real OCR correct completion; all terminal events include failures/unsupported; API actuation acknowledgement unavailable,,
/physical_paths/55,Edge,RQ5b,SemIf-Qwen3.5-4B,steady_repeated_on,steady_repeated_on/seed_1/SemIf-Qwen3.5-4B,240,180,90,232,2.048188317872554,"{""decision_queue"": {""n"": 240, ""p50_s"": 0.0020715622506437548, ""p95_s"": 0.0023861764654952806}, ""decision_slot"": {""n"": 240, ""p50_s"": 2.5041401386260986e-05, ""p95_s"": 4.807864315807784e-05}, ""return_from_arrival"": {""n"": 240, ""p50_s"": 0.0020820415986761986, ""p95_s"": 0.0041053168650467325}, ""service_queue"": {""n"": 178, ""p50_s"": 9.668758139014244e-05, ""p95_s"": 0.03333874549716712}, ""dispatch_to_terminal"": {""n"": 178, ""p50_s"": 0.08029224956408143, ""p95_s"": 0.08987004817463458}, ""all_terminal"": {""n"": 240, ""p50_s"": 0.07896260395899501, ""p95_s"": 0.1268542813627726}, ""correct_service_terminal"": {""n"": 90, ""p50_s"": 0.08287431234669995, ""p95_s"": 0.132155064052915}}",0.375,0.5,"{""ci95"": [0.312, 0.4434782608695652], ""time_blocks"": 4, ""block_width_s"": 30, ""thin_time_coverage"": true, ""discarded_zero_denominator_draws"": 0}","{""ci95"": [0.4148936170212766, 0.5930232558139535], ""time_blocks"": 4, ""block_width_s"": 30, ""thin_time_coverage"": true, ""discarded_zero_denominator_draws"": 0}","{""60"": {""ci95"": [0.4945054945054945, 0.5056179775280899], ""time_blocks"": 2, ""block_width_s"": 60, ""thin_time_coverage"": true, ""discarded_zero_denominator_draws"": 0}, ""120"": {""ci95"": null, ""time_blocks"": 1, ""block_width_s"": 120, ""reason"": ""fewer than two occupied time blocks""}}",real OCR correct completion; all terminal events include failures/unsupported; API actuation acknowledgement unavailable,,
/physical_paths/56,6G,C3,AnyJev-L0,real_stack,c3main-anyjev-202609261402,30,,,,,"{""ell_s"": {""n"": 30, ""p50_s"": 1.0680559584870934, ""p95_s"": 1.6487969110254197}, ""delta_a1_s"": {""n"": 28, ""p50_s"": 0.019110918045043945, ""p95_s"": 0.02193230390548706}, ""delta_e2_s"": {""n"": 28, ""p50_s"": 0.0030585527420043945, ""p95_s"": 0.004657089710235595}, ""kpm_change_upper_bound_s"": {""n"": 27, ""p50_s"": 1.2466659545898438, ""p95_s"": 4.483201718330383}, ""decision_wall"": {""n"": 30, ""p50_s"": 1.1412544250488281, ""p95_s"": 1.8179708123207088}, ""Ta_gnb_ack"": {""n"": 28, ""p50_s"": 1.674234390258789, ""p95_s"": 2.541650331020355}, ""Tb_kpm_upper"": {""n"": 27, ""p50_s"": 3.072991132736206, ""p95_s"": 6.935988235473633}}",,,,,,gNB acknowledgement and observed KPM upper bound; adapter ell differs from whole decision wall interval; no causal service verification,,
/physical_paths/57,6G,C3,DeepSeek-V4.1-Flash,real_stack,c3main-deepseek-v4.1-flash-202609261230,30,,,,,"{""ell_s"": {""n"": 30, ""p50_s"": 0.5265401666983962, ""p95_s"": 0.8282307543791828}, ""delta_a1_s"": {""n"": 30, ""p50_s"": 0.016282200813293457, ""p95_s"": 0.02081972360610962}, ""delta_e2_s"": {""n"": 30, ""p50_s"": 0.002899646759033203, ""p95_s"": 0.0045093297958374015}, ""kpm_change_upper_bound_s"": {""n"": 30, ""p50_s"": 1.3505305051803589, ""p95_s"": 2.8350530385971053}, ""decision_wall"": {""n"": 30, ""p50_s"": 0.5273059606552124, ""p95_s"": 0.8328044772148131}, ""Ta_gnb_ack"": {""n"": 30, ""p50_s"": 1.1078970432281494, ""p95_s"": 1.4112278342247007}, ""Tb_kpm_upper"": {""n"": 30, ""p50_s"": 2.4466999769210815, ""p95_s"": 3.9182011127471905}}",,,,,,gNB acknowledgement and observed KPM upper bound; adapter ell differs from whole decision wall interval; no causal service verification,,
/physical_paths/58,6G,C3,GLM-5.3-Flash,real_stack,c3main-glm-5.3-flash-202609261340,30,,,,,"{""ell_s"": {""n"": 30, ""p50_s"": 1.0545138749293983, ""p95_s"": 2.869021906098351}, ""delta_a1_s"": {""n"": 30, ""p50_s"": 0.01552736759185791, ""p95_s"": 0.020725357532501217}, ""delta_e2_s"": {""n"": 30, ""p50_s"": 0.002587437629699707, ""p95_s"": 0.004551792144775388}, ""kpm_change_upper_bound_s"": {""n"": 28, ""p50_s"": 1.3502854108810425, ""p95_s"": 3.7115221142768835}, ""decision_wall"": {""n"": 30, ""p50_s"": 1.0552691221237183, ""p95_s"": 2.869491970539093}, ""Ta_gnb_ack"": {""n"": 30, ""p50_s"": 1.625597596168518, ""p95_s"": 3.4487802743911744}, ""Tb_kpm_upper"": {""n"": 28, ""p50_s"": 3.2874624729156494, ""p95_s"": 5.804084265232086}}",,,,,,gNB acknowledgement and observed KPM upper bound; adapter ell differs from whole decision wall interval; no causal service verification,,
/physical_paths/59,6G,C3,Jev-1.13.0,real_stack,c3main-jev-1.13.0-202609261010,30,,,,,"{""ell_s"": {""n"": 30, ""p50_s"": 0.28556385450065136, ""p95_s"": 0.3909458539448677}, ""delta_a1_s"": {""n"": 30, ""p50_s"": 0.016631364822387695, ""p95_s"": 0.020274066925048826}, ""delta_e2_s"": {""n"": 30, ""p50_s"": 0.0024329423904418945, ""p95_s"": 0.004189813137054442}, ""kpm_change_upper_bound_s"": {""n"": 30, ""p50_s"": 1.346725583076477, ""p95_s"": 2.4971822261810304}, ""decision_wall"": {""n"": 30, ""p50_s"": 0.28633010387420654, ""p95_s"": 0.3918043851852416}, ""Ta_gnb_ack"": {""n"": 30, ""p50_s"": 0.8712365627288818, ""p95_s"": 0.9800399780273437}, ""Tb_kpm_upper"": {""n"": 30, ""p50_s"": 2.2691774368286133, ""p95_s"": 3.4331059098243712}}",,,,,,gNB acknowledgement and observed KPM upper bound; adapter ell differs from whole decision wall interval; no causal service verification,,
/physical_paths/60,6G,C3,Qwen3.8-Flash,real_stack,c3main-qwen3.8-flash-202609261345,30,,,,,"{""ell_s"": {""n"": 30, ""p50_s"": 2.3521580630913377, ""p95_s"": 3.0357523272279647}, ""delta_a1_s"": {""n"": 30, ""p50_s"": 0.016326904296875, ""p95_s"": 0.01949968338012695}, ""delta_e2_s"": {""n"": 30, ""p50_s"": 0.002624034881591797, ""p95_s"": 0.0042090415954589835}, ""kpm_change_upper_bound_s"": {""n"": 29, ""p50_s"": 1.4547529220581055, ""p95_s"": 3.538988733291626}, ""decision_wall"": {""n"": 30, ""p50_s"": 2.352866053581238, ""p95_s"": 3.036829280853271}, ""Ta_gnb_ack"": {""n"": 30, ""p50_s"": 2.934947967529297, ""p95_s"": 3.6154182076454155}, ""Tb_kpm_upper"": {""n"": 29, ""p50_s"": 4.450238943099976, ""p95_s"": 6.757025527954101}}",,,,,,gNB acknowledgement and observed KPM upper bound; adapter ell differs from whole decision wall interval; no causal service verification,,
/physical_paths/61,6G,C3,Qwen3.5-4B-JSON,real_stack,c3main-qwen_json-202609261412,30,,,,,"{""ell_s"": {""n"": 30, ""p50_s"": 0.4323519580066204, ""p95_s"": 0.5118926873430609}, ""delta_a1_s"": {""n"": 30, ""p50_s"": 0.01771402359008789, ""p95_s"": 0.02088855504989624}, ""delta_e2_s"": {""n"": 30, ""p50_s"": 0.002781987190246582, ""p95_s"": 0.004595899581909179}, ""kpm_change_upper_bound_s"": {""n"": 30, ""p50_s"": 1.2468630075454712, ""p95_s"": 4.63773565292358}, ""decision_wall"": {""n"": 30, ""p50_s"": 0.43308305740356445, ""p95_s"": 0.5129377007484436}, ""Ta_gnb_ack"": {""n"": 30, ""p50_s"": 1.0222530364990234, ""p95_s"": 1.0982947587966918}, ""Tb_kpm_upper"": {""n"": 30, ""p50_s"": 2.293263554573059, ""p95_s"": 5.677097785472866}}",,,,,,gNB acknowledgement and observed KPM upper bound; adapter ell differs from whole decision wall interval; no causal service verification,,
/physical_paths/62,6G,C3,SemIf-Qwen3.5-4B,real_stack,c3main-semif-202609261417,30,,,,,"{""ell_s"": {""n"": 30, ""p50_s"": 0.35681902104988694, ""p95_s"": 0.4532949251588432}, ""delta_a1_s"": {""n"": 29, ""p50_s"": 0.016710281372070312, ""p95_s"": 0.021378517150878906}, ""delta_e2_s"": {""n"": 29, ""p50_s"": 0.003139972686767578, ""p95_s"": 0.0044605255126953115}, ""kpm_change_upper_bound_s"": {""n"": 29, ""p50_s"": 1.2485921382904053, ""p95_s"": 2.9541779041290255}, ""decision_wall"": {""n"": 30, ""p50_s"": 0.3578559160232544, ""p95_s"": 0.4540525674819944}, ""Ta_gnb_ack"": {""n"": 29, ""p50_s"": 0.926544189453125, ""p95_s"": 1.0654261589050293}, ""Tb_kpm_upper"": {""n"": 29, ""p50_s"": 2.2026150226593018, ""p95_s"": 4.054124736785886}}",,,,,,gNB acknowledgement and observed KPM upper bound; adapter ell differs from whole decision wall interval; no causal service verification,,
/physical_paths/63,SoK,policy,cheapest,effective64,experiments/EXP-019-effective-network-information/scale-seed42/online,24,,,,,"{""observation_s"": {""n"": 24, ""p50_s"": 0.3047091459999933, ""p95_s"": 0.43525491874996186}, ""selection_s"": {""n"": 24, ""p50_s"": 0.00014172899999209676, ""p95_s"": 0.0002033251000113978}, ""installation_s"": {""n"": 24, ""p50_s"": 0.09439889600000129, ""p95_s"": 0.1298499893000212}, ""verification_s"": {""n"": 24, ""p50_s"": 0.30696718749999263, ""p95_s"": 0.4316974204499729}, ""fallback_s"": {""n"": 24, ""p50_s"": 0.31302972950000196, ""p95_s"": 0.553688279500011}, ""total_s"": {""n"": 24, ""p50_s"": 0.9010054585000375, ""p95_s"": 1.5392453266999837}}",,,,,,"small serial execution subset; final includes fallback; durations only, no actual t0 for time-block inference, no imposed open arrival rate",9,24
/physical_paths/64,SoK,policy,deepseek,effective64,experiments/EXP-019-effective-network-information/scale-seed42/online,24,,,,,"{""observation_s"": {""n"": 24, ""p50_s"": 0.28872631249998904, ""p95_s"": 0.4093041981499368}, ""selection_s"": {""n"": 24, ""p50_s"": 0.4904750835000158, ""p95_s"": 0.9133782526000159}, ""installation_s"": {""n"": 24, ""p50_s"": 0.10344277100000099, ""p95_s"": 0.15679139560006658}, ""verification_s"": {""n"": 24, ""p50_s"": 0.30257285400000455, ""p95_s"": 0.43572357050008453}, ""fallback_s"": {""n"": 24, ""p50_s"": 0.3399291670000082, ""p95_s"": 0.5391696464000403}, ""total_s"": {""n"": 24, ""p50_s"": 1.45996510400001, ""p95_s"": 1.963084497249977}}",,,,,,"small serial execution subset; final includes fallback; durations only, no actual t0 for time-block inference, no imposed open arrival rate",7,24
/physical_paths/65,SoK,policy,gemini,effective64,experiments/EXP-019-effective-network-information/scale-seed42/online,24,,,,,"{""observation_s"": {""n"": 24, ""p50_s"": 0.282077208000004, ""p95_s"": 0.4003548062499987}, ""selection_s"": {""n"": 24, ""p50_s"": 1.0469751460000225, ""p95_s"": 1.9060613438499927}, ""installation_s"": {""n"": 24, ""p50_s"": 0.11618577099997651, ""p95_s"": 0.16262730270001952}, ""verification_s"": {""n"": 24, ""p50_s"": 0.27913502099998766, ""p95_s"": 0.4681231892999618}, ""fallback_s"": {""n"": 24, ""p50_s"": 0.0, ""p95_s"": 0.3706680287000053}, ""total_s"": {""n"": 24, ""p50_s"": 1.7927681875000019, ""p95_s"": 2.8129413954499967}}",,,,,,"small serial execution subset; final includes fallback; durations only, no actual t0 for time-block inference, no imposed open arrival rate",16,24
/physical_paths/66,SoK,policy,glm47,effective64,experiments/EXP-019-effective-network-information/scale-seed42/online,24,,,,,"{""observation_s"": {""n"": 24, ""p50_s"": 0.2838751875000156, ""p95_s"": 0.4203797713999449}, ""selection_s"": {""n"": 24, ""p50_s"": 0.967107812499961, ""p95_s"": 2.019989354350001}, ""installation_s"": {""n"": 24, ""p50_s"": 0.13429589599999758, ""p95_s"": 0.19264618924999008}, ""verification_s"": {""n"": 24, ""p50_s"": 0.2984707290000159, ""p95_s"": 0.4224553463999996}, ""fallback_s"": {""n"": 24, ""p50_s"": 0.3235891669999944, ""p95_s"": 0.5380594813000528}, ""total_s"": {""n"": 24, ""p50_s"": 1.946179229500018, ""p95_s"": 3.121545166900011}}",,,,,,"small serial execution subset; final includes fallback; durations only, no actual t0 for time-block inference, no imposed open arrival rate",9,24
/physical_paths/67,SoK,policy,jev,effective64,experiments/EXP-019-effective-network-information/scale-seed42/online,24,,,,,"{""observation_s"": {""n"": 24, ""p50_s"": 0.3362383125000008, ""p95_s"": 0.4189948000500124}, ""selection_s"": {""n"": 24, ""p50_s"": 0.36695639599999197, ""p95_s"": 0.4841345893000266}, ""installation_s"": {""n"": 24, ""p50_s"": 1.1958500024888963e-05, ""p95_s"": 0.18108279200006905}, ""verification_s"": {""n"": 24, ""p50_s"": 0.35545427099998506, ""p95_s"": 0.45225427495003595}, ""fallback_s"": {""n"": 24, ""p50_s"": 0.31440820799998903, ""p95_s"": 0.5401845580500264}, ""total_s"": {""n"": 24, ""p50_s"": 1.3243513544999814, ""p95_s"": 1.8025625437000143}}",,,,,,"small serial execution subset; final includes fallback; durations only, no actual t0 for time-block inference, no imposed open arrival rate",8,24
/physical_paths/68,SoK,policy,qwen,effective64,experiments/EXP-019-effective-network-information/scale-seed42/online,24,,,,,"{""observation_s"": {""n"": 24, ""p50_s"": 0.3137561665000135, ""p95_s"": 0.4100489722499958}, ""selection_s"": {""n"": 24, ""p50_s"": 0.5881622084999947, ""p95_s"": 0.6535291312000083}, ""installation_s"": {""n"": 24, ""p50_s"": 4.22849998926722e-06, ""p95_s"": 1.544204990864272e-05}, ""verification_s"": {""n"": 24, ""p50_s"": 0.3504959999999926, ""p95_s"": 0.47005085439999444}, ""fallback_s"": {""n"": 24, ""p50_s"": 0.3968987499999912, ""p95_s"": 0.5145857704499861}, ""total_s"": {""n"": 24, ""p50_s"": 1.631901562500019, ""p95_s"": 2.0015658562000227}}",,,,,,"small serial execution subset; final includes fallback; durations only, no actual t0 for time-block inference, no imposed open arrival rate",0,24
/physical_paths/69,SoK,policy,rule,effective64,experiments/EXP-019-effective-network-information/scale-seed42/online,24,,,,,"{""observation_s"": {""n"": 24, ""p50_s"": 0.30169468750000306, ""p95_s"": 0.429904479449948}, ""selection_s"": {""n"": 24, ""p50_s"": 0.00015089600000450787, ""p95_s"": 0.00020237064997843384}, ""installation_s"": {""n"": 24, ""p50_s"": 0.0926516460000073, ""p95_s"": 0.13662062065002942}, ""verification_s"": {""n"": 24, ""p50_s"": 0.31087533299998427, ""p95_s"": 0.42512025169999107}, ""fallback_s"": {""n"": 24, ""p50_s"": 0.0, ""p95_s"": 0.0}, ""total_s"": {""n"": 24, ""p50_s"": 0.6983721670000023, ""p95_s"": 0.9926924437499849}}",,,,,,"small serial execution subset; final includes fallback; durations only, no actual t0 for time-block inference, no imposed open arrival rate",24,24
/physical_paths/70,SoK,policy,cheapest,padded,experiments/EXP-019-effective-network-information/scale-seed42/online,24,,,,,"{""observation_s"": {""n"": 24, ""p50_s"": 0.3243483749999996, ""p95_s"": 0.42729959200007667}, ""selection_s"": {""n"": 24, ""p50_s"": 0.00011658349999521533, ""p95_s"": 0.00015545620001375932}, ""installation_s"": {""n"": 24, ""p50_s"": 0.09561249999998722, ""p95_s"": 0.14505441880007194}, ""verification_s"": {""n"": 24, ""p50_s"": 0.3182635624999648, ""p95_s"": 0.42583711520000517}, ""fallback_s"": {""n"": 24, ""p50_s"": 0.0, ""p95_s"": 0.4878597732500679}, ""total_s"": {""n"": 24, ""p50_s"": 0.7803634165000233, ""p95_s"": 1.3871286963500151}}",,,,,,"small serial execution subset; final includes fallback; durations only, no actual t0 for time-block inference, no imposed open arrival rate",18,24
/physical_paths/71,SoK,policy,deepseek,padded,experiments/EXP-019-effective-network-information/scale-seed42/online,24,,,,,"{""observation_s"": {""n"": 24, ""p50_s"": 0.336314667000039, ""p95_s"": 0.4202339481999729}, ""selection_s"": {""n"": 24, ""p50_s"": 0.5071480209999777, ""p95_s"": 1.0567255599000076}, ""installation_s"": {""n"": 24, ""p50_s"": 0.1441171875000009, ""p95_s"": 0.1825144643499584}, ""verification_s"": {""n"": 24, ""p50_s"": 0.3491528334999998, ""p95_s"": 0.42157654200005934}, ""fallback_s"": {""n"": 24, ""p50_s"": 0.0, ""p95_s"": 0.48338352854993333}, ""total_s"": {""n"": 24, ""p50_s"": 1.4575062294999839, ""p95_s"": 2.2142287955000137}}",,,,,,"small serial execution subset; final includes fallback; durations only, no actual t0 for time-block inference, no imposed open arrival rate",18,24
/physical_paths/72,SoK,policy,gemini,padded,experiments/EXP-019-effective-network-information/scale-seed42/online,24,,,,,"{""observation_s"": {""n"": 24, ""p50_s"": 0.3392313125000186, ""p95_s"": 0.39424330975005545}, ""selection_s"": {""n"": 24, ""p50_s"": 1.0627675415000226, ""p95_s"": 1.8874524205000034}, ""installation_s"": {""n"": 24, ""p50_s"": 0.14318441649999158, ""p95_s"": 0.16970950449997985}, ""verification_s"": {""n"": 24, ""p50_s"": 0.34506987499997877, ""p95_s"": 0.41218382859998426}, ""fallback_s"": {""n"": 24, ""p50_s"": 0.0, ""p95_s"": 0.47635660174997835}, ""total_s"": {""n"": 24, ""p50_s"": 1.9388259995000396, ""p95_s"": 2.5836530981999983}}",,,,,,"small serial execution subset; final includes fallback; durations only, no actual t0 for time-block inference, no imposed open arrival rate",21,24
/physical_paths/73,SoK,policy,glm47,padded,experiments/EXP-019-effective-network-information/scale-seed42/online,24,,,,,"{""observation_s"": {""n"": 24, ""p50_s"": 0.28991460449998385, ""p95_s"": 0.41144998935005217}, ""selection_s"": {""n"": 24, ""p50_s"": 0.8824817500000108, ""p95_s"": 2.5347139105999967}, ""installation_s"": {""n"": 24, ""p50_s"": 0.1403994995000062, ""p95_s"": 0.17522368924996384}, ""verification_s"": {""n"": 24, ""p50_s"": 0.2941132914999969, ""p95_s"": 0.39124925994997284}, ""fallback_s"": {""n"": 24, ""p50_s"": 0.0, ""p95_s"": 0.5042440311999995}, ""total_s"": {""n"": 24, ""p50_s"": 1.7057254584999804, ""p95_s"": 3.300243873200011}}",,,,,,"small serial execution subset; final includes fallback; durations only, no actual t0 for time-block inference, no imposed open arrival rate",17,24
/physical_paths/74,SoK,policy,jev,padded,experiments/EXP-019-effective-network-information/scale-seed42/online,24,,,,,"{""observation_s"": {""n"": 24, ""p50_s"": 0.32624812500000644, ""p95_s"": 0.41875895810002245}, ""selection_s"": {""n"": 24, ""p50_s"": 0.3974887085000205, ""p95_s"": 0.49089469999999835}, ""installation_s"": {""n"": 24, ""p50_s"": 0.13422643749998997, ""p95_s"": 0.18653148755007862}, ""verification_s"": {""n"": 24, ""p50_s"": 0.3343518124999889, ""p95_s"": 0.44614329014997905}, ""fallback_s"": {""n"": 24, ""p50_s"": 0.0, ""p95_s"": 0.3525872973500083}, ""total_s"": {""n"": 24, ""p50_s"": 1.1955624169999908, ""p95_s"": 1.523282545500018}}",,,,,,"small serial execution subset; final includes fallback; durations only, no actual t0 for time-block inference, no imposed open arrival rate",21,24
/physical_paths/75,SoK,policy,qwen,padded,experiments/EXP-019-effective-network-information/scale-seed42/online,24,,,,,"{""observation_s"": {""n"": 24, ""p50_s"": 0.2905865834999872, ""p95_s"": 0.4119306981499335}, ""selection_s"": {""n"": 24, ""p50_s"": 0.5591554374999816, ""p95_s"": 0.6318663205499859}, ""installation_s"": {""n"": 24, ""p50_s"": 4.916499975138322e-06, ""p95_s"": 0.14136896065000312}, ""verification_s"": {""n"": 24, ""p50_s"": 0.3355508330000134, ""p95_s"": 0.47273717495002643}, ""fallback_s"": {""n"": 24, ""p50_s"": 0.34542264550000823, ""p95_s"": 0.5411910625000133}, ""total_s"": {""n"": 24, ""p50_s"": 1.5141584379999813, ""p95_s"": 2.0066739204999804}}",,,,,,"small serial execution subset; final includes fallback; durations only, no actual t0 for time-block inference, no imposed open arrival rate",2,24
/physical_paths/76,SoK,policy,rule,padded,experiments/EXP-019-effective-network-information/scale-seed42/online,24,,,,,"{""observation_s"": {""n"": 24, ""p50_s"": 0.2856491045000098, ""p95_s"": 0.3840952688000357}, ""selection_s"": {""n"": 24, ""p50_s"": 0.00011856249999731006, ""p95_s"": 0.00014307505002975063}, ""installation_s"": {""n"": 24, ""p50_s"": 0.09297714650000444, ""p95_s"": 0.11800968135000289}, ""verification_s"": {""n"": 24, ""p50_s"": 0.2902305420000175, ""p95_s"": 0.3803375141999766}, ""fallback_s"": {""n"": 24, ""p50_s"": 0.0, ""p95_s"": 0.0}, ""total_s"": {""n"": 24, ""p50_s"": 0.6677452294999853, ""p95_s"": 0.8760026518500126}}",,,,,,"small serial execution subset; final includes fallback; durations only, no actual t0 for time-block inference, no imposed open arrival rate",24,24
/physical_paths/77,SoK,policy,cheapest,repeated,experiments/EXP-019-effective-network-information/scale-seed42/online,24,,,,,"{""observation_s"": {""n"": 24, ""p50_s"": 0.3044549164999921, ""p95_s"": 0.44661078305005036}, ""selection_s"": {""n"": 24, ""p50_s"": 0.0001975419999666883, ""p95_s"": 0.00022850805001439767}, ""installation_s"": {""n"": 24, ""p50_s"": 0.09519722900003558, ""p95_s"": 0.12773780450007166}, ""verification_s"": {""n"": 24, ""p50_s"": 0.3036669164999921, ""p95_s"": 0.4012233062499888}, ""fallback_s"": {""n"": 24, ""p50_s"": 0.0, ""p95_s"": 0.481610349999994}, ""total_s"": {""n"": 24, ""p50_s"": 0.7466692080000001, ""p95_s"": 1.4776097999499935}}",,,,,,"small serial execution subset; final includes fallback; durations only, no actual t0 for time-block inference, no imposed open arrival rate",18,24
/physical_paths/78,SoK,policy,deepseek,repeated,experiments/EXP-019-effective-network-information/scale-seed42/online,24,,,,,"{""observation_s"": {""n"": 24, ""p50_s"": 0.32637741650003704, ""p95_s"": 0.42071199545008536}, ""selection_s"": {""n"": 24, ""p50_s"": 0.5192823330000635, ""p95_s"": 1.0607770749500158}, ""installation_s"": {""n"": 24, ""p50_s"": 0.12862066599998911, ""p95_s"": 0.18233191425005657}, ""verification_s"": {""n"": 24, ""p50_s"": 0.3456920625000066, ""p95_s"": 0.45767816429997765}, ""fallback_s"": {""n"": 24, ""p50_s"": 0.0, ""p95_s"": 0.48481263560001936}, ""total_s"": {""n"": 24, ""p50_s"": 1.4990182084999617, ""p95_s"": 1.9681101598500332}}",,,,,,"small serial execution subset; final includes fallback; durations only, no actual t0 for time-block inference, no imposed open arrival rate",15,24
/physical_paths/79,SoK,policy,gemini,repeated,experiments/EXP-019-effective-network-information/scale-seed42/online,24,,,,,"{""observation_s"": {""n"": 24, ""p50_s"": 0.24524393799999444, ""p95_s"": 0.368640226850016}, ""selection_s"": {""n"": 24, ""p50_s"": 1.0886562504999784, ""p95_s"": 1.3350293125499837}, ""installation_s"": {""n"": 24, ""p50_s"": 0.12238522850000066, ""p95_s"": 0.174144841949942}, ""verification_s"": {""n"": 24, ""p50_s"": 0.2740155420000008, ""p95_s"": 0.37645904195004504}, ""fallback_s"": {""n"": 24, ""p50_s"": 0.0, ""p95_s"": 0.3107570418999901}, ""total_s"": {""n"": 24, ""p50_s"": 1.8088904585000023, ""p95_s"": 2.1001062561999446}}",,,,,,"small serial execution subset; final includes fallback; durations only, no actual t0 for time-block inference, no imposed open arrival rate",21,24
/physical_paths/80,SoK,policy,glm47,repeated,experiments/EXP-019-effective-network-information/scale-seed42/online,24,,,,,"{""observation_s"": {""n"": 24, ""p50_s"": 0.25760297900001206, ""p95_s"": 0.38812356244998797}, ""selection_s"": {""n"": 24, ""p50_s"": 1.0318820414999799, ""p95_s"": 1.4253923375499908}, ""installation_s"": {""n"": 24, ""p50_s"": 0.12875533300000086, ""p95_s"": 0.18089205620001392}, ""verification_s"": {""n"": 24, ""p50_s"": 0.28237558300000387, ""p95_s"": 0.412450201900026}, ""fallback_s"": {""n"": 24, ""p50_s"": 0.0, ""p95_s"": 0.3716912892999829}, ""total_s"": {""n"": 24, ""p50_s"": 1.8115493749999843, ""p95_s"": 2.4108233079499937}}",,,,,,"small serial execution subset; final includes fallback; durations only, no actual t0 for time-block inference, no imposed open arrival rate",18,24
/physical_paths/81,SoK,policy,jev,repeated,experiments/EXP-019-effective-network-information/scale-seed42/online,24,,,,,"{""observation_s"": {""n"": 24, ""p50_s"": 0.3236507084999971, ""p95_s"": 0.41855140174996275}, ""selection_s"": {""n"": 24, ""p50_s"": 0.39092924950002494, ""p95_s"": 0.495103639300018}, ""installation_s"": {""n"": 24, ""p50_s"": 0.12387397900000963, ""p95_s"": 0.1699188661499761}, ""verification_s"": {""n"": 24, ""p50_s"": 0.32935029199998667, ""p95_s"": 0.41139468125005574}, ""fallback_s"": {""n"": 24, ""p50_s"": 0.0, ""p95_s"": 0.39708823315000036}, ""total_s"": {""n"": 24, ""p50_s"": 1.2126639579999505, ""p95_s"": 1.5820240750500059}}",,,,,,"small serial execution subset; final includes fallback; durations only, no actual t0 for time-block inference, no imposed open arrival rate",21,24
/physical_paths/82,SoK,policy,qwen,repeated,experiments/EXP-019-effective-network-information/scale-seed42/online,24,,,,,"{""observation_s"": {""n"": 24, ""p50_s"": 0.2951599164999834, ""p95_s"": 0.39878353759997937}, ""selection_s"": {""n"": 24, ""p50_s"": 0.9587258539999652, ""p95_s"": 1.044591176850028}, ""installation_s"": {""n"": 24, ""p50_s"": 7.062500003485184e-06, ""p95_s"": 0.10339472489999006}, ""verification_s"": {""n"": 24, ""p50_s"": 0.3418402500000184, ""p95_s"": 0.41839012314999874}, ""fallback_s"": {""n"": 24, ""p50_s"": 0.37242360400000507, ""p95_s"": 0.5091951956500451}, ""total_s"": {""n"": 24, ""p50_s"": 1.9727159164999932, ""p95_s"": 2.3132171857}}",,,,,,"small serial execution subset; final includes fallback; durations only, no actual t0 for time-block inference, no imposed open arrival rate",4,24
/physical_paths/83,SoK,policy,rule,repeated,experiments/EXP-019-effective-network-information/scale-seed42/online,24,,,,,"{""observation_s"": {""n"": 24, ""p50_s"": 0.2687846039999897, ""p95_s"": 0.409028708049982}, ""selection_s"": {""n"": 24, ""p50_s"": 0.0002021040000101948, ""p95_s"": 0.00023525180000163456}, ""installation_s"": {""n"": 24, ""p50_s"": 0.08757897899997147, ""p95_s"": 0.1253702589999932}, ""verification_s"": {""n"": 24, ""p50_s"": 0.28097512499999766, ""p95_s"": 0.4168914187499695}, ""fallback_s"": {""n"": 24, ""p50_s"": 0.0, ""p95_s"": 0.0}, ""total_s"": {""n"": 24, ""p50_s"": 0.6412725414999727, ""p95_s"": 0.9463178625999831}}",,,,,,"small serial execution subset; final includes fallback; durations only, no actual t0 for time-block inference, no imposed open arrival rate",24,24
/physical_paths/84,SoK,service,deepseek,complete,experiments/EXP-020-service-chain-controls/scale-seed42/online,24,,,,,"{""observation_s"": {""n"": 24, ""p50_s"": 0.004777228999998329, ""p95_s"": 0.007096742050006809}, ""selection_s"": {""n"": 24, ""p50_s"": 1.2930481665000144, ""p95_s"": 1.7118726214000217}, ""refresh_s"": {""n"": 24, ""p50_s"": 0.015432166999971741, ""p95_s"": 0.030015790099977836}, ""execution_s"": {""n"": 24, ""p50_s"": 0.0, ""p95_s"": 0.017457653600018785}, ""fallback_s"": {""n"": 24, ""p50_s"": 0.062612583499984, ""p95_s"": 0.08085797685000387}, ""total_s"": {""n"": 24, ""p50_s"": 1.3699110000000303, ""p95_s"": 1.8176716516999416}}",,,,,,"small serial execution subset; final includes fallback; durations only, no actual t0 for time-block inference, no imposed open arrival rate",2,24
/physical_paths/85,SoK,service,gemini,complete,experiments/EXP-020-service-chain-controls/scale-seed42/online,24,,,,,"{""observation_s"": {""n"": 24, ""p50_s"": 0.004447416500028112, ""p95_s"": 0.007408043800036522}, ""selection_s"": {""n"": 24, ""p50_s"": 1.2717188744999959, ""p95_s"": 2.602058835750014}, ""refresh_s"": {""n"": 24, ""p50_s"": 0.0, ""p95_s"": 0.020682776800049395}, ""execution_s"": {""n"": 24, ""p50_s"": 0.014835604500021304, ""p95_s"": 0.04540286685000011}, ""fallback_s"": {""n"": 24, ""p50_s"": 0.03629337500001384, ""p95_s"": 0.07683656244995729}, ""total_s"": {""n"": 24, ""p50_s"": 1.311232479499992, ""p95_s"": 2.6505237955500083}}",,,,,,"small serial execution subset; final includes fallback; durations only, no actual t0 for time-block inference, no imposed open arrival rate",3,24
/physical_paths/86,SoK,service,glm47,complete,experiments/EXP-020-service-chain-controls/scale-seed42/online,24,,,,,"{""observation_s"": {""n"": 24, ""p50_s"": 0.004628562500016642, ""p95_s"": 0.009198004499984333}, ""selection_s"": {""n"": 24, ""p50_s"": 1.9965241880000804, ""p95_s"": 7.07232611895}, ""refresh_s"": {""n"": 24, ""p50_s"": 0.02038181249999127, ""p95_s"": 0.029285685699954902}, ""execution_s"": {""n"": 24, ""p50_s"": 0.0, ""p95_s"": 0.0}, ""fallback_s"": {""n"": 24, ""p50_s"": 0.05149595800000384, ""p95_s"": 0.08561838934995478}, ""total_s"": {""n"": 24, ""p50_s"": 2.1000314375000073, ""p95_s"": 7.165757941949952}}",,,,,,"small serial execution subset; final includes fallback; durations only, no actual t0 for time-block inference, no imposed open arrival rate",0,24
/physical_paths/87,SoK,service,jev,complete,experiments/EXP-020-service-chain-controls/scale-seed42/online,24,,,,,"{""observation_s"": {""n"": 24, ""p50_s"": 0.005109375000003524, ""p95_s"": 0.011784064299968113}, ""selection_s"": {""n"": 24, ""p50_s"": 0.6365774999999871, ""p95_s"": 1.2334301535500032}, ""refresh_s"": {""n"": 24, ""p50_s"": 0.0, ""p95_s"": 0.02678381065003918}, ""execution_s"": {""n"": 24, ""p50_s"": 0.0, ""p95_s"": 0.04370972854997599}, ""fallback_s"": {""n"": 24, ""p50_s"": 0.04790331200001674, ""p95_s"": 0.06887918120003746}, ""total_s"": {""n"": 24, ""p50_s"": 0.715406270999992, ""p95_s"": 1.3177407625000128}}",,,,,,"small serial execution subset; final includes fallback; durations only, no actual t0 for time-block inference, no imposed open arrival rate",1,24
/physical_paths/88,SoK,service,per_stage,complete,experiments/EXP-020-service-chain-controls/scale-seed42/online,24,,,,,"{""observation_s"": {""n"": 24, ""p50_s"": 0.004338916499989409, ""p95_s"": 0.006561912500009725}, ""selection_s"": {""n"": 24, ""p50_s"": 6.450050000239571e-05, ""p95_s"": 0.00015391075004629327}, ""refresh_s"": {""n"": 24, ""p50_s"": 0.0, ""p95_s"": 0.0}, ""execution_s"": {""n"": 24, ""p50_s"": 0.014684292000026744, ""p95_s"": 0.027285554449994715}, ""fallback_s"": {""n"": 24, ""p50_s"": 0.008310750000006806, ""p95_s"": 0.0335822624499201}, ""total_s"": {""n"": 24, ""p50_s"": 0.03210014599997635, ""p95_s"": 0.058630223250000314}}",,,,,,"small serial execution subset; final includes fallback; durations only, no actual t0 for time-block inference, no imposed open arrival rate",12,24
/physical_paths/89,SoK,service,qwen,complete,experiments/EXP-020-service-chain-controls/scale-seed42/online,24,,,,,"{""observation_s"": {""n"": 24, ""p50_s"": 0.005024645499986491, ""p95_s"": 0.009283291850010755}, ""selection_s"": {""n"": 24, ""p50_s"": 0.25200045850002084, ""p95_s"": 0.34309125629997367}, ""refresh_s"": {""n"": 24, ""p50_s"": 0.0, ""p95_s"": 0.0}, ""execution_s"": {""n"": 24, ""p50_s"": 0.0, ""p95_s"": 0.04200694114999802}, ""fallback_s"": {""n"": 24, ""p50_s"": 0.061340395999991415, ""p95_s"": 0.07736785004998124}, ""total_s"": {""n"": 24, ""p50_s"": 0.315153228999975, ""p95_s"": 0.4288989911500351}}",,,,,,"small serial execution subset; final includes fallback; durations only, no actual t0 for time-block inference, no imposed open arrival rate",3,24
/physical_paths/90,SoK,service,rule,complete,experiments/EXP-020-service-chain-controls/scale-seed42/online,24,,,,,"{""observation_s"": {""n"": 24, ""p50_s"": 0.004881999999994946, ""p95_s"": 0.00876089199998944}, ""selection_s"": {""n"": 24, ""p50_s"": 9.841650000907975e-05, ""p95_s"": 0.0001770313000022838}, ""refresh_s"": {""n"": 24, ""p50_s"": 0.0, ""p95_s"": 0.0}, ""execution_s"": {""n"": 24, ""p50_s"": 0.018977687500012053, ""p95_s"": 0.034087951899982705}, ""fallback_s"": {""n"": 24, ""p50_s"": 0.0, ""p95_s"": 0.0}, ""total_s"": {""n"": 24, ""p50_s"": 0.024570791499968436, ""p95_s"": 0.04414701865001262}}",,,,,,"small serial execution subset; final includes fallback; durations only, no actual t0 for time-block inference, no imposed open arrival rate",24,24
/physical_paths/91,SoK,service,deepseek,disjoint,experiments/EXP-020-service-chain-controls/scale-seed42/online,24,,,,,"{""observation_s"": {""n"": 24, ""p50_s"": 0.005013770999994449, ""p95_s"": 0.01028075005000772}, ""selection_s"": {""n"": 24, ""p50_s"": 1.2986502294999696, ""p95_s"": 1.536421571300002}, ""refresh_s"": {""n"": 24, ""p50_s"": 0.017594521000013685, ""p95_s"": 0.03025338479998822}, ""execution_s"": {""n"": 24, ""p50_s"": 0.0, ""p95_s"": 0.0}, ""fallback_s"": {""n"": 24, ""p50_s"": 0.05520174999998062, ""p95_s"": 0.07302929999997972}, ""total_s"": {""n"": 24, ""p50_s"": 1.3665276040000407, ""p95_s"": 1.624428803599983}}",,,,,,"small serial execution subset; final includes fallback; durations only, no actual t0 for time-block inference, no imposed open arrival rate",0,24
/physical_paths/92,SoK,service,gemini,disjoint,experiments/EXP-020-service-chain-controls/scale-seed42/online,24,,,,,"{""observation_s"": {""n"": 24, ""p50_s"": 0.00486041650003699, ""p95_s"": 0.011209043850055875}, ""selection_s"": {""n"": 24, ""p50_s"": 1.3160682499999439, ""p95_s"": 2.386570400000053}, ""refresh_s"": {""n"": 24, ""p50_s"": 0.0, ""p95_s"": 0.02589213124999645}, ""execution_s"": {""n"": 24, ""p50_s"": 0.02108414599996422, ""p95_s"": 0.058510237500014}, ""fallback_s"": {""n"": 24, ""p50_s"": 0.031213729499967258, ""p95_s"": 0.0659816687499898}, ""total_s"": {""n"": 24, ""p50_s"": 1.3635383540000134, ""p95_s"": 2.4397704311999404}}",,,,,,"small serial execution subset; final includes fallback; durations only, no actual t0 for time-block inference, no imposed open arrival rate",9,24
/physical_paths/93,SoK,service,glm47,disjoint,experiments/EXP-020-service-chain-controls/scale-seed42/online,24,,,,,"{""observation_s"": {""n"": 24, ""p50_s"": 0.004982333500009872, ""p95_s"": 0.016911896400006995}, ""selection_s"": {""n"": 24, ""p50_s"": 2.039393084000011, ""p95_s"": 18.200922734799985}, ""refresh_s"": {""n"": 24, ""p50_s"": 0.013881187999999156, ""p95_s"": 0.03315173930005954}, ""execution_s"": {""n"": 24, ""p50_s"": 0.0, ""p95_s"": 0.0}, ""fallback_s"": {""n"": 24, ""p50_s"": 0.05896708349999358, ""p95_s"": 0.08179901239998344}, ""total_s"": {""n"": 24, ""p50_s"": 2.109253521000028, ""p95_s"": 18.29088063484998}}",,,,,,"small serial execution subset; final includes fallback; durations only, no actual t0 for time-block inference, no imposed open arrival rate",0,24
/physical_paths/94,SoK,service,jev,disjoint,experiments/EXP-020-service-chain-controls/scale-seed42/online,24,,,,,"{""observation_s"": {""n"": 24, ""p50_s"": 0.0052141460000143525, ""p95_s"": 0.009137551750012561}, ""selection_s"": {""n"": 24, ""p50_s"": 0.6054149584999777, ""p95_s"": 1.1958405054999957}, ""refresh_s"": {""n"": 24, ""p50_s"": 0.0, ""p95_s"": 0.023423328599923812}, ""execution_s"": {""n"": 24, ""p50_s"": 0.0, ""p95_s"": 0.0}, ""fallback_s"": {""n"": 24, ""p50_s"": 0.04723949999998922, ""p95_s"": 0.07616767954995111}, ""total_s"": {""n"": 24, ""p50_s"": 0.6682953330000316, ""p95_s"": 1.2752999079500027}}",,,,,,"small serial execution subset; final includes fallback; durations only, no actual t0 for time-block inference, no imposed open arrival rate",1,24
/physical_paths/95,SoK,service,per_stage,disjoint,experiments/EXP-020-service-chain-controls/scale-seed42/online,24,,,,,"{""observation_s"": {""n"": 24, ""p50_s"": 0.004164708000018891, ""p95_s"": 0.0083430186999891}, ""selection_s"": {""n"": 24, ""p50_s"": 8.349999998813473e-05, ""p95_s"": 0.0001805579500569365}, ""refresh_s"": {""n"": 24, ""p50_s"": 0.0, ""p95_s"": 0.0}, ""execution_s"": {""n"": 24, ""p50_s"": 0.017473479499955147, ""p95_s"": 0.025328337449998628}, ""fallback_s"": {""n"": 24, ""p50_s"": 0.0, ""p95_s"": 0.0}, ""total_s"": {""n"": 24, ""p50_s"": 0.021909645499988528, ""p95_s"": 0.03361785169999365}}",,,,,,"small serial execution subset; final includes fallback; durations only, no actual t0 for time-block inference, no imposed open arrival rate",24,24
/physical_paths/96,SoK,service,qwen,disjoint,experiments/EXP-020-service-chain-controls/scale-seed42/online,24,,,,,"{""observation_s"": {""n"": 24, ""p50_s"": 0.004707104000004847, ""p95_s"": 0.008230068649993427}, ""selection_s"": {""n"": 24, ""p50_s"": 0.25678825000002803, ""p95_s"": 0.3093360902500109}, ""refresh_s"": {""n"": 24, ""p50_s"": 0.0, ""p95_s"": 0.0}, ""execution_s"": {""n"": 24, ""p50_s"": 0.0, ""p95_s"": 0.015176375050037902}, ""fallback_s"": {""n"": 24, ""p50_s"": 0.04828937500002439, ""p95_s"": 0.07696402764997855}, ""total_s"": {""n"": 24, ""p50_s"": 0.31838118749999467, ""p95_s"": 0.39204578749999824}}",,,,,,"small serial execution subset; final includes fallback; durations only, no actual t0 for time-block inference, no imposed open arrival rate",1,24
/physical_paths/97,SoK,service,rule,disjoint,experiments/EXP-020-service-chain-controls/scale-seed42/online,24,,,,,"{""observation_s"": {""n"": 24, ""p50_s"": 0.004371499999990647, ""p95_s"": 0.008558610650014484}, ""selection_s"": {""n"": 24, ""p50_s"": 0.00010722950000285891, ""p95_s"": 0.00015795175000112848}, ""refresh_s"": {""n"": 24, ""p50_s"": 0.0, ""p95_s"": 0.0}, ""execution_s"": {""n"": 24, ""p50_s"": 0.01877154199999609, ""p95_s"": 0.02767238755003802}, ""fallback_s"": {""n"": 24, ""p50_s"": 0.0, ""p95_s"": 0.0}, ""total_s"": {""n"": 24, ""p50_s"": 0.023287167000006548, ""p95_s"": 0.037312795650015565}}",,,,,,"small serial execution subset; final includes fallback; durations only, no actual t0 for time-block inference, no imposed open arrival rate",24,24
/physical_paths/98,SoK,service,deepseek,public-complete,experiments/EXP-020-service-chain-controls/scale-seed42/online,24,,,,,"{""observation_s"": {""n"": 24, ""p50_s"": 0.004376499500011732, ""p95_s"": 0.01794317330002854}, ""selection_s"": {""n"": 24, ""p50_s"": 0.6504040414999395, ""p95_s"": 0.782480284849953}, ""refresh_s"": {""n"": 24, ""p50_s"": 0.0, ""p95_s"": 0.0}, ""execution_s"": {""n"": 24, ""p50_s"": 0.013874166000022115, ""p95_s"": 0.05010134820005305}, ""fallback_s"": {""n"": 24, ""p50_s"": 0.0447650414999714, ""p95_s"": 0.07415386074998763}, ""total_s"": {""n"": 24, ""p50_s"": 0.7160794374999995, ""p95_s"": 0.8640182358000175}}",,,,,,"small serial execution subset; final includes fallback; durations only, no actual t0 for time-block inference, no imposed open arrival rate",6,24
/physical_paths/99,SoK,service,gemini,public-complete,experiments/EXP-020-service-chain-controls/scale-seed42/online,24,,,,,"{""observation_s"": {""n"": 24, ""p50_s"": 0.004902270999991742, ""p95_s"": 0.007304541949969234}, ""selection_s"": {""n"": 24, ""p50_s"": 1.240885062500034, ""p95_s"": 1.4138744687500129}, ""refresh_s"": {""n"": 24, ""p50_s"": 0.0, ""p95_s"": 0.0}, ""execution_s"": {""n"": 24, ""p50_s"": 0.03101027049996219, ""p95_s"": 0.06401132954997164}, ""fallback_s"": {""n"": 24, ""p50_s"": 0.022236937500011322, ""p95_s"": 0.0452154606000029}, ""total_s"": {""n"": 24, ""p50_s"": 1.2792949795000084, ""p95_s"": 1.4618043731500023}}",,,,,,"small serial execution subset; final includes fallback; durations only, no actual t0 for time-block inference, no imposed open arrival rate",11,24
/physical_paths/100,SoK,service,glm47,public-complete,experiments/EXP-020-service-chain-controls/scale-seed42/online,24,,,,,"{""observation_s"": {""n"": 24, ""p50_s"": 0.005321729500025185, ""p95_s"": 0.008857528500024614}, ""selection_s"": {""n"": 24, ""p50_s"": 1.0639481874999888, ""p95_s"": 3.244772373199972}, ""refresh_s"": {""n"": 24, ""p50_s"": 0.0, ""p95_s"": 0.0}, ""execution_s"": {""n"": 24, ""p50_s"": 0.03654935450001062, ""p95_s"": 0.07002357489999154}, ""fallback_s"": {""n"": 24, ""p50_s"": 0.030295104499998615, ""p95_s"": 0.05817083125002111}, ""total_s"": {""n"": 24, ""p50_s"": 1.132414625000024, ""p95_s"": 3.3105281187000166}}",,,,,,"small serial execution subset; final includes fallback; durations only, no actual t0 for time-block inference, no imposed open arrival rate",7,24
/physical_paths/101,SoK,service,jev,public-complete,experiments/EXP-020-service-chain-controls/scale-seed42/online,24,,,,,"{""observation_s"": {""n"": 24, ""p50_s"": 0.004310208999982024, ""p95_s"": 0.006745284000022877}, ""selection_s"": {""n"": 24, ""p50_s"": 0.5616985205000447, ""p95_s"": 0.6953025231000168}, ""refresh_s"": {""n"": 24, ""p50_s"": 0.0, ""p95_s"": 0.0}, ""execution_s"": {""n"": 24, ""p50_s"": 0.028917104500010282, ""p95_s"": 0.055190745549987236}, ""fallback_s"": {""n"": 24, ""p50_s"": 0.031925145999991855, ""p95_s"": 0.05675578125000981}, ""total_s"": {""n"": 24, ""p50_s"": 0.6314995625000108, ""p95_s"": 0.7659287232500048}}",,,,,,"small serial execution subset; final includes fallback; durations only, no actual t0 for time-block inference, no imposed open arrival rate",8,24
/physical_paths/102,SoK,service,per_stage,public-complete,experiments/EXP-020-service-chain-controls/scale-seed42/online,24,,,,,"{""observation_s"": {""n"": 24, ""p50_s"": 0.005597832999995944, ""p95_s"": 0.009148885699988795}, ""selection_s"": {""n"": 24, ""p50_s"": 0.00011220849998494486, ""p95_s"": 0.000389137499968228}, ""refresh_s"": {""n"": 24, ""p50_s"": 0.0, ""p95_s"": 0.0}, ""execution_s"": {""n"": 24, ""p50_s"": 0.01563837449998573, ""p95_s"": 0.04180072679999965}, ""fallback_s"": {""n"": 24, ""p50_s"": 0.007894187499999816, ""p95_s"": 0.038137998249965215}, ""total_s"": {""n"": 24, ""p50_s"": 0.04297810449997996, ""p95_s"": 0.0687972937500234}}",,,,,,"small serial execution subset; final includes fallback; durations only, no actual t0 for time-block inference, no imposed open arrival rate",12,24
/physical_paths/103,SoK,service,qwen,public-complete,experiments/EXP-020-service-chain-controls/scale-seed42/online,24,,,,,"{""observation_s"": {""n"": 24, ""p50_s"": 0.004179125000007389, ""p95_s"": 0.007170114350043375}, ""selection_s"": {""n"": 24, ""p50_s"": 0.3189549374999672, ""p95_s"": 0.40374121429994425}, ""refresh_s"": {""n"": 24, ""p50_s"": 0.0, ""p95_s"": 0.0}, ""execution_s"": {""n"": 24, ""p50_s"": 0.021318291500008968, ""p95_s"": 0.04833202509997249}, ""fallback_s"": {""n"": 24, ""p50_s"": 0.03999087500000087, ""p95_s"": 0.06505707775001922}, ""total_s"": {""n"": 24, ""p50_s"": 0.39460731250002823, ""p95_s"": 0.48694855619998934}}",,,,,,"small serial execution subset; final includes fallback; durations only, no actual t0 for time-block inference, no imposed open arrival rate",6,24
/physical_paths/104,SoK,service,rule,public-complete,experiments/EXP-020-service-chain-controls/scale-seed42/online,24,,,,,"{""observation_s"": {""n"": 24, ""p50_s"": 0.005607582999971328, ""p95_s"": 0.011787820500000552}, ""selection_s"": {""n"": 24, ""p50_s"": 0.00011402099997326332, ""p95_s"": 0.0002047714499553876}, ""refresh_s"": {""n"": 24, ""p50_s"": 0.0, ""p95_s"": 0.0}, ""execution_s"": {""n"": 24, ""p50_s"": 0.018581896000007703, ""p95_s"": 0.02693791244999204}, ""fallback_s"": {""n"": 24, ""p50_s"": 0.0, ""p95_s"": 0.0}, ""total_s"": {""n"": 24, ""p50_s"": 0.025584312500029682, ""p95_s"": 0.04120840804995679}}",,,,,,"small serial execution subset; final includes fallback; durations only, no actual t0 for time-block inference, no imposed open arrival rate",24,24
/physical_paths/105,SoK,service,deepseek,public-disjoint,experiments/EXP-020-service-chain-controls/scale-seed42/online,24,,,,,"{""observation_s"": {""n"": 24, ""p50_s"": 0.004364187000021502, ""p95_s"": 0.009839103600072003}, ""selection_s"": {""n"": 24, ""p50_s"": 0.6270588959999657, ""p95_s"": 0.8169879313000094}, ""refresh_s"": {""n"": 24, ""p50_s"": 0.0, ""p95_s"": 0.0}, ""execution_s"": {""n"": 24, ""p50_s"": 0.0, ""p95_s"": 0.038855818749992416}, ""fallback_s"": {""n"": 24, ""p50_s"": 0.049886166500002105, ""p95_s"": 0.07372364369995807}, ""total_s"": {""n"": 24, ""p50_s"": 0.6910021039999918, ""p95_s"": 0.8714347355999961}}",,,,,,"small serial execution subset; final includes fallback; durations only, no actual t0 for time-block inference, no imposed open arrival rate",2,24
/physical_paths/106,SoK,service,gemini,public-disjoint,experiments/EXP-020-service-chain-controls/scale-seed42/online,24,,,,,"{""observation_s"": {""n"": 24, ""p50_s"": 0.004841354000006959, ""p95_s"": 0.011348470499979151}, ""selection_s"": {""n"": 24, ""p50_s"": 1.140442249500012, ""p95_s"": 1.40393010814999}, ""refresh_s"": {""n"": 24, ""p50_s"": 0.0, ""p95_s"": 0.0}, ""execution_s"": {""n"": 24, ""p50_s"": 0.030669458500028668, ""p95_s"": 0.0562676268999553}, ""fallback_s"": {""n"": 24, ""p50_s"": 0.0, ""p95_s"": 0.05856201245001384}, ""total_s"": {""n"": 24, ""p50_s"": 1.2151364795000177, ""p95_s"": 1.4700327812500118}}",,,,,,"small serial execution subset; final includes fallback; durations only, no actual t0 for time-block inference, no imposed open arrival rate",13,24
/physical_paths/107,SoK,service,glm47,public-disjoint,experiments/EXP-020-service-chain-controls/scale-seed42/online,24,,,,,"{""observation_s"": {""n"": 24, ""p50_s"": 0.004768187000024682, ""p95_s"": 0.01659485359999875}, ""selection_s"": {""n"": 24, ""p50_s"": 1.0400856460000227, ""p95_s"": 6.350344029549987}, ""refresh_s"": {""n"": 24, ""p50_s"": 0.0, ""p95_s"": 0.0}, ""execution_s"": {""n"": 24, ""p50_s"": 0.02172431300002131, ""p95_s"": 0.07185297690004401}, ""fallback_s"": {""n"": 24, ""p50_s"": 0.03493154200000248, ""p95_s"": 0.06256651254999211}, ""total_s"": {""n"": 24, ""p50_s"": 1.1407571249999648, ""p95_s"": 6.419764087499995}}",,,,,,"small serial execution subset; final includes fallback; durations only, no actual t0 for time-block inference, no imposed open arrival rate",7,24
/physical_paths/108,SoK,service,jev,public-disjoint,experiments/EXP-020-service-chain-controls/scale-seed42/online,24,,,,,"{""observation_s"": {""n"": 24, ""p50_s"": 0.004222062500019774, ""p95_s"": 0.009772385699996987}, ""selection_s"": {""n"": 24, ""p50_s"": 0.5675899165000402, ""p95_s"": 0.6829743606500003}, ""refresh_s"": {""n"": 24, ""p50_s"": 0.0, ""p95_s"": 0.0}, ""execution_s"": {""n"": 24, ""p50_s"": 0.020323646000008466, ""p95_s"": 0.06344015984999983}, ""fallback_s"": {""n"": 24, ""p50_s"": 0.035428728999988834, ""p95_s"": 0.07146695804999792}, ""total_s"": {""n"": 24, ""p50_s"": 0.6260260620000224, ""p95_s"": 0.743794137500015}}",,,,,,"small serial execution subset; final includes fallback; durations only, no actual t0 for time-block inference, no imposed open arrival rate",9,24
/physical_paths/109,SoK,service,per_stage,public-disjoint,experiments/EXP-020-service-chain-controls/scale-seed42/online,24,,,,,"{""observation_s"": {""n"": 24, ""p50_s"": 0.004452395499981776, ""p95_s"": 0.0087819999999823}, ""selection_s"": {""n"": 24, ""p50_s"": 9.585399999423316e-05, ""p95_s"": 0.0002055329499981439}, ""refresh_s"": {""n"": 24, ""p50_s"": 0.0, ""p95_s"": 0.0}, ""execution_s"": {""n"": 24, ""p50_s"": 0.01906337500000177, ""p95_s"": 0.026472890050001745}, ""fallback_s"": {""n"": 24, ""p50_s"": 0.0, ""p95_s"": 0.0}, ""total_s"": {""n"": 24, ""p50_s"": 0.02459539549998624, ""p95_s"": 0.03393231684996749}}",,,,,,"small serial execution subset; final includes fallback; durations only, no actual t0 for time-block inference, no imposed open arrival rate",24,24
/physical_paths/110,SoK,service,qwen,public-disjoint,experiments/EXP-020-service-chain-controls/scale-seed42/online,24,,,,,"{""observation_s"": {""n"": 24, ""p50_s"": 0.004724750000036693, ""p95_s"": 0.011292093649975847}, ""selection_s"": {""n"": 24, ""p50_s"": 0.3201796459999855, ""p95_s"": 0.38256882944999654}, ""refresh_s"": {""n"": 24, ""p50_s"": 0.0, ""p95_s"": 0.0}, ""execution_s"": {""n"": 24, ""p50_s"": 0.0, ""p95_s"": 0.04270673130001225}, ""fallback_s"": {""n"": 24, ""p50_s"": 0.05316914599998768, ""p95_s"": 0.07454272679997871}, ""total_s"": {""n"": 24, ""p50_s"": 0.3873016244999974, ""p95_s"": 0.456974523149983}}",,,,,,"small serial execution subset; final includes fallback; durations only, no actual t0 for time-block inference, no imposed open arrival rate",3,24
/physical_paths/111,SoK,service,rule,public-disjoint,experiments/EXP-020-service-chain-controls/scale-seed42/online,24,,,,,"{""observation_s"": {""n"": 24, ""p50_s"": 0.004762228999993567, ""p95_s"": 0.00841197950006176}, ""selection_s"": {""n"": 24, ""p50_s"": 0.00012112499996419501, ""p95_s"": 0.00027862145001336083}, ""refresh_s"": {""n"": 24, ""p50_s"": 0.0, ""p95_s"": 0.0}, ""execution_s"": {""n"": 24, ""p50_s"": 0.018752916999972058, ""p95_s"": 0.042341690200012716}, ""fallback_s"": {""n"": 24, ""p50_s"": 0.0, ""p95_s"": 0.0}, ""total_s"": {""n"": 24, ""p50_s"": 0.0246764375000339, ""p95_s"": 0.05117049185002426}}",,,,,,"small serial execution subset; final includes fallback; durations only, no actual t0 for time-block inference, no imposed open arrival rate",24,24
/physical_paths/112,SoK,service,deepseek,stale,experiments/EXP-020-service-chain-controls/scale-seed42/online,24,,,,,"{""observation_s"": {""n"": 24, ""p50_s"": 0.005054312000012828, ""p95_s"": 0.007890223199950695}, ""selection_s"": {""n"": 24, ""p50_s"": 1.3254563334999858, ""p95_s"": 1.582976973099997}, ""refresh_s"": {""n"": 24, ""p50_s"": 0.019310708000034538, ""p95_s"": 0.028974171350021293}, ""execution_s"": {""n"": 24, ""p50_s"": 0.0, ""p95_s"": 0.0}, ""fallback_s"": {""n"": 24, ""p50_s"": 0.04900737449997905, ""p95_s"": 0.077812300049991}, ""total_s"": {""n"": 24, ""p50_s"": 1.3961783119999893, ""p95_s"": 1.6869610643999946}}",,,,,,"small serial execution subset; final includes fallback; durations only, no actual t0 for time-block inference, no imposed open arrival rate",1,24
/physical_paths/113,SoK,service,gemini,stale,experiments/EXP-020-service-chain-controls/scale-seed42/online,24,,,,,"{""observation_s"": {""n"": 24, ""p50_s"": 0.004783791499988865, ""p95_s"": 0.007016851800013058}, ""selection_s"": {""n"": 24, ""p50_s"": 2.3895013755000605, ""p95_s"": 2.6772271330999327}, ""refresh_s"": {""n"": 24, ""p50_s"": 0.01701049999999782, ""p95_s"": 0.02908876249993568}, ""execution_s"": {""n"": 24, ""p50_s"": 0.0251542704999963, ""p95_s"": 0.05470736514996019}, ""fallback_s"": {""n"": 24, ""p50_s"": 0.03510462499997402, ""p95_s"": 0.07839633310001658}, ""total_s"": {""n"": 24, ""p50_s"": 2.4614606874999936, ""p95_s"": 2.785855204499978}}",,,,,,"small serial execution subset; final includes fallback; durations only, no actual t0 for time-block inference, no imposed open arrival rate",3,24
/physical_paths/114,SoK,service,glm47,stale,experiments/EXP-020-service-chain-controls/scale-seed42/online,24,,,,,"{""observation_s"": {""n"": 24, ""p50_s"": 0.0045579375000084354, ""p95_s"": 0.00862288390000687}, ""selection_s"": {""n"": 24, ""p50_s"": 2.164599750000008, ""p95_s"": 20.101252229399915}, ""refresh_s"": {""n"": 24, ""p50_s"": 0.018756791500038617, ""p95_s"": 0.02811624994997714}, ""execution_s"": {""n"": 24, ""p50_s"": 0.0, ""p95_s"": 0.0}, ""fallback_s"": {""n"": 24, ""p50_s"": 0.05760437499998172, ""p95_s"": 0.08902195900001005}, ""total_s"": {""n"": 24, ""p50_s"": 2.234537500000002, ""p95_s"": 20.23356778479996}}",,,,,,"small serial execution subset; final includes fallback; durations only, no actual t0 for time-block inference, no imposed open arrival rate",0,24
/physical_paths/115,SoK,service,jev,stale,experiments/EXP-020-service-chain-controls/scale-seed42/online,24,,,,,"{""observation_s"": {""n"": 24, ""p50_s"": 0.005375291999968113, ""p95_s"": 0.008424762549975637}, ""selection_s"": {""n"": 24, ""p50_s"": 1.1507508335000693, ""p95_s"": 1.3686705643500188}, ""refresh_s"": {""n"": 24, ""p50_s"": 0.016910333000012656, ""p95_s"": 0.023643975049998288}, ""execution_s"": {""n"": 24, ""p50_s"": 0.0, ""p95_s"": 0.03904542320001951}, ""fallback_s"": {""n"": 24, ""p50_s"": 0.04325177100000133, ""p95_s"": 0.06986235994996405}, ""total_s"": {""n"": 24, ""p50_s"": 1.2516278125000326, ""p95_s"": 1.4429997169999884}}",,,,,,"small serial execution subset; final includes fallback; durations only, no actual t0 for time-block inference, no imposed open arrival rate",2,24
/physical_paths/116,SoK,service,per_stage,stale,experiments/EXP-020-service-chain-controls/scale-seed42/online,24,,,,,"{""observation_s"": {""n"": 24, ""p50_s"": 0.005142853999984709, ""p95_s"": 0.008287426800005446}, ""selection_s"": {""n"": 24, ""p50_s"": 0.00018727049992151024, ""p95_s"": 0.00033604810000014134}, ""refresh_s"": {""n"": 24, ""p50_s"": 0.004492125000012948, ""p95_s"": 0.008059568650016046}, ""execution_s"": {""n"": 24, ""p50_s"": 0.01460808349997933, ""p95_s"": 0.02427459550000392}, ""fallback_s"": {""n"": 24, ""p50_s"": 0.008884958500004814, ""p95_s"": 0.04054310180000725}, ""total_s"": {""n"": 24, ""p50_s"": 0.0371798335000193, ""p95_s"": 0.06506585440002084}}",,,,,,"small serial execution subset; final includes fallback; durations only, no actual t0 for time-block inference, no imposed open arrival rate",12,24
/physical_paths/117,SoK,service,qwen,stale,experiments/EXP-020-service-chain-controls/scale-seed42/online,24,,,,,"{""observation_s"": {""n"": 24, ""p50_s"": 0.00490243800004464, ""p95_s"": 0.00912107495004761}, ""selection_s"": {""n"": 24, ""p50_s"": 0.24311883350000585, ""p95_s"": 0.32007556080003496}, ""refresh_s"": {""n"": 24, ""p50_s"": 0.0, ""p95_s"": 0.0}, ""execution_s"": {""n"": 24, ""p50_s"": 0.0, ""p95_s"": 0.0}, ""fallback_s"": {""n"": 24, ""p50_s"": 0.053401437499985605, ""p95_s"": 0.07236327944999629}, ""total_s"": {""n"": 24, ""p50_s"": 0.31402668750000373, ""p95_s"": 0.3880135206499517}}",,,,,,"small serial execution subset; final includes fallback; durations only, no actual t0 for time-block inference, no imposed open arrival rate",0,24
/physical_paths/118,SoK,service,rule,stale,experiments/EXP-020-service-chain-controls/scale-seed42/online,24,,,,,"{""observation_s"": {""n"": 24, ""p50_s"": 0.0046171875000027285, ""p95_s"": 0.008680708900027409}, ""selection_s"": {""n"": 24, ""p50_s"": 0.0001506664999553209, ""p95_s"": 0.000297937449948904}, ""refresh_s"": {""n"": 24, ""p50_s"": 0.0048838129999921875, ""p95_s"": 0.007078039199996056}, ""execution_s"": {""n"": 24, ""p50_s"": 0.019461666999973204, ""p95_s"": 0.031689121400017936}, ""fallback_s"": {""n"": 24, ""p50_s"": 0.0, ""p95_s"": 0.0}, ""total_s"": {""n"": 24, ""p50_s"": 0.03006360449998624, ""p95_s"": 0.050231756250019535}}",,,,,,"small serial execution subset; final includes fallback; durations only, no actual t0 for time-block inference, no imposed open arrival rate",24,24
/physical_paths/119,SoK,route,deepseek,absent,experiments/EXP-021-route-generalization/holdout-seed42/online,24,,,,,"{""observation_s"": {""n"": 24, ""p50_s"": 0.08437449999999558, ""p95_s"": 0.1296335419500295}, ""selection_s"": {""n"": 24, ""p50_s"": 0.7735704169999877, ""p95_s"": 1.1025078462999915}, ""refresh_s"": {""n"": 24, ""p50_s"": 0.1054244375000053, ""p95_s"": 0.14439198315000185}, ""execution_s"": {""n"": 24, ""p50_s"": 0.12356718749998663, ""p95_s"": 0.14653329194998432}, ""fallback_s"": {""n"": 24, ""p50_s"": 0.16041981249998116, ""p95_s"": 0.2132695330500212}, ""canary_s"": {""n"": 24, ""p50_s"": 0.08718706249999775, ""p95_s"": 0.107196168650011}, ""total_s"": {""n"": 24, ""p50_s"": 1.2124126454999953, ""p95_s"": 1.9919578329500074}}",,,,,,"small serial execution subset; final includes fallback; durations only, no actual t0 for time-block inference, no imposed open arrival rate",10,24
/physical_paths/120,SoK,route,gemini,absent,experiments/EXP-021-route-generalization/holdout-seed42/online,24,,,,,"{""observation_s"": {""n"": 24, ""p50_s"": 0.0826832709999934, ""p95_s"": 0.1218110732499909}, ""selection_s"": {""n"": 24, ""p50_s"": 1.1278984160000078, ""p95_s"": 2.0800134580500638}, ""refresh_s"": {""n"": 24, ""p50_s"": 0.0, ""p95_s"": 0.147265529400029}, ""execution_s"": {""n"": 24, ""p50_s"": 0.12677460400000484, ""p95_s"": 0.14600614025000133}, ""fallback_s"": {""n"": 24, ""p50_s"": 0.1688908125000026, ""p95_s"": 0.2051729106999829}, ""canary_s"": {""n"": 24, ""p50_s"": 0.08548447900000156, ""p95_s"": 0.10690781430001406}, ""total_s"": {""n"": 24, ""p50_s"": 1.587841874999981, ""p95_s"": 2.543614841950003}}",,,,,,"small serial execution subset; final includes fallback; durations only, no actual t0 for time-block inference, no imposed open arrival rate",8,24
/physical_paths/121,SoK,route,glm47,absent,experiments/EXP-021-route-generalization/holdout-seed42/online,24,,,,,"{""observation_s"": {""n"": 24, ""p50_s"": 0.08233170849999283, ""p95_s"": 0.09169987849997908}, ""selection_s"": {""n"": 24, ""p50_s"": 1.6787304794999969, ""p95_s"": 12.335104306299995}, ""refresh_s"": {""n"": 24, ""p50_s"": 0.13269335450000597, ""p95_s"": 0.2881830161499719}, ""execution_s"": {""n"": 24, ""p50_s"": 0.0, ""p95_s"": 0.14207631605000226}, ""fallback_s"": {""n"": 24, ""p50_s"": 0.21675370849999887, ""p95_s"": 0.32385456435001014}, ""canary_s"": {""n"": 24, ""p50_s"": 0.08702018750002694, ""p95_s"": 0.11602865009999587}, ""total_s"": {""n"": 24, ""p50_s"": 2.2754338749999974, ""p95_s"": 13.169976468749997}}",,,,,,"small serial execution subset; final includes fallback; durations only, no actual t0 for time-block inference, no imposed open arrival rate",1,24
/physical_paths/122,SoK,route,jev,absent,experiments/EXP-021-route-generalization/holdout-seed42/online,24,,,,,"{""observation_s"": {""n"": 24, ""p50_s"": 0.08443116700001241, ""p95_s"": 0.0963475036000041}, ""selection_s"": {""n"": 24, ""p50_s"": 0.36015527099999645, ""p95_s"": 0.41883657139999914}, ""refresh_s"": {""n"": 24, ""p50_s"": 0.0, ""p95_s"": 0.0}, ""execution_s"": {""n"": 24, ""p50_s"": 0.12728660400000535, ""p95_s"": 0.15025541250000155}, ""fallback_s"": {""n"": 24, ""p50_s"": 0.17478043750000083, ""p95_s"": 0.21496301874999446}, ""canary_s"": {""n"": 24, ""p50_s"": 0.08233743750000144, ""p95_s"": 0.10180667940000028}, ""total_s"": {""n"": 24, ""p50_s"": 0.8331799579999881, ""p95_s"": 0.9577332848499999}}",,,,,,"small serial execution subset; final includes fallback; durations only, no actual t0 for time-block inference, no imposed open arrival rate",0,24
/physical_paths/123,SoK,route,qwen,absent,experiments/EXP-021-route-generalization/holdout-seed42/online,24,,,,,"{""observation_s"": {""n"": 24, ""p50_s"": 0.0817625210000017, ""p95_s"": 0.10727098939999563}, ""selection_s"": {""n"": 24, ""p50_s"": 0.3561506875000191, ""p95_s"": 0.44194443919999743}, ""refresh_s"": {""n"": 24, ""p50_s"": 0.0, ""p95_s"": 0.0}, ""execution_s"": {""n"": 24, ""p50_s"": 0.12670954199998619, ""p95_s"": 0.14092554199998625}, ""fallback_s"": {""n"": 24, ""p50_s"": 0.17436081249999802, ""p95_s"": 0.19259462494999866}, ""canary_s"": {""n"": 24, ""p50_s"": 0.08266210399999352, ""p95_s"": 0.11434789365001592}, ""total_s"": {""n"": 24, ""p50_s"": 0.8397955204999903, ""p95_s"": 0.952158585700019}}",,,,,,"small serial execution subset; final includes fallback; durations only, no actual t0 for time-block inference, no imposed open arrival rate",0,24
/physical_paths/124,SoK,route,rule,absent,experiments/EXP-021-route-generalization/holdout-seed42/online,24,,,,,"{""observation_s"": {""n"": 24, ""p50_s"": 0.08451699950001057, ""p95_s"": 0.10097655434999768}, ""selection_s"": {""n"": 24, ""p50_s"": 0.00016191599999615391, ""p95_s"": 0.00022906079999813754}, ""refresh_s"": {""n"": 24, ""p50_s"": 0.08353602100002178, ""p95_s"": 0.09752242935001333}, ""execution_s"": {""n"": 24, ""p50_s"": 0.08463745849998361, ""p95_s"": 0.1081656982499595}, ""fallback_s"": {""n"": 24, ""p50_s"": 0.0, ""p95_s"": 0.0}, ""canary_s"": {""n"": 24, ""p50_s"": 0.08182964549997962, ""p95_s"": 0.10296119385002067}, ""total_s"": {""n"": 24, ""p50_s"": 0.33933989550000376, ""p95_s"": 0.3803388748999755}}",,,,,,"small serial execution subset; final includes fallback; durations only, no actual t0 for time-block inference, no imposed open arrival rate",24,24
/physical_paths/125,SoK,route,deepseek,present,experiments/EXP-021-route-generalization/holdout-seed42/online,24,,,,,"{""observation_s"": {""n"": 24, ""p50_s"": 0.08051693750000055, ""p95_s"": 0.10494347239998801}, ""selection_s"": {""n"": 24, ""p50_s"": 0.4600778960000014, ""p95_s"": 0.8874515340999934}, ""refresh_s"": {""n"": 24, ""p50_s"": 0.0, ""p95_s"": 0.13308168119999592}, ""execution_s"": {""n"": 24, ""p50_s"": 0.1144648959999941, ""p95_s"": 0.13934931684998447}, ""fallback_s"": {""n"": 24, ""p50_s"": 0.0, ""p95_s"": 0.22159593749996984}, ""canary_s"": {""n"": 24, ""p50_s"": 0.08465193800000748, ""p95_s"": 0.1064237589000143}, ""total_s"": {""n"": 24, ""p50_s"": 0.7361536459999911, ""p95_s"": 1.4200883088999907}}",,,,,,"small serial execution subset; final includes fallback; durations only, no actual t0 for time-block inference, no imposed open arrival rate",19,24
/physical_paths/126,SoK,route,gemini,present,experiments/EXP-021-route-generalization/holdout-seed42/online,24,,,,,"{""observation_s"": {""n"": 24, ""p50_s"": 0.08523777050000092, ""p95_s"": 0.10119817145000559}, ""selection_s"": {""n"": 24, ""p50_s"": 0.9906804999999963, ""p95_s"": 1.9084711491499617}, ""refresh_s"": {""n"": 24, ""p50_s"": 0.0, ""p95_s"": 0.09626997320000871}, ""execution_s"": {""n"": 24, ""p50_s"": 0.12889995849999636, ""p95_s"": 0.16887938560000748}, ""fallback_s"": {""n"": 24, ""p50_s"": 0.0, ""p95_s"": 0.2026448938499896}, ""canary_s"": {""n"": 24, ""p50_s"": 0.08908991600000604, ""p95_s"": 0.11193080894999098}, ""total_s"": {""n"": 24, ""p50_s"": 1.3426779169999952, ""p95_s"": 2.383957154500005}}",,,,,,"small serial execution subset; final includes fallback; durations only, no actual t0 for time-block inference, no imposed open arrival rate",21,24
/physical_paths/127,SoK,route,glm47,present,experiments/EXP-021-route-generalization/holdout-seed42/online,24,,,,,"{""observation_s"": {""n"": 24, ""p50_s"": 0.08604181300000846, ""p95_s"": 0.10727193754999362}, ""selection_s"": {""n"": 24, ""p50_s"": 1.6982719579999923, ""p95_s"": 9.616169595650039}, ""refresh_s"": {""n"": 24, ""p50_s"": 0.12107666700000408, ""p95_s"": 0.27758661690000785}, ""execution_s"": {""n"": 24, ""p50_s"": 0.0, ""p95_s"": 0.14079157059999747}, ""fallback_s"": {""n"": 24, ""p50_s"": 0.22114654099998887, ""p95_s"": 0.30053476689999736}, ""canary_s"": {""n"": 24, ""p50_s"": 0.08604645849999315, ""p95_s"": 0.10188192939999433}, ""total_s"": {""n"": 24, ""p50_s"": 2.2299118954999955, ""p95_s"": 10.464881166950002}}",,,,,,"small serial execution subset; final includes fallback; durations only, no actual t0 for time-block inference, no imposed open arrival rate",3,24
/physical_paths/128,SoK,route,jev,present,experiments/EXP-021-route-generalization/holdout-seed42/online,24,,,,,"{""observation_s"": {""n"": 24, ""p50_s"": 0.08495022900001459, ""p95_s"": 0.0979900455500033}, ""selection_s"": {""n"": 24, ""p50_s"": 0.3829925000000003, ""p95_s"": 0.4610247481999749}, ""refresh_s"": {""n"": 24, ""p50_s"": 0.0, ""p95_s"": 0.0}, ""execution_s"": {""n"": 24, ""p50_s"": 0.12406606249999541, ""p95_s"": 0.14042103125000124}, ""fallback_s"": {""n"": 24, ""p50_s"": 0.0, ""p95_s"": 0.1403005401500163}, ""canary_s"": {""n"": 24, ""p50_s"": 0.08690312500001696, ""p95_s"": 0.10670883754998925}, ""total_s"": {""n"": 24, ""p50_s"": 0.6864626459999892, ""p95_s"": 0.7726715901999952}}",,,,,,"small serial execution subset; final includes fallback; durations only, no actual t0 for time-block inference, no imposed open arrival rate",22,24
/physical_paths/129,SoK,route,qwen,present,experiments/EXP-021-route-generalization/holdout-seed42/online,24,,,,,"{""observation_s"": {""n"": 24, ""p50_s"": 0.0850930419999969, ""p95_s"": 0.12633124024999343}, ""selection_s"": {""n"": 24, ""p50_s"": 0.3549390624999944, ""p95_s"": 0.43764429819999434}, ""refresh_s"": {""n"": 24, ""p50_s"": 0.0, ""p95_s"": 0.0}, ""execution_s"": {""n"": 24, ""p50_s"": 0.12732343749999586, ""p95_s"": 0.14576753380000865}, ""fallback_s"": {""n"": 24, ""p50_s"": 0.0, ""p95_s"": 0.1722545357500053}, ""canary_s"": {""n"": 24, ""p50_s"": 0.0855044794999884, ""p95_s"": 0.1194866402500139}, ""total_s"": {""n"": 24, ""p50_s"": 0.7527184169999996, ""p95_s"": 0.8672056499499903}}",,,,,,"small serial execution subset; final includes fallback; durations only, no actual t0 for time-block inference, no imposed open arrival rate",14,24
/physical_paths/130,SoK,route,rule,present,experiments/EXP-021-route-generalization/holdout-seed42/online,24,,,,,"{""observation_s"": {""n"": 24, ""p50_s"": 0.08261143750000599, ""p95_s"": 0.09666212234999987}, ""selection_s"": {""n"": 24, ""p50_s"": 0.00010777099999614848, ""p95_s"": 0.00016444645000035507}, ""refresh_s"": {""n"": 24, ""p50_s"": 0.0, ""p95_s"": 0.0}, ""execution_s"": {""n"": 24, ""p50_s"": 0.08039585350000422, ""p95_s"": 0.09737706245000054}, ""fallback_s"": {""n"": 24, ""p50_s"": 0.0, ""p95_s"": 0.0}, ""canary_s"": {""n"": 24, ""p50_s"": 0.08367699999998912, ""p95_s"": 0.09750560804999679}, ""total_s"": {""n"": 24, ""p50_s"": 0.2490688540000292, ""p95_s"": 0.2887388204500062}}",,,,,,"small serial execution subset; final includes fallback; durations only, no actual t0 for time-block inference, no imposed open arrival rate",24,24
